sample_id,dataset_source,orig_split,split,img_path,ann_path,width,height,ann_width,ann_height,channels,aspect_ratio,is_positive,num_objects,classes,primary_class,defect_area_px,relative_defect_area_pct,num_components,largest_component_px,component_areas,size_category,boundary_perimeter_px,bbox_x1,bbox_y1,bbox_x2,bbox_y2,integrity_status,exported
ksdd2_20003,KolektorSDD2,test,test,KolektorSDD2/test/img/20003.png,KolektorSDD2/test/ann/20003.png.json,229,636,229,636,3,0.3601,False,0,none,none,0,0.0,0,0,,Negative,0.0,,,,,OK,False
ksdd2_20004,KolektorSDD2,test,test,KolektorSDD2/test/img/20004.png,KolektorSDD2/test/ann/20004.png.json,230,632,230,632,3,0.3639,False,0,none,none,0,0.0,0,0,,Negative,0.0,,,,,OK,False
ksdd2_20005,KolektorSDD2,test,test,KolektorSDD2/test/img/20005.png,KolektorSDD2/test/ann/20005.png.json,229,638,229,638,3,0.3589,False,0,none,none,0,0.0,0,0,,Negative,0.0,,,,,OK,False
ksdd2_20007,KolektorSDD2,test,test,KolektorSDD2/test/img/20007.png,KolektorSDD2/test/ann/20007.png.json,229,626,229,626,3,0.3658,False,0,none,none,0,0.0,0,0,,Negative,0.0,,,,,OK,False
ksdd2_20008,KolektorSDD2,test,test,KolektorSDD2/test/img/20008.png,KolektorSDD2/test/ann/20008.png.json,229,639,229,639,3,0.3584,False,0,none,none,0,0.0,0,0,,Negative,0.0,,,,,OK,False
ksdd2_20010,KolektorSDD2,test,test,KolektorSDD2/test/img/20010.png,KolektorSDD2/test/ann/20010.png.json,230,635,230,635,3,0.3622,False,0,none,none,0,0.0,0,0,,Negative,0.0,,,,,OK,False
ksdd2_20011,KolektorSDD2,test,test,KolektorSDD2/test/img/20011.png,KolektorSDD2/test/ann/20011.png.json,230,645,230,645,3,0.3566,False,0,none,none,0,0.0,0,0,,Negative,0.0,,,,,OK,False
ksdd2_20012,KolektorSDD2,test,test,KolektorSDD2/test/img/20012.png,KolektorSDD2/test/ann/20012.png.json,231,642,231,642,3,0.3598,False,0,none,none,0,0.0,0,0,,Negative,0.0,,,,,OK,False
ksdd2_20014,KolektorSDD2,test,test,KolektorSDD2/test/img/20014.png,KolektorSDD2/test/ann/20014.png.json,229,633,229,633,3,0.3618,False,0,none,none,0,0.0,0,0,,Negative,0.0,,,,,OK,False
ksdd2_20015,KolektorSDD2,test,test,KolektorSDD2/test/img/20015.png,KolektorSDD2/test/ann/20015.png.json,229,624,229,624,3,0.367,False,0,none,none,0,0.0,0,0,,Negative,0.0,,,,,OK,False
ksdd2_20016,KolektorSDD2,test,test,KolektorSDD2/test/img/20016.png,KolektorSDD2/test/ann/20016.png.json,231,640,231,640,3,0.3609,False,0,none,none,0,0.0,0,0,,Negative,0.0,,,,,OK,False
ksdd2_20017,KolektorSDD2,test,test,KolektorSDD2/test/img/20017.png,KolektorSDD2/test/ann/20017.png.json,215,639,215,639,3,0.3365,False,0,none,none,0,0.0,0,0,,Negative,0.0,,,,,OK,False
ksdd2_20019,KolektorSDD2,test,test,KolektorSDD2/test/img/20019.png,KolektorSDD2/test/ann/20019.png.json,229,642,229,642,3,0.3567,False,0,none,none,0,0.0,0,0,,Negative,0.0,,,,,OK,False
ksdd2_20020,KolektorSDD2,test,test,KolektorSDD2/test/img/20020.png,KolektorSDD2/test/ann/20020.png.json,226,636,226,636,3,0.3553,False,0,none,none,0,0.0,0,0,,Negative,0.0,,,,,OK,False
ksdd2_20021,KolektorSDD2,test,test,KolektorSDD2/test/img/20021.png,KolektorSDD2/test/ann/20021.png.json,229,638,229,638,3,0.3589,False,0,none,none,0,0.0,0,0,,Negative,0.0,,,,,OK,False
ksdd2_20023,KolektorSDD2,test,test,KolektorSDD2/test/img/20023.png,KolektorSDD2/test/ann/20023.png.json,230,633,230,633,3,0.3633,False,0,none,none,0,0.0,0,0,,Negative,0.0,,,,,OK,False
ksdd2_20024,KolektorSDD2,test,test,KolektorSDD2/test/img/20024.png,KolektorSDD2/test/ann/20024.png.json,210,647,210,647,3,0.3246,False,0,none,none,0,0.0,0,0,,Negative,0.0,,,,,OK,False
ksdd2_20027,KolektorSDD2,test,test,KolektorSDD2/test/img/20027.png,KolektorSDD2/test/ann/20027.png.json,230,638,230,638,3,0.3605,False,0,none,none,0,0.0,0,0,,Negative,0.0,,,,,OK,False
ksdd2_20029,KolektorSDD2,test,test,KolektorSDD2/test/img/20029.png,KolektorSDD2/test/ann/20029.png.json,227,639,227,639,3,0.3552,False,0,none,none,0,0.0,0,0,,Negative,0.0,,,,,OK,False
ksdd2_20032,KolektorSDD2,test,test,KolektorSDD2/test/img/20032.png,KolektorSDD2/test/ann/20032.png.json,229,636,229,636,3,0.3601,False,0,none,none,0,0.0,0,0,,Negative,0.0,,,,,OK,False
ksdd2_20035,KolektorSDD2,test,test,KolektorSDD2/test/img/20035.png,KolektorSDD2/test/ann/20035.png.json,229,638,229,638,3,0.3589,False,0,none,none,0,0.0,0,0,,Negative,0.0,,,,,OK,False
ksdd2_20036,KolektorSDD2,test,test,KolektorSDD2/test/img/20036.png,KolektorSDD2/test/ann/20036.png.json,229,646,229,646,3,0.3545,False,0,none,none,0,0.0,0,0,,Negative,0.0,,,,,OK,False
ksdd2_20039,KolektorSDD2,test,test,KolektorSDD2/test/img/20039.png,KolektorSDD2/test/ann/20039.png.json,232,639,232,639,3,0.3631,False,0,none,none,0,0.0,0,0,,Negative,0.0,,,,,OK,False
ksdd2_20041,KolektorSDD2,test,test,KolektorSDD2/test/img/20041.png,KolektorSDD2/test/ann/20041.png.json,229,630,229,630,3,0.3635,False,0,none,none,0,0.0,0,0,,Negative,0.0,,,,,OK,False
ksdd2_20042,KolektorSDD2,test,test,KolektorSDD2/test/img/20042.png,KolektorSDD2/test/ann/20042.png.json,227,624,227,624,3,0.3638,True,1,defect,defect,5529,3.9033,1,5529,5529,Large,344.11,0,247,97,340,OK,True
ksdd2_20044,KolektorSDD2,test,test,KolektorSDD2/test/img/20044.png,KolektorSDD2/test/ann/20044.png.json,230,633,230,633,3,0.3633,False,0,none,none,0,0.0,0,0,,Negative,0.0,,,,,OK,False
ksdd2_20045,KolektorSDD2,test,test,KolektorSDD2/test/img/20045.png,KolektorSDD2/test/ann/20045.png.json,229,637,229,637,3,0.3595,False,0,none,none,0,0.0,0,0,,Negative,0.0,,,,,OK,False
ksdd2_20047,KolektorSDD2,test,test,KolektorSDD2/test/img/20047.png,KolektorSDD2/test/ann/20047.png.json,232,636,232,636,3,0.3648,False,0,none,none,0,0.0,0,0,,Negative,0.0,,,,,OK,False
ksdd2_20048,KolektorSDD2,test,test,KolektorSDD2/test/img/20048.png,KolektorSDD2/test/ann/20048.png.json,228,632,228,632,3,0.3608,False,0,none,none,0,0.0,0,0,,Negative,0.0,,,,,OK,False
ksdd2_20049,KolektorSDD2,test,test,KolektorSDD2/test/img/20049.png,KolektorSDD2/test/ann/20049.png.json,229,628,229,628,3,0.3646,False,0,none,none,0,0.0,0,0,,Negative,0.0,,,,,OK,False
ksdd2_20052,KolektorSDD2,test,test,KolektorSDD2/test/img/20052.png,KolektorSDD2/test/ann/20052.png.json,230,634,230,634,3,0.3628,False,0,none,none,0,0.0,0,0,,Negative,0.0,,,,,OK,False
ksdd2_20053,KolektorSDD2,test,test,KolektorSDD2/test/img/20053.png,KolektorSDD2/test/ann/20053.png.json,229,635,229,635,3,0.3606,False,0,none,none,0,0.0,0,0,,Negative,0.0,,,,,OK,False
ksdd2_20054,KolektorSDD2,test,test,KolektorSDD2/test/img/20054.png,KolektorSDD2/test/ann/20054.png.json,230,654,230,654,3,0.3517,False,0,none,none,0,0.0,0,0,,Negative,0.0,,,,,OK,False
ksdd2_20055,KolektorSDD2,test,test,KolektorSDD2/test/img/20055.png,KolektorSDD2/test/ann/20055.png.json,232,645,232,645,3,0.3597,False,0,none,none,0,0.0,0,0,,Negative,0.0,,,,,OK,False
ksdd2_20056,KolektorSDD2,test,test,KolektorSDD2/test/img/20056.png,KolektorSDD2/test/ann/20056.png.json,230,648,230,648,3,0.3549,True,1,defect,defect,1564,1.0494,1,1564,1564,Medium,169.3,0,262,41,320,OK,True
ksdd2_20057,KolektorSDD2,test,test,KolektorSDD2/test/img/20057.png,KolektorSDD2/test/ann/20057.png.json,230,665,230,665,3,0.3459,False,0,none,none,0,0.0,0,0,,Negative,0.0,,,,,OK,False
ksdd2_20059,KolektorSDD2,test,test,KolektorSDD2/test/img/20059.png,KolektorSDD2/test/ann/20059.png.json,230,618,230,618,3,0.3722,False,0,none,none,0,0.0,0,0,,Negative,0.0,,,,,OK,False
ksdd2_20061,KolektorSDD2,test,test,KolektorSDD2/test/img/20061.png,KolektorSDD2/test/ann/20061.png.json,231,636,231,636,3,0.3632,False,0,none,none,0,0.0,0,0,,Negative,0.0,,,,,OK,False
ksdd2_20062,KolektorSDD2,test,test,KolektorSDD2/test/img/20062.png,KolektorSDD2/test/ann/20062.png.json,211,635,211,635,3,0.3323,False,0,none,none,0,0.0,0,0,,Negative,0.0,,,,,OK,False
ksdd2_20063,KolektorSDD2,test,test,KolektorSDD2/test/img/20063.png,KolektorSDD2/test/ann/20063.png.json,232,634,232,634,3,0.3659,False,0,none,none,0,0.0,0,0,,Negative,0.0,,,,,OK,False
ksdd2_20064,KolektorSDD2,test,test,KolektorSDD2/test/img/20064.png,KolektorSDD2/test/ann/20064.png.json,229,637,229,637,3,0.3595,False,0,none,none,0,0.0,0,0,,Negative,0.0,,,,,OK,False
ksdd2_20065,KolektorSDD2,test,test,KolektorSDD2/test/img/20065.png,KolektorSDD2/test/ann/20065.png.json,229,631,229,631,3,0.3629,False,0,none,none,0,0.0,0,0,,Negative,0.0,,,,,OK,False
ksdd2_20067,KolektorSDD2,test,test,KolektorSDD2/test/img/20067.png,KolektorSDD2/test/ann/20067.png.json,230,650,230,650,3,0.3538,False,0,none,none,0,0.0,0,0,,Negative,0.0,,,,,OK,False
ksdd2_20070,KolektorSDD2,test,test,KolektorSDD2/test/img/20070.png,KolektorSDD2/test/ann/20070.png.json,230,633,230,633,3,0.3633,False,0,none,none,0,0.0,0,0,,Negative,0.0,,,,,OK,False
ksdd2_20071,KolektorSDD2,test,test,KolektorSDD2/test/img/20071.png,KolektorSDD2/test/ann/20071.png.json,229,637,229,637,3,0.3595,False,0,none,none,0,0.0,0,0,,Negative,0.0,,,,,OK,False
ksdd2_20076,KolektorSDD2,test,test,KolektorSDD2/test/img/20076.png,KolektorSDD2/test/ann/20076.png.json,229,650,229,650,3,0.3523,False,0,none,none,0,0.0,0,0,,Negative,0.0,,,,,OK,False
ksdd2_20079,KolektorSDD2,test,test,KolektorSDD2/test/img/20079.png,KolektorSDD2/test/ann/20079.png.json,226,641,226,641,3,0.3526,False,0,none,none,0,0.0,0,0,,Negative,0.0,,,,,OK,False
ksdd2_20080,KolektorSDD2,test,test,KolektorSDD2/test/img/20080.png,KolektorSDD2/test/ann/20080.png.json,228,631,228,631,3,0.3613,False,0,none,none,0,0.0,0,0,,Negative,0.0,,,,,OK,False
ksdd2_20082,KolektorSDD2,test,test,KolektorSDD2/test/img/20082.png,KolektorSDD2/test/ann/20082.png.json,230,638,230,638,3,0.3605,False,0,none,none,0,0.0,0,0,,Negative,0.0,,,,,OK,False
ksdd2_20083,KolektorSDD2,test,test,KolektorSDD2/test/img/20083.png,KolektorSDD2/test/ann/20083.png.json,228,648,228,648,3,0.3519,False,0,none,none,0,0.0,0,0,,Negative,0.0,,,,,OK,False
ksdd2_20086,KolektorSDD2,test,test,KolektorSDD2/test/img/20086.png,KolektorSDD2/test/ann/20086.png.json,231,651,231,651,3,0.3548,False,0,none,none,0,0.0,0,0,,Negative,0.0,,,,,OK,False
ksdd2_20087,KolektorSDD2,test,test,KolektorSDD2/test/img/20087.png,KolektorSDD2/test/ann/20087.png.json,230,641,230,641,3,0.3588,False,0,none,none,0,0.0,0,0,,Negative,0.0,,,,,OK,False
ksdd2_20088,KolektorSDD2,test,test,KolektorSDD2/test/img/20088.png,KolektorSDD2/test/ann/20088.png.json,229,639,229,639,3,0.3584,False,0,none,none,0,0.0,0,0,,Negative,0.0,,,,,OK,False
ksdd2_20089,KolektorSDD2,test,test,KolektorSDD2/test/img/20089.png,KolektorSDD2/test/ann/20089.png.json,229,633,229,633,3,0.3618,False,0,none,none,0,0.0,0,0,,Negative,0.0,,,,,OK,False
ksdd2_20091,KolektorSDD2,test,test,KolektorSDD2/test/img/20091.png,KolektorSDD2/test/ann/20091.png.json,229,650,229,650,3,0.3523,False,0,none,none,0,0.0,0,0,,Negative,0.0,,,,,OK,False
ksdd2_20094,KolektorSDD2,test,test,KolektorSDD2/test/img/20094.png,KolektorSDD2/test/ann/20094.png.json,230,633,230,633,3,0.3633,False,0,none,none,0,0.0,0,0,,Negative,0.0,,,,,OK,False
ksdd2_20095,KolektorSDD2,test,test,KolektorSDD2/test/img/20095.png,KolektorSDD2/test/ann/20095.png.json,231,645,231,645,3,0.3581,True,1,defect,defect,4457,2.9914,1,4457,4457,Large,376.94,0,233,81,340,OK,True
ksdd2_20107,KolektorSDD2,test,test,KolektorSDD2/test/img/20107.png,KolektorSDD2/test/ann/20107.png.json,230,638,230,638,3,0.3605,False,0,none,none,0,0.0,0,0,,Negative,0.0,,,,,OK,False
ksdd2_20110,KolektorSDD2,test,test,KolektorSDD2/test/img/20110.png,KolektorSDD2/test/ann/20110.png.json,232,631,232,631,3,0.3677,False,0,none,none,0,0.0,0,0,,Negative,0.0,,,,,OK,False
ksdd2_20111,KolektorSDD2,test,test,KolektorSDD2/test/img/20111.png,KolektorSDD2/test/ann/20111.png.json,233,615,233,615,3,0.3789,False,0,none,none,0,0.0,0,0,,Negative,0.0,,,,,OK,False
ksdd2_20112,KolektorSDD2,test,test,KolektorSDD2/test/img/20112.png,KolektorSDD2/test/ann/20112.png.json,230,642,230,642,3,0.3583,False,0,none,none,0,0.0,0,0,,Negative,0.0,,,,,OK,False
ksdd2_20113,KolektorSDD2,test,test,KolektorSDD2/test/img/20113.png,KolektorSDD2/test/ann/20113.png.json,229,634,229,634,3,0.3612,False,0,none,none,0,0.0,0,0,,Negative,0.0,,,,,OK,False
ksdd2_20114,KolektorSDD2,test,test,KolektorSDD2/test/img/20114.png,KolektorSDD2/test/ann/20114.png.json,230,645,230,645,3,0.3566,False,0,none,none,0,0.0,0,0,,Negative,0.0,,,,,OK,False
ksdd2_20115,KolektorSDD2,test,test,KolektorSDD2/test/img/20115.png,KolektorSDD2/test/ann/20115.png.json,228,625,228,625,3,0.3648,False,0,none,none,0,0.0,0,0,,Negative,0.0,,,,,OK,False
ksdd2_20116,KolektorSDD2,test,test,KolektorSDD2/test/img/20116.png,KolektorSDD2/test/ann/20116.png.json,233,630,233,630,3,0.3698,False,0,none,none,0,0.0,0,0,,Negative,0.0,,,,,OK,False
ksdd2_20117,KolektorSDD2,test,test,KolektorSDD2/test/img/20117.png,KolektorSDD2/test/ann/20117.png.json,231,639,231,639,3,0.3615,True,2,defect,defect,3272,2.2167,2,2154,2154;1118,Medium,424.74,117,367,218,518,OK,True
ksdd2_20120,KolektorSDD2,test,test,KolektorSDD2/test/img/20120.png,KolektorSDD2/test/ann/20120.png.json,231,637,231,637,3,0.3626,False,0,none,none,0,0.0,0,0,,Negative,0.0,,,,,OK,False
ksdd2_20122,KolektorSDD2,test,test,KolektorSDD2/test/img/20122.png,KolektorSDD2/test/ann/20122.png.json,230,629,230,629,3,0.3657,False,0,none,none,0,0.0,0,0,,Negative,0.0,,,,,OK,False
ksdd2_20123,KolektorSDD2,test,test,KolektorSDD2/test/img/20123.png,KolektorSDD2/test/ann/20123.png.json,218,621,218,621,3,0.351,False,0,none,none,0,0.0,0,0,,Negative,0.0,,,,,OK,False
ksdd2_20125,KolektorSDD2,test,test,KolektorSDD2/test/img/20125.png,KolektorSDD2/test/ann/20125.png.json,235,633,235,633,3,0.3712,True,1,defect,defect,2144,1.4413,1,2144,2144,Medium,214.43,152,294,234,328,OK,True
ksdd2_20126,KolektorSDD2,test,test,KolektorSDD2/test/img/20126.png,KolektorSDD2/test/ann/20126.png.json,232,627,232,627,3,0.37,False,0,none,none,0,0.0,0,0,,Negative,0.0,,,,,OK,False
ksdd2_20129,KolektorSDD2,test,test,KolektorSDD2/test/img/20129.png,KolektorSDD2/test/ann/20129.png.json,228,626,228,626,3,0.3642,True,1,defect,defect,2062,1.4447,1,2062,2062,Medium,210.51,3,213,79,261,OK,True
ksdd2_20131,KolektorSDD2,test,test,KolektorSDD2/test/img/20131.png,KolektorSDD2/test/ann/20131.png.json,231,643,231,643,3,0.3593,False,0,none,none,0,0.0,0,0,,Negative,0.0,,,,,OK,False
ksdd2_20133,KolektorSDD2,test,test,KolektorSDD2/test/img/20133.png,KolektorSDD2/test/ann/20133.png.json,228,640,228,640,3,0.3563,False,0,none,none,0,0.0,0,0,,Negative,0.0,,,,,OK,False
ksdd2_20135,KolektorSDD2,test,test,KolektorSDD2/test/img/20135.png,KolektorSDD2/test/ann/20135.png.json,216,650,216,650,3,0.3323,False,0,none,none,0,0.0,0,0,,Negative,0.0,,,,,OK,False
ksdd2_20137,KolektorSDD2,test,test,KolektorSDD2/test/img/20137.png,KolektorSDD2/test/ann/20137.png.json,227,631,227,631,3,0.3597,False,0,none,none,0,0.0,0,0,,Negative,0.0,,,,,OK,False
ksdd2_20139,KolektorSDD2,test,test,KolektorSDD2/test/img/20139.png,KolektorSDD2/test/ann/20139.png.json,211,634,211,634,3,0.3328,True,1,defect,defect,559,0.4179,1,559,559,Small,119.84,123,158,144,202,OK,True
ksdd2_20140,KolektorSDD2,test,test,KolektorSDD2/test/img/20140.png,KolektorSDD2/test/ann/20140.png.json,231,635,231,635,3,0.3638,False,0,none,none,0,0.0,0,0,,Negative,0.0,,,,,OK,False
ksdd2_20141,KolektorSDD2,test,test,KolektorSDD2/test/img/20141.png,KolektorSDD2/test/ann/20141.png.json,229,627,229,627,3,0.3652,True,1,defect,defect,3268,2.276,1,3268,3268,Medium,275.36,41,514,74,626,OK,True
ksdd2_20144,KolektorSDD2,test,test,KolektorSDD2/test/img/20144.png,KolektorSDD2/test/ann/20144.png.json,229,635,229,635,3,0.3606,False,0,none,none,0,0.0,0,0,,Negative,0.0,,,,,OK,False
ksdd2_20145,KolektorSDD2,test,test,KolektorSDD2/test/img/20145.png,KolektorSDD2/test/ann/20145.png.json,229,629,229,629,3,0.3641,False,0,none,none,0,0.0,0,0,,Negative,0.0,,,,,OK,False
ksdd2_20146,KolektorSDD2,test,test,KolektorSDD2/test/img/20146.png,KolektorSDD2/test/ann/20146.png.json,230,636,230,636,3,0.3616,False,0,none,none,0,0.0,0,0,,Negative,0.0,,,,,OK,False
ksdd2_20147,KolektorSDD2,test,test,KolektorSDD2/test/img/20147.png,KolektorSDD2/test/ann/20147.png.json,224,636,224,636,3,0.3522,False,0,none,none,0,0.0,0,0,,Negative,0.0,,,,,OK,False
ksdd2_20148,KolektorSDD2,test,test,KolektorSDD2/test/img/20148.png,KolektorSDD2/test/ann/20148.png.json,230,630,230,630,3,0.3651,False,0,none,none,0,0.0,0,0,,Negative,0.0,,,,,OK,False
ksdd2_20149,KolektorSDD2,test,test,KolektorSDD2/test/img/20149.png,KolektorSDD2/test/ann/20149.png.json,231,648,231,648,3,0.3565,False,0,none,none,0,0.0,0,0,,Negative,0.0,,,,,OK,False
ksdd2_20151,KolektorSDD2,test,test,KolektorSDD2/test/img/20151.png,KolektorSDD2/test/ann/20151.png.json,233,640,233,640,3,0.3641,False,0,none,none,0,0.0,0,0,,Negative,0.0,,,,,OK,False
ksdd2_20152,KolektorSDD2,test,test,KolektorSDD2/test/img/20152.png,KolektorSDD2/test/ann/20152.png.json,228,627,228,627,3,0.3636,False,0,none,none,0,0.0,0,0,,Negative,0.0,,,,,OK,False
ksdd2_20154,KolektorSDD2,test,test,KolektorSDD2/test/img/20154.png,KolektorSDD2/test/ann/20154.png.json,226,633,226,633,3,0.357,False,0,none,none,0,0.0,0,0,,Negative,0.0,,,,,OK,False
ksdd2_20159,KolektorSDD2,test,test,KolektorSDD2/test/img/20159.png,KolektorSDD2/test/ann/20159.png.json,233,632,233,632,3,0.3687,True,1,defect,defect,755,0.5127,1,755,755,Small,211.52,157,218,232,276,OK,True
ksdd2_20161,KolektorSDD2,test,test,KolektorSDD2/test/img/20161.png,KolektorSDD2/test/ann/20161.png.json,233,629,233,629,3,0.3704,False,0,none,none,0,0.0,0,0,,Negative,0.0,,,,,OK,False
ksdd2_20162,KolektorSDD2,test,test,KolektorSDD2/test/img/20162.png,KolektorSDD2/test/ann/20162.png.json,233,648,233,648,3,0.3596,False,0,none,none,0,0.0,0,0,,Negative,0.0,,,,,OK,False
ksdd2_20163,KolektorSDD2,test,test,KolektorSDD2/test/img/20163.png,KolektorSDD2/test/ann/20163.png.json,228,643,228,643,3,0.3546,False,0,none,none,0,0.0,0,0,,Negative,0.0,,,,,OK,False
ksdd2_20164,KolektorSDD2,test,test,KolektorSDD2/test/img/20164.png,KolektorSDD2/test/ann/20164.png.json,230,634,230,634,3,0.3628,False,0,none,none,0,0.0,0,0,,Negative,0.0,,,,,OK,False
ksdd2_20165,KolektorSDD2,test,test,KolektorSDD2/test/img/20165.png,KolektorSDD2/test/ann/20165.png.json,228,632,228,632,3,0.3608,False,0,none,none,0,0.0,0,0,,Negative,0.0,,,,,OK,False
ksdd2_20168,KolektorSDD2,test,test,KolektorSDD2/test/img/20168.png,KolektorSDD2/test/ann/20168.png.json,230,634,230,634,3,0.3628,False,0,none,none,0,0.0,0,0,,Negative,0.0,,,,,OK,False
ksdd2_20169,KolektorSDD2,test,test,KolektorSDD2/test/img/20169.png,KolektorSDD2/test/ann/20169.png.json,231,648,231,648,3,0.3565,False,0,none,none,0,0.0,0,0,,Negative,0.0,,,,,OK,False
ksdd2_20170,KolektorSDD2,test,test,KolektorSDD2/test/img/20170.png,KolektorSDD2/test/ann/20170.png.json,236,649,236,649,3,0.3636,False,0,none,none,0,0.0,0,0,,Negative,0.0,,,,,OK,False
ksdd2_20172,KolektorSDD2,test,test,KolektorSDD2/test/img/20172.png,KolektorSDD2/test/ann/20172.png.json,229,630,229,630,3,0.3635,True,1,defect,defect,2273,1.5755,1,2273,2273,Medium,190.57,162,471,206,534,OK,True
ksdd2_20174,KolektorSDD2,test,test,KolektorSDD2/test/img/20174.png,KolektorSDD2/test/ann/20174.png.json,232,642,232,642,3,0.3614,False,0,none,none,0,0.0,0,0,,Negative,0.0,,,,,OK,False
ksdd2_20176,KolektorSDD2,test,test,KolektorSDD2/test/img/20176.png,KolektorSDD2/test/ann/20176.png.json,233,646,233,646,3,0.3607,False,0,none,none,0,0.0,0,0,,Negative,0.0,,,,,OK,False
ksdd2_20178,KolektorSDD2,test,test,KolektorSDD2/test/img/20178.png,KolektorSDD2/test/ann/20178.png.json,228,638,228,638,3,0.3574,False,0,none,none,0,0.0,0,0,,Negative,0.0,,,,,OK,False
ksdd2_20179,KolektorSDD2,test,test,KolektorSDD2/test/img/20179.png,KolektorSDD2/test/ann/20179.png.json,229,640,229,640,3,0.3578,False,0,none,none,0,0.0,0,0,,Negative,0.0,,,,,OK,False
ksdd2_20180,KolektorSDD2,test,test,KolektorSDD2/test/img/20180.png,KolektorSDD2/test/ann/20180.png.json,234,643,234,643,3,0.3639,False,0,none,none,0,0.0,0,0,,Negative,0.0,,,,,OK,False
ksdd2_20182,KolektorSDD2,test,test,KolektorSDD2/test/img/20182.png,KolektorSDD2/test/ann/20182.png.json,231,651,231,651,3,0.3548,False,0,none,none,0,0.0,0,0,,Negative,0.0,,,,,OK,False
ksdd2_20193,KolektorSDD2,test,test,KolektorSDD2/test/img/20193.png,KolektorSDD2/test/ann/20193.png.json,228,638,228,638,3,0.3574,True,1,defect,defect,43869,30.158,1,43869,43869,Large,856.13,53,0,227,292,OK,True
ksdd2_20194,KolektorSDD2,test,test,KolektorSDD2/test/img/20194.png,KolektorSDD2/test/ann/20194.png.json,226,643,226,643,3,0.3515,False,0,none,none,0,0.0,0,0,,Negative,0.0,,,,,OK,False
ksdd2_20195,KolektorSDD2,test,test,KolektorSDD2/test/img/20195.png,KolektorSDD2/test/ann/20195.png.json,229,644,229,644,3,0.3556,False,0,none,none,0,0.0,0,0,,Negative,0.0,,,,,OK,False
ksdd2_20197,KolektorSDD2,test,test,KolektorSDD2/test/img/20197.png,KolektorSDD2/test/ann/20197.png.json,233,630,233,630,3,0.3698,False,0,none,none,0,0.0,0,0,,Negative,0.0,,,,,OK,False
ksdd2_20198,KolektorSDD2,test,test,KolektorSDD2/test/img/20198.png,KolektorSDD2/test/ann/20198.png.json,233,628,233,628,3,0.371,False,0,none,none,0,0.0,0,0,,Negative,0.0,,,,,OK,False
ksdd2_20202,KolektorSDD2,test,test,KolektorSDD2/test/img/20202.png,KolektorSDD2/test/ann/20202.png.json,231,637,231,637,3,0.3626,False,0,none,none,0,0.0,0,0,,Negative,0.0,,,,,OK,False
ksdd2_20205,KolektorSDD2,test,test,KolektorSDD2/test/img/20205.png,KolektorSDD2/test/ann/20205.png.json,234,631,234,631,3,0.3708,False,0,none,none,0,0.0,0,0,,Negative,0.0,,,,,OK,False
ksdd2_20208,KolektorSDD2,test,test,KolektorSDD2/test/img/20208.png,KolektorSDD2/test/ann/20208.png.json,229,636,229,636,3,0.3601,False,0,none,none,0,0.0,0,0,,Negative,0.0,,,,,OK,False
ksdd2_20209,KolektorSDD2,test,test,KolektorSDD2/test/img/20209.png,KolektorSDD2/test/ann/20209.png.json,223,640,223,640,3,0.3484,True,1,defect,defect,10058,7.0474,1,10058,10058,Large,449.62,63,33,222,122,OK,True
ksdd2_20212,KolektorSDD2,test,test,KolektorSDD2/test/img/20212.png,KolektorSDD2/test/ann/20212.png.json,230,639,230,639,3,0.3599,False,0,none,none,0,0.0,0,0,,Negative,0.0,,,,,OK,False
ksdd2_20213,KolektorSDD2,test,test,KolektorSDD2/test/img/20213.png,KolektorSDD2/test/ann/20213.png.json,232,629,232,629,3,0.3688,False,0,none,none,0,0.0,0,0,,Negative,0.0,,,,,OK,False
ksdd2_20214,KolektorSDD2,test,test,KolektorSDD2/test/img/20214.png,KolektorSDD2/test/ann/20214.png.json,232,630,232,630,3,0.3683,False,0,none,none,0,0.0,0,0,,Negative,0.0,,,,,OK,False
ksdd2_20215,KolektorSDD2,test,test,KolektorSDD2/test/img/20215.png,KolektorSDD2/test/ann/20215.png.json,233,633,233,633,3,0.3681,False,0,none,none,0,0.0,0,0,,Negative,0.0,,,,,OK,False
ksdd2_20216,KolektorSDD2,test,test,KolektorSDD2/test/img/20216.png,KolektorSDD2/test/ann/20216.png.json,228,631,228,631,3,0.3613,False,0,none,none,0,0.0,0,0,,Negative,0.0,,,,,OK,False
ksdd2_20217,KolektorSDD2,test,test,KolektorSDD2/test/img/20217.png,KolektorSDD2/test/ann/20217.png.json,230,640,230,640,3,0.3594,True,1,defect,defect,1635,1.1107,1,1635,1635,Medium,305.55,39,315,148,402,OK,True
ksdd2_20218,KolektorSDD2,test,test,KolektorSDD2/test/img/20218.png,KolektorSDD2/test/ann/20218.png.json,231,635,231,635,3,0.3638,False,0,none,none,0,0.0,0,0,,Negative,0.0,,,,,OK,False
ksdd2_20219,KolektorSDD2,test,test,KolektorSDD2/test/img/20219.png,KolektorSDD2/test/ann/20219.png.json,228,627,228,627,3,0.3636,False,0,none,none,0,0.0,0,0,,Negative,0.0,,,,,OK,False
ksdd2_20220,KolektorSDD2,test,test,KolektorSDD2/test/img/20220.png,KolektorSDD2/test/ann/20220.png.json,227,624,227,624,3,0.3638,False,0,none,none,0,0.0,0,0,,Negative,0.0,,,,,OK,False
ksdd2_20221,KolektorSDD2,test,test,KolektorSDD2/test/img/20221.png,KolektorSDD2/test/ann/20221.png.json,233,634,233,634,3,0.3675,False,0,none,none,0,0.0,0,0,,Negative,0.0,,,,,OK,False
ksdd2_20222,KolektorSDD2,test,test,KolektorSDD2/test/img/20222.png,KolektorSDD2/test/ann/20222.png.json,230,634,230,634,3,0.3628,False,0,none,none,0,0.0,0,0,,Negative,0.0,,,,,OK,False
ksdd2_20223,KolektorSDD2,test,test,KolektorSDD2/test/img/20223.png,KolektorSDD2/test/ann/20223.png.json,227,626,227,626,3,0.3626,False,0,none,none,0,0.0,0,0,,Negative,0.0,,,,,OK,False
ksdd2_20225,KolektorSDD2,test,test,KolektorSDD2/test/img/20225.png,KolektorSDD2/test/ann/20225.png.json,228,637,228,637,3,0.3579,False,0,none,none,0,0.0,0,0,,Negative,0.0,,,,,OK,False
ksdd2_20227,KolektorSDD2,test,test,KolektorSDD2/test/img/20227.png,KolektorSDD2/test/ann/20227.png.json,231,628,231,628,3,0.3678,False,0,none,none,0,0.0,0,0,,Negative,0.0,,,,,OK,False
ksdd2_20228,KolektorSDD2,test,test,KolektorSDD2/test/img/20228.png,KolektorSDD2/test/ann/20228.png.json,231,633,231,633,3,0.3649,True,1,defect,defect,87,0.0595,1,87,87,Small,34.14,173,153,181,165,OK,True
ksdd2_20229,KolektorSDD2,test,test,KolektorSDD2/test/img/20229.png,KolektorSDD2/test/ann/20229.png.json,226,636,226,636,3,0.3553,False,0,none,none,0,0.0,0,0,,Negative,0.0,,,,,OK,False
ksdd2_20230,KolektorSDD2,test,test,KolektorSDD2/test/img/20230.png,KolektorSDD2/test/ann/20230.png.json,227,641,227,641,3,0.3541,False,0,none,none,0,0.0,0,0,,Negative,0.0,,,,,OK,False
ksdd2_20232,KolektorSDD2,test,test,KolektorSDD2/test/img/20232.png,KolektorSDD2/test/ann/20232.png.json,233,647,233,647,3,0.3601,False,0,none,none,0,0.0,0,0,,Negative,0.0,,,,,OK,False
ksdd2_20237,KolektorSDD2,test,test,KolektorSDD2/test/img/20237.png,KolektorSDD2/test/ann/20237.png.json,226,633,226,633,3,0.357,False,0,none,none,0,0.0,0,0,,Negative,0.0,,,,,OK,False
ksdd2_20239,KolektorSDD2,test,test,KolektorSDD2/test/img/20239.png,KolektorSDD2/test/ann/20239.png.json,232,636,232,636,3,0.3648,False,0,none,none,0,0.0,0,0,,Negative,0.0,,,,,OK,False
ksdd2_20240,KolektorSDD2,test,test,KolektorSDD2/test/img/20240.png,KolektorSDD2/test/ann/20240.png.json,232,631,232,631,3,0.3677,False,0,none,none,0,0.0,0,0,,Negative,0.0,,,,,OK,False
ksdd2_20241,KolektorSDD2,test,test,KolektorSDD2/test/img/20241.png,KolektorSDD2/test/ann/20241.png.json,229,639,229,639,3,0.3584,False,0,none,none,0,0.0,0,0,,Negative,0.0,,,,,OK,False
ksdd2_20244,KolektorSDD2,test,test,KolektorSDD2/test/img/20244.png,KolektorSDD2/test/ann/20244.png.json,234,631,234,631,3,0.3708,False,0,none,none,0,0.0,0,0,,Negative,0.0,,,,,OK,False
ksdd2_20246,KolektorSDD2,test,test,KolektorSDD2/test/img/20246.png,KolektorSDD2/test/ann/20246.png.json,224,634,224,634,3,0.3533,True,1,defect,defect,1383,0.9738,1,1383,1383,Medium,145.2,176,267,220,312,OK,True
ksdd2_20248,KolektorSDD2,test,test,KolektorSDD2/test/img/20248.png,KolektorSDD2/test/ann/20248.png.json,233,642,233,642,3,0.3629,False,0,none,none,0,0.0,0,0,,Negative,0.0,,,,,OK,False
ksdd2_20250,KolektorSDD2,test,test,KolektorSDD2/test/img/20250.png,KolektorSDD2/test/ann/20250.png.json,226,641,226,641,3,0.3526,False,0,none,none,0,0.0,0,0,,Negative,0.0,,,,,OK,False
ksdd2_20253,KolektorSDD2,test,test,KolektorSDD2/test/img/20253.png,KolektorSDD2/test/ann/20253.png.json,232,636,232,636,3,0.3648,False,0,none,none,0,0.0,0,0,,Negative,0.0,,,,,OK,False
ksdd2_20256,KolektorSDD2,test,test,KolektorSDD2/test/img/20256.png,KolektorSDD2/test/ann/20256.png.json,216,620,216,620,3,0.3484,False,0,none,none,0,0.0,0,0,,Negative,0.0,,,,,OK,False
ksdd2_20259,KolektorSDD2,test,test,KolektorSDD2/test/img/20259.png,KolektorSDD2/test/ann/20259.png.json,227,628,227,628,3,0.3615,True,1,defect,defect,323,0.2266,1,323,323,Small,117.74,90,384,113,431,OK,True
ksdd2_20262,KolektorSDD2,test,test,KolektorSDD2/test/img/20262.png,KolektorSDD2/test/ann/20262.png.json,231,638,231,638,3,0.3621,False,0,none,none,0,0.0,0,0,,Negative,0.0,,,,,OK,False
ksdd2_20263,KolektorSDD2,test,test,KolektorSDD2/test/img/20263.png,KolektorSDD2/test/ann/20263.png.json,235,640,235,640,3,0.3672,False,0,none,none,0,0.0,0,0,,Negative,0.0,,,,,OK,False
ksdd2_20265,KolektorSDD2,test,test,KolektorSDD2/test/img/20265.png,KolektorSDD2/test/ann/20265.png.json,202,622,202,622,3,0.3248,False,0,none,none,0,0.0,0,0,,Negative,0.0,,,,,OK,False
ksdd2_20266,KolektorSDD2,test,test,KolektorSDD2/test/img/20266.png,KolektorSDD2/test/ann/20266.png.json,233,657,233,657,3,0.3546,False,0,none,none,0,0.0,0,0,,Negative,0.0,,,,,OK,False
ksdd2_20268,KolektorSDD2,test,test,KolektorSDD2/test/img/20268.png,KolektorSDD2/test/ann/20268.png.json,225,631,225,631,3,0.3566,False,0,none,none,0,0.0,0,0,,Negative,0.0,,,,,OK,False
ksdd2_20269,KolektorSDD2,test,test,KolektorSDD2/test/img/20269.png,KolektorSDD2/test/ann/20269.png.json,230,637,230,637,3,0.3611,False,0,none,none,0,0.0,0,0,,Negative,0.0,,,,,OK,False
ksdd2_20271,KolektorSDD2,test,test,KolektorSDD2/test/img/20271.png,KolektorSDD2/test/ann/20271.png.json,232,648,232,648,3,0.358,False,0,none,none,0,0.0,0,0,,Negative,0.0,,,,,OK,False
ksdd2_20273,KolektorSDD2,test,test,KolektorSDD2/test/img/20273.png,KolektorSDD2/test/ann/20273.png.json,235,632,235,632,3,0.3718,False,0,none,none,0,0.0,0,0,,Negative,0.0,,,,,OK,False
ksdd2_20274,KolektorSDD2,test,test,KolektorSDD2/test/img/20274.png,KolektorSDD2/test/ann/20274.png.json,230,643,230,643,3,0.3577,False,0,none,none,0,0.0,0,0,,Negative,0.0,,,,,OK,False
ksdd2_20275,KolektorSDD2,test,test,KolektorSDD2/test/img/20275.png,KolektorSDD2/test/ann/20275.png.json,236,636,236,636,3,0.3711,True,1,defect,defect,228,0.1519,1,228,228,Small,67.56,17,178,25,207,OK,True
ksdd2_20277,KolektorSDD2,test,test,KolektorSDD2/test/img/20277.png,KolektorSDD2/test/ann/20277.png.json,232,645,232,645,3,0.3597,False,0,none,none,0,0.0,0,0,,Negative,0.0,,,,,OK,False
ksdd2_20279,KolektorSDD2,test,test,KolektorSDD2/test/img/20279.png,KolektorSDD2/test/ann/20279.png.json,226,638,226,638,3,0.3542,False,0,none,none,0,0.0,0,0,,Negative,0.0,,,,,OK,False
ksdd2_20282,KolektorSDD2,test,test,KolektorSDD2/test/img/20282.png,KolektorSDD2/test/ann/20282.png.json,224,640,224,640,3,0.35,False,0,none,none,0,0.0,0,0,,Negative,0.0,,,,,OK,False
ksdd2_20283,KolektorSDD2,test,test,KolektorSDD2/test/img/20283.png,KolektorSDD2/test/ann/20283.png.json,231,645,231,645,3,0.3581,False,0,none,none,0,0.0,0,0,,Negative,0.0,,,,,OK,False
ksdd2_20285,KolektorSDD2,test,test,KolektorSDD2/test/img/20285.png,KolektorSDD2/test/ann/20285.png.json,231,643,231,643,3,0.3593,False,0,none,none,0,0.0,0,0,,Negative,0.0,,,,,OK,False
ksdd2_20286,KolektorSDD2,test,test,KolektorSDD2/test/img/20286.png,KolektorSDD2/test/ann/20286.png.json,227,634,227,634,3,0.358,False,0,none,none,0,0.0,0,0,,Negative,0.0,,,,,OK,False
ksdd2_20288,KolektorSDD2,test,test,KolektorSDD2/test/img/20288.png,KolektorSDD2/test/ann/20288.png.json,235,639,235,639,3,0.3678,False,0,none,none,0,0.0,0,0,,Negative,0.0,,,,,OK,False
ksdd2_20289,KolektorSDD2,test,test,KolektorSDD2/test/img/20289.png,KolektorSDD2/test/ann/20289.png.json,230,636,230,636,3,0.3616,False,0,none,none,0,0.0,0,0,,Negative,0.0,,,,,OK,False
ksdd2_20291,KolektorSDD2,test,test,KolektorSDD2/test/img/20291.png,KolektorSDD2/test/ann/20291.png.json,229,627,229,627,3,0.3652,False,0,none,none,0,0.0,0,0,,Negative,0.0,,,,,OK,False
ksdd2_20292,KolektorSDD2,test,test,KolektorSDD2/test/img/20292.png,KolektorSDD2/test/ann/20292.png.json,225,632,225,632,3,0.356,False,0,none,none,0,0.0,0,0,,Negative,0.0,,,,,OK,False
ksdd2_20293,KolektorSDD2,test,test,KolektorSDD2/test/img/20293.png,KolektorSDD2/test/ann/20293.png.json,231,640,231,640,3,0.3609,False,0,none,none,0,0.0,0,0,,Negative,0.0,,,,,OK,False
ksdd2_20295,KolektorSDD2,test,test,KolektorSDD2/test/img/20295.png,KolektorSDD2/test/ann/20295.png.json,228,636,228,636,3,0.3585,True,1,defect,defect,1239,0.8544,1,1239,1239,Medium,171.3,129,328,197,358,OK,True
ksdd2_20296,KolektorSDD2,test,test,KolektorSDD2/test/img/20296.png,KolektorSDD2/test/ann/20296.png.json,230,640,230,640,3,0.3594,False,0,none,none,0,0.0,0,0,,Negative,0.0,,,,,OK,False
ksdd2_20299,KolektorSDD2,test,test,KolektorSDD2/test/img/20299.png,KolektorSDD2/test/ann/20299.png.json,231,630,231,630,3,0.3667,False,0,none,none,0,0.0,0,0,,Negative,0.0,,,,,OK,False
ksdd2_20302,KolektorSDD2,test,test,KolektorSDD2/test/img/20302.png,KolektorSDD2/test/ann/20302.png.json,231,641,231,641,3,0.3604,False,0,none,none,0,0.0,0,0,,Negative,0.0,,,,,OK,False
ksdd2_20310,KolektorSDD2,test,test,KolektorSDD2/test/img/20310.png,KolektorSDD2/test/ann/20310.png.json,231,646,231,646,3,0.3576,False,0,none,none,0,0.0,0,0,,Negative,0.0,,,,,OK,False
ksdd2_20311,KolektorSDD2,test,test,KolektorSDD2/test/img/20311.png,KolektorSDD2/test/ann/20311.png.json,235,644,235,644,3,0.3649,False,0,none,none,0,0.0,0,0,,Negative,0.0,,,,,OK,False
ksdd2_20312,KolektorSDD2,test,test,KolektorSDD2/test/img/20312.png,KolektorSDD2/test/ann/20312.png.json,230,636,230,636,3,0.3616,False,0,none,none,0,0.0,0,0,,Negative,0.0,,,,,OK,False
ksdd2_20314,KolektorSDD2,test,test,KolektorSDD2/test/img/20314.png,KolektorSDD2/test/ann/20314.png.json,232,647,232,647,3,0.3586,False,0,none,none,0,0.0,0,0,,Negative,0.0,,,,,OK,False
ksdd2_20318,KolektorSDD2,test,test,KolektorSDD2/test/img/20318.png,KolektorSDD2/test/ann/20318.png.json,228,636,228,636,3,0.3585,False,0,none,none,0,0.0,0,0,,Negative,0.0,,,,,OK,False
ksdd2_20319,KolektorSDD2,test,test,KolektorSDD2/test/img/20319.png,KolektorSDD2/test/ann/20319.png.json,229,639,229,639,3,0.3584,True,1,defect,defect,1084,0.7408,1,1084,1084,Medium,133.21,0,600,33,638,OK,True
ksdd2_20320,KolektorSDD2,test,test,KolektorSDD2/test/img/20320.png,KolektorSDD2/test/ann/20320.png.json,233,638,233,638,3,0.3652,False,0,none,none,0,0.0,0,0,,Negative,0.0,,,,,OK,False
ksdd2_20321,KolektorSDD2,test,test,KolektorSDD2/test/img/20321.png,KolektorSDD2/test/ann/20321.png.json,235,633,235,633,3,0.3712,False,0,none,none,0,0.0,0,0,,Negative,0.0,,,,,OK,False
ksdd2_20324,KolektorSDD2,test,test,KolektorSDD2/test/img/20324.png,KolektorSDD2/test/ann/20324.png.json,228,636,228,636,3,0.3585,False,0,none,none,0,0.0,0,0,,Negative,0.0,,,,,OK,False
ksdd2_20325,KolektorSDD2,test,test,KolektorSDD2/test/img/20325.png,KolektorSDD2/test/ann/20325.png.json,233,640,233,640,3,0.3641,False,0,none,none,0,0.0,0,0,,Negative,0.0,,,,,OK,False
ksdd2_20326,KolektorSDD2,test,test,KolektorSDD2/test/img/20326.png,KolektorSDD2/test/ann/20326.png.json,232,632,232,632,3,0.3671,False,0,none,none,0,0.0,0,0,,Negative,0.0,,,,,OK,False
ksdd2_20328,KolektorSDD2,test,test,KolektorSDD2/test/img/20328.png,KolektorSDD2/test/ann/20328.png.json,234,639,234,639,3,0.3662,False,0,none,none,0,0.0,0,0,,Negative,0.0,,,,,OK,False
ksdd2_20329,KolektorSDD2,test,test,KolektorSDD2/test/img/20329.png,KolektorSDD2/test/ann/20329.png.json,228,640,228,640,3,0.3563,False,0,none,none,0,0.0,0,0,,Negative,0.0,,,,,OK,False
ksdd2_20330,KolektorSDD2,test,test,KolektorSDD2/test/img/20330.png,KolektorSDD2/test/ann/20330.png.json,231,637,231,637,3,0.3626,False,0,none,none,0,0.0,0,0,,Negative,0.0,,,,,OK,False
ksdd2_20331,KolektorSDD2,test,test,KolektorSDD2/test/img/20331.png,KolektorSDD2/test/ann/20331.png.json,230,644,230,644,3,0.3571,False,0,none,none,0,0.0,0,0,,Negative,0.0,,,,,OK,False
ksdd2_20335,KolektorSDD2,test,test,KolektorSDD2/test/img/20335.png,KolektorSDD2/test/ann/20335.png.json,229,640,229,640,3,0.3578,False,0,none,none,0,0.0,0,0,,Negative,0.0,,,,,OK,False
ksdd2_20339,KolektorSDD2,test,test,KolektorSDD2/test/img/20339.png,KolektorSDD2/test/ann/20339.png.json,232,639,232,639,3,0.3631,False,0,none,none,0,0.0,0,0,,Negative,0.0,,,,,OK,False
ksdd2_20340,KolektorSDD2,test,test,KolektorSDD2/test/img/20340.png,KolektorSDD2/test/ann/20340.png.json,231,636,231,636,3,0.3632,False,0,none,none,0,0.0,0,0,,Negative,0.0,,,,,OK,False
ksdd2_20344,KolektorSDD2,test,test,KolektorSDD2/test/img/20344.png,KolektorSDD2/test/ann/20344.png.json,232,640,232,640,3,0.3625,False,0,none,none,0,0.0,0,0,,Negative,0.0,,,,,OK,False
ksdd2_20345,KolektorSDD2,test,test,KolektorSDD2/test/img/20345.png,KolektorSDD2/test/ann/20345.png.json,234,636,234,636,3,0.3679,False,0,none,none,0,0.0,0,0,,Negative,0.0,,,,,OK,False
ksdd2_20346,KolektorSDD2,test,test,KolektorSDD2/test/img/20346.png,KolektorSDD2/test/ann/20346.png.json,225,640,225,640,3,0.3516,False,0,none,none,0,0.0,0,0,,Negative,0.0,,,,,OK,False
ksdd2_20347,KolektorSDD2,test,test,KolektorSDD2/test/img/20347.png,KolektorSDD2/test/ann/20347.png.json,238,642,238,642,3,0.3707,False,0,none,none,0,0.0,0,0,,Negative,0.0,,,,,OK,False
ksdd2_20348,KolektorSDD2,test,test,KolektorSDD2/test/img/20348.png,KolektorSDD2/test/ann/20348.png.json,235,630,235,630,3,0.373,False,0,none,none,0,0.0,0,0,,Negative,0.0,,,,,OK,False
ksdd2_20351,KolektorSDD2,test,test,KolektorSDD2/test/img/20351.png,KolektorSDD2/test/ann/20351.png.json,232,646,232,646,3,0.3591,False,0,none,none,0,0.0,0,0,,Negative,0.0,,,,,OK,False
ksdd2_20352,KolektorSDD2,test,test,KolektorSDD2/test/img/20352.png,KolektorSDD2/test/ann/20352.png.json,233,635,233,635,3,0.3669,False,0,none,none,0,0.0,0,0,,Negative,0.0,,,,,OK,False
ksdd2_20353,KolektorSDD2,test,test,KolektorSDD2/test/img/20353.png,KolektorSDD2/test/ann/20353.png.json,234,644,234,644,3,0.3634,False,0,none,none,0,0.0,0,0,,Negative,0.0,,,,,OK,False
ksdd2_20354,KolektorSDD2,test,test,KolektorSDD2/test/img/20354.png,KolektorSDD2/test/ann/20354.png.json,234,633,234,633,3,0.3697,False,0,none,none,0,0.0,0,0,,Negative,0.0,,,,,OK,False
ksdd2_20357,KolektorSDD2,test,test,KolektorSDD2/test/img/20357.png,KolektorSDD2/test/ann/20357.png.json,235,642,235,642,3,0.366,False,0,none,none,0,0.0,0,0,,Negative,0.0,,,,,OK,False
ksdd2_20358,KolektorSDD2,test,test,KolektorSDD2/test/img/20358.png,KolektorSDD2/test/ann/20358.png.json,230,641,230,641,3,0.3588,False,0,none,none,0,0.0,0,0,,Negative,0.0,,,,,OK,False
ksdd2_20359,KolektorSDD2,test,test,KolektorSDD2/test/img/20359.png,KolektorSDD2/test/ann/20359.png.json,228,637,228,637,3,0.3579,False,0,none,none,0,0.0,0,0,,Negative,0.0,,,,,OK,False
ksdd2_20360,KolektorSDD2,test,test,KolektorSDD2/test/img/20360.png,KolektorSDD2/test/ann/20360.png.json,230,637,230,637,3,0.3611,False,0,none,none,0,0.0,0,0,,Negative,0.0,,,,,OK,False
ksdd2_20362,KolektorSDD2,test,test,KolektorSDD2/test/img/20362.png,KolektorSDD2/test/ann/20362.png.json,235,648,235,648,3,0.3627,False,0,none,none,0,0.0,0,0,,Negative,0.0,,,,,OK,False
ksdd2_20364,KolektorSDD2,test,test,KolektorSDD2/test/img/20364.png,KolektorSDD2/test/ann/20364.png.json,231,630,231,630,3,0.3667,False,0,none,none,0,0.0,0,0,,Negative,0.0,,,,,OK,False
ksdd2_20366,KolektorSDD2,test,test,KolektorSDD2/test/img/20366.png,KolektorSDD2/test/ann/20366.png.json,231,641,231,641,3,0.3604,False,0,none,none,0,0.0,0,0,,Negative,0.0,,,,,OK,False
ksdd2_20369,KolektorSDD2,test,test,KolektorSDD2/test/img/20369.png,KolektorSDD2/test/ann/20369.png.json,235,642,235,642,3,0.366,False,0,none,none,0,0.0,0,0,,Negative,0.0,,,,,OK,False
ksdd2_20371,KolektorSDD2,test,test,KolektorSDD2/test/img/20371.png,KolektorSDD2/test/ann/20371.png.json,237,648,237,648,3,0.3657,False,0,none,none,0,0.0,0,0,,Negative,0.0,,,,,OK,False
ksdd2_20372,KolektorSDD2,test,test,KolektorSDD2/test/img/20372.png,KolektorSDD2/test/ann/20372.png.json,223,638,223,638,3,0.3495,False,0,none,none,0,0.0,0,0,,Negative,0.0,,,,,OK,False
ksdd2_20374,KolektorSDD2,test,test,KolektorSDD2/test/img/20374.png,KolektorSDD2/test/ann/20374.png.json,228,628,228,628,3,0.3631,False,0,none,none,0,0.0,0,0,,Negative,0.0,,,,,OK,False
ksdd2_20375,KolektorSDD2,test,test,KolektorSDD2/test/img/20375.png,KolektorSDD2/test/ann/20375.png.json,228,632,228,632,3,0.3608,False,0,none,none,0,0.0,0,0,,Negative,0.0,,,,,OK,False
ksdd2_20377,KolektorSDD2,test,test,KolektorSDD2/test/img/20377.png,KolektorSDD2/test/ann/20377.png.json,227,638,227,638,3,0.3558,False,0,none,none,0,0.0,0,0,,Negative,0.0,,,,,OK,False
ksdd2_20381,KolektorSDD2,test,test,KolektorSDD2/test/img/20381.png,KolektorSDD2/test/ann/20381.png.json,231,642,231,642,3,0.3598,False,0,none,none,0,0.0,0,0,,Negative,0.0,,,,,OK,False
ksdd2_20382,KolektorSDD2,test,test,KolektorSDD2/test/img/20382.png,KolektorSDD2/test/ann/20382.png.json,228,638,228,638,3,0.3574,False,0,none,none,0,0.0,0,0,,Negative,0.0,,,,,OK,False
ksdd2_20383,KolektorSDD2,test,test,KolektorSDD2/test/img/20383.png,KolektorSDD2/test/ann/20383.png.json,227,638,227,638,3,0.3558,False,0,none,none,0,0.0,0,0,,Negative,0.0,,,,,OK,False
ksdd2_20385,KolektorSDD2,test,test,KolektorSDD2/test/img/20385.png,KolektorSDD2/test/ann/20385.png.json,230,638,230,638,3,0.3605,False,0,none,none,0,0.0,0,0,,Negative,0.0,,,,,OK,False
ksdd2_20387,KolektorSDD2,test,test,KolektorSDD2/test/img/20387.png,KolektorSDD2/test/ann/20387.png.json,227,639,227,639,3,0.3552,False,0,none,none,0,0.0,0,0,,Negative,0.0,,,,,OK,False
ksdd2_20388,KolektorSDD2,test,test,KolektorSDD2/test/img/20388.png,KolektorSDD2/test/ann/20388.png.json,231,641,231,641,3,0.3604,False,0,none,none,0,0.0,0,0,,Negative,0.0,,,,,OK,False
ksdd2_20391,KolektorSDD2,test,test,KolektorSDD2/test/img/20391.png,KolektorSDD2/test/ann/20391.png.json,227,631,227,631,3,0.3597,False,0,none,none,0,0.0,0,0,,Negative,0.0,,,,,OK,False
ksdd2_20399,KolektorSDD2,test,test,KolektorSDD2/test/img/20399.png,KolektorSDD2/test/ann/20399.png.json,228,637,228,637,3,0.3579,False,0,none,none,0,0.0,0,0,,Negative,0.0,,,,,OK,False
ksdd2_20401,KolektorSDD2,test,test,KolektorSDD2/test/img/20401.png,KolektorSDD2/test/ann/20401.png.json,231,642,231,642,3,0.3598,False,0,none,none,0,0.0,0,0,,Negative,0.0,,,,,OK,False
ksdd2_20402,KolektorSDD2,test,test,KolektorSDD2/test/img/20402.png,KolektorSDD2/test/ann/20402.png.json,226,642,226,642,3,0.352,False,0,none,none,0,0.0,0,0,,Negative,0.0,,,,,OK,False
ksdd2_20404,KolektorSDD2,test,test,KolektorSDD2/test/img/20404.png,KolektorSDD2/test/ann/20404.png.json,229,639,229,639,3,0.3584,False,0,none,none,0,0.0,0,0,,Negative,0.0,,,,,OK,False
ksdd2_20406,KolektorSDD2,test,test,KolektorSDD2/test/img/20406.png,KolektorSDD2/test/ann/20406.png.json,230,639,230,639,3,0.3599,False,0,none,none,0,0.0,0,0,,Negative,0.0,,,,,OK,False
ksdd2_20407,KolektorSDD2,test,test,KolektorSDD2/test/img/20407.png,KolektorSDD2/test/ann/20407.png.json,236,641,236,641,3,0.3682,False,0,none,none,0,0.0,0,0,,Negative,0.0,,,,,OK,False
ksdd2_20408,KolektorSDD2,test,test,KolektorSDD2/test/img/20408.png,KolektorSDD2/test/ann/20408.png.json,227,621,227,621,3,0.3655,False,0,none,none,0,0.0,0,0,,Negative,0.0,,,,,OK,False
ksdd2_20409,KolektorSDD2,test,test,KolektorSDD2/test/img/20409.png,KolektorSDD2/test/ann/20409.png.json,228,641,228,641,3,0.3557,False,0,none,none,0,0.0,0,0,,Negative,0.0,,,,,OK,False
ksdd2_20412,KolektorSDD2,test,test,KolektorSDD2/test/img/20412.png,KolektorSDD2/test/ann/20412.png.json,228,641,228,641,3,0.3557,False,0,none,none,0,0.0,0,0,,Negative,0.0,,,,,OK,False
ksdd2_20415,KolektorSDD2,test,test,KolektorSDD2/test/img/20415.png,KolektorSDD2/test/ann/20415.png.json,233,641,233,641,3,0.3635,False,0,none,none,0,0.0,0,0,,Negative,0.0,,,,,OK,False
ksdd2_20416,KolektorSDD2,test,test,KolektorSDD2/test/img/20416.png,KolektorSDD2/test/ann/20416.png.json,222,625,222,625,3,0.3552,True,1,defect,defect,13817,9.9582,1,13817,13817,Large,499.22,0,5,127,160,OK,True
ksdd2_20417,KolektorSDD2,test,test,KolektorSDD2/test/img/20417.png,KolektorSDD2/test/ann/20417.png.json,228,633,228,633,3,0.3602,False,0,none,none,0,0.0,0,0,,Negative,0.0,,,,,OK,False
ksdd2_20418,KolektorSDD2,test,test,KolektorSDD2/test/img/20418.png,KolektorSDD2/test/ann/20418.png.json,234,635,234,635,3,0.3685,False,0,none,none,0,0.0,0,0,,Negative,0.0,,,,,OK,False
ksdd2_20421,KolektorSDD2,test,test,KolektorSDD2/test/img/20421.png,KolektorSDD2/test/ann/20421.png.json,232,644,232,644,3,0.3602,False,0,none,none,0,0.0,0,0,,Negative,0.0,,,,,OK,False
ksdd2_20424,KolektorSDD2,test,test,KolektorSDD2/test/img/20424.png,KolektorSDD2/test/ann/20424.png.json,208,624,208,624,3,0.3333,False,0,none,none,0,0.0,0,0,,Negative,0.0,,,,,OK,False
ksdd2_20425,KolektorSDD2,test,test,KolektorSDD2/test/img/20425.png,KolektorSDD2/test/ann/20425.png.json,227,626,227,626,3,0.3626,False,0,none,none,0,0.0,0,0,,Negative,0.0,,,,,OK,False
ksdd2_20426,KolektorSDD2,test,test,KolektorSDD2/test/img/20426.png,KolektorSDD2/test/ann/20426.png.json,228,640,228,640,3,0.3563,True,1,defect,defect,672,0.4605,1,672,672,Small,117.56,15,591,29,639,OK,True
ksdd2_20427,KolektorSDD2,test,test,KolektorSDD2/test/img/20427.png,KolektorSDD2/test/ann/20427.png.json,201,632,201,632,3,0.318,False,0,none,none,0,0.0,0,0,,Negative,0.0,,,,,OK,False
ksdd2_20433,KolektorSDD2,test,test,KolektorSDD2/test/img/20433.png,KolektorSDD2/test/ann/20433.png.json,233,642,233,642,3,0.3629,False,0,none,none,0,0.0,0,0,,Negative,0.0,,,,,OK,False
ksdd2_20436,KolektorSDD2,test,test,KolektorSDD2/test/img/20436.png,KolektorSDD2/test/ann/20436.png.json,228,634,228,634,3,0.3596,False,0,none,none,0,0.0,0,0,,Negative,0.0,,,,,OK,False
ksdd2_20438,KolektorSDD2,test,test,KolektorSDD2/test/img/20438.png,KolektorSDD2/test/ann/20438.png.json,232,634,232,634,3,0.3659,False,0,none,none,0,0.0,0,0,,Negative,0.0,,,,,OK,False
ksdd2_20440,KolektorSDD2,test,test,KolektorSDD2/test/img/20440.png,KolektorSDD2/test/ann/20440.png.json,226,635,226,635,3,0.3559,False,0,none,none,0,0.0,0,0,,Negative,0.0,,,,,OK,False
ksdd2_20441,KolektorSDD2,test,test,KolektorSDD2/test/img/20441.png,KolektorSDD2/test/ann/20441.png.json,231,650,231,650,3,0.3554,False,0,none,none,0,0.0,0,0,,Negative,0.0,,,,,OK,False
ksdd2_20442,KolektorSDD2,test,test,KolektorSDD2/test/img/20442.png,KolektorSDD2/test/ann/20442.png.json,224,628,224,628,3,0.3567,False,0,none,none,0,0.0,0,0,,Negative,0.0,,,,,OK,False
ksdd2_20446,KolektorSDD2,test,test,KolektorSDD2/test/img/20446.png,KolektorSDD2/test/ann/20446.png.json,237,645,237,645,3,0.3674,False,0,none,none,0,0.0,0,0,,Negative,0.0,,,,,OK,False
ksdd2_20450,KolektorSDD2,test,test,KolektorSDD2/test/img/20450.png,KolektorSDD2/test/ann/20450.png.json,222,638,222,638,3,0.348,False,0,none,none,0,0.0,0,0,,Negative,0.0,,,,,OK,False
ksdd2_20453,KolektorSDD2,test,test,KolektorSDD2/test/img/20453.png,KolektorSDD2/test/ann/20453.png.json,233,637,233,637,3,0.3658,False,0,none,none,0,0.0,0,0,,Negative,0.0,,,,,OK,False
ksdd2_20454,KolektorSDD2,test,test,KolektorSDD2/test/img/20454.png,KolektorSDD2/test/ann/20454.png.json,234,642,234,642,3,0.3645,False,0,none,none,0,0.0,0,0,,Negative,0.0,,,,,OK,False
ksdd2_20455,KolektorSDD2,test,test,KolektorSDD2/test/img/20455.png,KolektorSDD2/test/ann/20455.png.json,235,645,235,645,3,0.3643,False,0,none,none,0,0.0,0,0,,Negative,0.0,,,,,OK,False
ksdd2_20458,KolektorSDD2,test,test,KolektorSDD2/test/img/20458.png,KolektorSDD2/test/ann/20458.png.json,234,645,234,645,3,0.3628,False,0,none,none,0,0.0,0,0,,Negative,0.0,,,,,OK,False
ksdd2_20459,KolektorSDD2,test,test,KolektorSDD2/test/img/20459.png,KolektorSDD2/test/ann/20459.png.json,232,644,232,644,3,0.3602,False,0,none,none,0,0.0,0,0,,Negative,0.0,,,,,OK,False
ksdd2_20463,KolektorSDD2,test,test,KolektorSDD2/test/img/20463.png,KolektorSDD2/test/ann/20463.png.json,230,638,230,638,3,0.3605,False,0,none,none,0,0.0,0,0,,Negative,0.0,,,,,OK,False
ksdd2_20464,KolektorSDD2,test,test,KolektorSDD2/test/img/20464.png,KolektorSDD2/test/ann/20464.png.json,222,633,222,633,3,0.3507,False,0,none,none,0,0.0,0,0,,Negative,0.0,,,,,OK,False
ksdd2_20468,KolektorSDD2,test,test,KolektorSDD2/test/img/20468.png,KolektorSDD2/test/ann/20468.png.json,236,642,236,642,3,0.3676,False,0,none,none,0,0.0,0,0,,Negative,0.0,,,,,OK,False
ksdd2_20472,KolektorSDD2,test,test,KolektorSDD2/test/img/20472.png,KolektorSDD2/test/ann/20472.png.json,233,637,233,637,3,0.3658,False,0,none,none,0,0.0,0,0,,Negative,0.0,,,,,OK,False
ksdd2_20474,KolektorSDD2,test,test,KolektorSDD2/test/img/20474.png,KolektorSDD2/test/ann/20474.png.json,229,637,229,637,3,0.3595,False,0,none,none,0,0.0,0,0,,Negative,0.0,,,,,OK,False
ksdd2_20475,KolektorSDD2,test,test,KolektorSDD2/test/img/20475.png,KolektorSDD2/test/ann/20475.png.json,230,631,230,631,3,0.3645,False,0,none,none,0,0.0,0,0,,Negative,0.0,,,,,OK,False
ksdd2_20478,KolektorSDD2,test,test,KolektorSDD2/test/img/20478.png,KolektorSDD2/test/ann/20478.png.json,233,647,233,647,3,0.3601,False,0,none,none,0,0.0,0,0,,Negative,0.0,,,,,OK,False
ksdd2_20483,KolektorSDD2,test,test,KolektorSDD2/test/img/20483.png,KolektorSDD2/test/ann/20483.png.json,231,639,231,639,3,0.3615,False,0,none,none,0,0.0,0,0,,Negative,0.0,,,,,OK,False
ksdd2_20486,KolektorSDD2,test,test,KolektorSDD2/test/img/20486.png,KolektorSDD2/test/ann/20486.png.json,228,635,228,635,3,0.3591,True,1,defect,defect,1576,1.0885,1,1576,1576,Medium,204.85,155,339,227,387,OK,True
ksdd2_20487,KolektorSDD2,test,test,KolektorSDD2/test/img/20487.png,KolektorSDD2/test/ann/20487.png.json,234,639,234,639,3,0.3662,True,1,defect,defect,1281,0.8567,1,1281,1281,Medium,152.91,30,296,65,348,OK,True
ksdd2_20489,KolektorSDD2,test,test,KolektorSDD2/test/img/20489.png,KolektorSDD2/test/ann/20489.png.json,227,633,227,633,3,0.3586,False,0,none,none,0,0.0,0,0,,Negative,0.0,,,,,OK,False
ksdd2_20491,KolektorSDD2,test,test,KolektorSDD2/test/img/20491.png,KolektorSDD2/test/ann/20491.png.json,222,628,222,628,3,0.3535,False,0,none,none,0,0.0,0,0,,Negative,0.0,,,,,OK,False
ksdd2_20493,KolektorSDD2,test,test,KolektorSDD2/test/img/20493.png,KolektorSDD2/test/ann/20493.png.json,234,646,234,646,3,0.3622,False,0,none,none,0,0.0,0,0,,Negative,0.0,,,,,OK,False
ksdd2_20495,KolektorSDD2,test,test,KolektorSDD2/test/img/20495.png,KolektorSDD2/test/ann/20495.png.json,227,629,227,629,3,0.3609,False,0,none,none,0,0.0,0,0,,Negative,0.0,,,,,OK,False
ksdd2_20496,KolektorSDD2,test,test,KolektorSDD2/test/img/20496.png,KolektorSDD2/test/ann/20496.png.json,231,635,231,635,3,0.3638,False,0,none,none,0,0.0,0,0,,Negative,0.0,,,,,OK,False
ksdd2_20498,KolektorSDD2,test,test,KolektorSDD2/test/img/20498.png,KolektorSDD2/test/ann/20498.png.json,232,639,232,639,3,0.3631,False,0,none,none,0,0.0,0,0,,Negative,0.0,,,,,OK,False
ksdd2_20499,KolektorSDD2,test,test,KolektorSDD2/test/img/20499.png,KolektorSDD2/test/ann/20499.png.json,227,636,227,636,3,0.3569,False,0,none,none,0,0.0,0,0,,Negative,0.0,,,,,OK,False
ksdd2_20502,KolektorSDD2,test,test,KolektorSDD2/test/img/20502.png,KolektorSDD2/test/ann/20502.png.json,236,637,236,637,3,0.3705,True,1,defect,defect,17570,11.6875,1,17570,17570,Large,630.87,21,412,207,617,OK,True
ksdd2_20503,KolektorSDD2,test,test,KolektorSDD2/test/img/20503.png,KolektorSDD2/test/ann/20503.png.json,230,640,230,640,3,0.3594,False,0,none,none,0,0.0,0,0,,Negative,0.0,,,,,OK,False
ksdd2_20504,KolektorSDD2,test,test,KolektorSDD2/test/img/20504.png,KolektorSDD2/test/ann/20504.png.json,234,634,234,634,3,0.3691,False,0,none,none,0,0.0,0,0,,Negative,0.0,,,,,OK,False
ksdd2_20505,KolektorSDD2,test,test,KolektorSDD2/test/img/20505.png,KolektorSDD2/test/ann/20505.png.json,228,630,228,630,3,0.3619,False,0,none,none,0,0.0,0,0,,Negative,0.0,,,,,OK,False
ksdd2_20507,KolektorSDD2,test,test,KolektorSDD2/test/img/20507.png,KolektorSDD2/test/ann/20507.png.json,225,635,225,635,3,0.3543,False,0,none,none,0,0.0,0,0,,Negative,0.0,,,,,OK,False
ksdd2_20508,KolektorSDD2,test,test,KolektorSDD2/test/img/20508.png,KolektorSDD2/test/ann/20508.png.json,230,634,230,634,3,0.3628,False,0,none,none,0,0.0,0,0,,Negative,0.0,,,,,OK,False
ksdd2_20510,KolektorSDD2,test,test,KolektorSDD2/test/img/20510.png,KolektorSDD2/test/ann/20510.png.json,231,642,231,642,3,0.3598,False,0,none,none,0,0.0,0,0,,Negative,0.0,,,,,OK,False
ksdd2_20513,KolektorSDD2,test,test,KolektorSDD2/test/img/20513.png,KolektorSDD2/test/ann/20513.png.json,222,628,222,628,3,0.3535,False,0,none,none,0,0.0,0,0,,Negative,0.0,,,,,OK,False
ksdd2_20514,KolektorSDD2,test,test,KolektorSDD2/test/img/20514.png,KolektorSDD2/test/ann/20514.png.json,229,634,229,634,3,0.3612,False,0,none,none,0,0.0,0,0,,Negative,0.0,,,,,OK,False
ksdd2_20515,KolektorSDD2,test,test,KolektorSDD2/test/img/20515.png,KolektorSDD2/test/ann/20515.png.json,230,640,230,640,3,0.3594,False,0,none,none,0,0.0,0,0,,Negative,0.0,,,,,OK,False
ksdd2_20517,KolektorSDD2,test,test,KolektorSDD2/test/img/20517.png,KolektorSDD2/test/ann/20517.png.json,233,638,233,638,3,0.3652,True,1,defect,defect,7801,5.2478,1,7801,7801,Large,440.92,47,249,179,376,OK,True
ksdd2_20518,KolektorSDD2,test,test,KolektorSDD2/test/img/20518.png,KolektorSDD2/test/ann/20518.png.json,236,645,236,645,3,0.3659,False,0,none,none,0,0.0,0,0,,Negative,0.0,,,,,OK,False
ksdd2_20520,KolektorSDD2,test,test,KolektorSDD2/test/img/20520.png,KolektorSDD2/test/ann/20520.png.json,226,639,226,639,3,0.3537,False,0,none,none,0,0.0,0,0,,Negative,0.0,,,,,OK,False
ksdd2_20524,KolektorSDD2,test,test,KolektorSDD2/test/img/20524.png,KolektorSDD2/test/ann/20524.png.json,229,640,229,640,3,0.3578,False,0,none,none,0,0.0,0,0,,Negative,0.0,,,,,OK,False
ksdd2_20525,KolektorSDD2,test,test,KolektorSDD2/test/img/20525.png,KolektorSDD2/test/ann/20525.png.json,224,641,224,641,3,0.3495,False,0,none,none,0,0.0,0,0,,Negative,0.0,,,,,OK,False
ksdd2_20527,KolektorSDD2,test,test,KolektorSDD2/test/img/20527.png,KolektorSDD2/test/ann/20527.png.json,241,636,241,636,3,0.3789,False,0,none,none,0,0.0,0,0,,Negative,0.0,,,,,OK,False
ksdd2_20528,KolektorSDD2,test,test,KolektorSDD2/test/img/20528.png,KolektorSDD2/test/ann/20528.png.json,226,631,226,631,3,0.3582,False,0,none,none,0,0.0,0,0,,Negative,0.0,,,,,OK,False
ksdd2_20529,KolektorSDD2,test,test,KolektorSDD2/test/img/20529.png,KolektorSDD2/test/ann/20529.png.json,226,640,226,640,3,0.3531,False,0,none,none,0,0.0,0,0,,Negative,0.0,,,,,OK,False
ksdd2_20531,KolektorSDD2,test,test,KolektorSDD2/test/img/20531.png,KolektorSDD2/test/ann/20531.png.json,234,643,234,643,3,0.3639,False,0,none,none,0,0.0,0,0,,Negative,0.0,,,,,OK,False
ksdd2_20532,KolektorSDD2,test,test,KolektorSDD2/test/img/20532.png,KolektorSDD2/test/ann/20532.png.json,231,614,231,614,3,0.3762,False,0,none,none,0,0.0,0,0,,Negative,0.0,,,,,OK,False
ksdd2_20534,KolektorSDD2,test,test,KolektorSDD2/test/img/20534.png,KolektorSDD2/test/ann/20534.png.json,233,639,233,639,3,0.3646,False,0,none,none,0,0.0,0,0,,Negative,0.0,,,,,OK,False
ksdd2_20536,KolektorSDD2,test,test,KolektorSDD2/test/img/20536.png,KolektorSDD2/test/ann/20536.png.json,234,643,234,643,3,0.3639,False,0,none,none,0,0.0,0,0,,Negative,0.0,,,,,OK,False
ksdd2_20537,KolektorSDD2,test,test,KolektorSDD2/test/img/20537.png,KolektorSDD2/test/ann/20537.png.json,232,649,232,649,3,0.3575,False,0,none,none,0,0.0,0,0,,Negative,0.0,,,,,OK,False
ksdd2_20538,KolektorSDD2,test,test,KolektorSDD2/test/img/20538.png,KolektorSDD2/test/ann/20538.png.json,230,638,230,638,3,0.3605,False,0,none,none,0,0.0,0,0,,Negative,0.0,,,,,OK,False
ksdd2_20539,KolektorSDD2,test,test,KolektorSDD2/test/img/20539.png,KolektorSDD2/test/ann/20539.png.json,227,644,227,644,3,0.3525,False,0,none,none,0,0.0,0,0,,Negative,0.0,,,,,OK,False
ksdd2_20541,KolektorSDD2,test,test,KolektorSDD2/test/img/20541.png,KolektorSDD2/test/ann/20541.png.json,233,638,233,638,3,0.3652,False,0,none,none,0,0.0,0,0,,Negative,0.0,,,,,OK,False
ksdd2_20542,KolektorSDD2,test,test,KolektorSDD2/test/img/20542.png,KolektorSDD2/test/ann/20542.png.json,228,628,228,628,3,0.3631,False,0,none,none,0,0.0,0,0,,Negative,0.0,,,,,OK,False
ksdd2_20548,KolektorSDD2,test,test,KolektorSDD2/test/img/20548.png,KolektorSDD2/test/ann/20548.png.json,226,634,226,634,3,0.3565,False,0,none,none,0,0.0,0,0,,Negative,0.0,,,,,OK,False
ksdd2_20550,KolektorSDD2,test,test,KolektorSDD2/test/img/20550.png,KolektorSDD2/test/ann/20550.png.json,225,644,225,644,3,0.3494,False,0,none,none,0,0.0,0,0,,Negative,0.0,,,,,OK,False
ksdd2_20551,KolektorSDD2,test,test,KolektorSDD2/test/img/20551.png,KolektorSDD2/test/ann/20551.png.json,232,641,232,641,3,0.3619,False,0,none,none,0,0.0,0,0,,Negative,0.0,,,,,OK,False
ksdd2_20553,KolektorSDD2,test,test,KolektorSDD2/test/img/20553.png,KolektorSDD2/test/ann/20553.png.json,234,641,234,641,3,0.3651,False,0,none,none,0,0.0,0,0,,Negative,0.0,,,,,OK,False
ksdd2_20554,KolektorSDD2,test,test,KolektorSDD2/test/img/20554.png,KolektorSDD2/test/ann/20554.png.json,232,641,232,641,3,0.3619,False,0,none,none,0,0.0,0,0,,Negative,0.0,,,,,OK,False
ksdd2_20555,KolektorSDD2,test,test,KolektorSDD2/test/img/20555.png,KolektorSDD2/test/ann/20555.png.json,229,629,229,629,3,0.3641,False,0,none,none,0,0.0,0,0,,Negative,0.0,,,,,OK,False
ksdd2_20556,KolektorSDD2,test,test,KolektorSDD2/test/img/20556.png,KolektorSDD2/test/ann/20556.png.json,228,627,228,627,3,0.3636,False,0,none,none,0,0.0,0,0,,Negative,0.0,,,,,OK,False
ksdd2_20557,KolektorSDD2,test,test,KolektorSDD2/test/img/20557.png,KolektorSDD2/test/ann/20557.png.json,237,631,237,631,3,0.3756,False,0,none,none,0,0.0,0,0,,Negative,0.0,,,,,OK,False
ksdd2_20559,KolektorSDD2,test,test,KolektorSDD2/test/img/20559.png,KolektorSDD2/test/ann/20559.png.json,228,640,228,640,3,0.3563,False,0,none,none,0,0.0,0,0,,Negative,0.0,,,,,OK,False
ksdd2_20560,KolektorSDD2,test,test,KolektorSDD2/test/img/20560.png,KolektorSDD2/test/ann/20560.png.json,227,627,227,627,3,0.362,False,0,none,none,0,0.0,0,0,,Negative,0.0,,,,,OK,False
ksdd2_20561,KolektorSDD2,test,test,KolektorSDD2/test/img/20561.png,KolektorSDD2/test/ann/20561.png.json,232,637,232,637,3,0.3642,True,1,defect,defect,4131,2.7953,1,4131,4131,Large,248.85,30,519,100,591,OK,True
ksdd2_20562,KolektorSDD2,test,test,KolektorSDD2/test/img/20562.png,KolektorSDD2/test/ann/20562.png.json,236,640,236,640,3,0.3688,False,0,none,none,0,0.0,0,0,,Negative,0.0,,,,,OK,False
ksdd2_20563,KolektorSDD2,test,test,KolektorSDD2/test/img/20563.png,KolektorSDD2/test/ann/20563.png.json,227,639,227,639,3,0.3552,False,0,none,none,0,0.0,0,0,,Negative,0.0,,,,,OK,False
ksdd2_20565,KolektorSDD2,test,test,KolektorSDD2/test/img/20565.png,KolektorSDD2/test/ann/20565.png.json,226,640,226,640,3,0.3531,False,0,none,none,0,0.0,0,0,,Negative,0.0,,,,,OK,False
ksdd2_20566,KolektorSDD2,test,test,KolektorSDD2/test/img/20566.png,KolektorSDD2/test/ann/20566.png.json,226,634,226,634,3,0.3565,False,0,none,none,0,0.0,0,0,,Negative,0.0,,,,,OK,False
ksdd2_20567,KolektorSDD2,test,test,KolektorSDD2/test/img/20567.png,KolektorSDD2/test/ann/20567.png.json,231,634,231,634,3,0.3644,False,0,none,none,0,0.0,0,0,,Negative,0.0,,,,,OK,False
ksdd2_20568,KolektorSDD2,test,test,KolektorSDD2/test/img/20568.png,KolektorSDD2/test/ann/20568.png.json,227,632,227,632,3,0.3592,False,0,none,none,0,0.0,0,0,,Negative,0.0,,,,,OK,False
ksdd2_20569,KolektorSDD2,test,test,KolektorSDD2/test/img/20569.png,KolektorSDD2/test/ann/20569.png.json,227,635,227,635,3,0.3575,False,0,none,none,0,0.0,0,0,,Negative,0.0,,,,,OK,False
ksdd2_20570,KolektorSDD2,test,test,KolektorSDD2/test/img/20570.png,KolektorSDD2/test/ann/20570.png.json,226,629,226,629,3,0.3593,False,0,none,none,0,0.0,0,0,,Negative,0.0,,,,,OK,False
ksdd2_20572,KolektorSDD2,test,test,KolektorSDD2/test/img/20572.png,KolektorSDD2/test/ann/20572.png.json,224,627,224,627,3,0.3573,False,0,none,none,0,0.0,0,0,,Negative,0.0,,,,,OK,False
ksdd2_20573,KolektorSDD2,test,test,KolektorSDD2/test/img/20573.png,KolektorSDD2/test/ann/20573.png.json,223,632,223,632,3,0.3528,False,0,none,none,0,0.0,0,0,,Negative,0.0,,,,,OK,False
ksdd2_20575,KolektorSDD2,test,test,KolektorSDD2/test/img/20575.png,KolektorSDD2/test/ann/20575.png.json,228,646,228,646,3,0.3529,False,0,none,none,0,0.0,0,0,,Negative,0.0,,,,,OK,False
ksdd2_20576,KolektorSDD2,test,test,KolektorSDD2/test/img/20576.png,KolektorSDD2/test/ann/20576.png.json,233,637,233,637,3,0.3658,False,0,none,none,0,0.0,0,0,,Negative,0.0,,,,,OK,False
ksdd2_20578,KolektorSDD2,test,test,KolektorSDD2/test/img/20578.png,KolektorSDD2/test/ann/20578.png.json,230,634,230,634,3,0.3628,False,0,none,none,0,0.0,0,0,,Negative,0.0,,,,,OK,False
ksdd2_20581,KolektorSDD2,test,test,KolektorSDD2/test/img/20581.png,KolektorSDD2/test/ann/20581.png.json,226,639,226,639,3,0.3537,False,0,none,none,0,0.0,0,0,,Negative,0.0,,,,,OK,False
ksdd2_20582,KolektorSDD2,test,test,KolektorSDD2/test/img/20582.png,KolektorSDD2/test/ann/20582.png.json,228,641,228,641,3,0.3557,False,0,none,none,0,0.0,0,0,,Negative,0.0,,,,,OK,False
ksdd2_20584,KolektorSDD2,test,test,KolektorSDD2/test/img/20584.png,KolektorSDD2/test/ann/20584.png.json,226,636,226,636,3,0.3553,False,0,none,none,0,0.0,0,0,,Negative,0.0,,,,,OK,False
ksdd2_20586,KolektorSDD2,test,test,KolektorSDD2/test/img/20586.png,KolektorSDD2/test/ann/20586.png.json,235,641,235,641,3,0.3666,False,0,none,none,0,0.0,0,0,,Negative,0.0,,,,,OK,False
ksdd2_20587,KolektorSDD2,test,test,KolektorSDD2/test/img/20587.png,KolektorSDD2/test/ann/20587.png.json,237,637,237,637,3,0.3721,True,1,defect,defect,2535,1.6792,1,2535,2535,Medium,206.85,185,253,236,323,OK,True
ksdd2_20589,KolektorSDD2,test,test,KolektorSDD2/test/img/20589.png,KolektorSDD2/test/ann/20589.png.json,237,633,237,633,3,0.3744,False,0,none,none,0,0.0,0,0,,Negative,0.0,,,,,OK,False
ksdd2_20591,KolektorSDD2,test,test,KolektorSDD2/test/img/20591.png,KolektorSDD2/test/ann/20591.png.json,227,630,227,630,3,0.3603,False,0,none,none,0,0.0,0,0,,Negative,0.0,,,,,OK,False
ksdd2_20592,KolektorSDD2,test,test,KolektorSDD2/test/img/20592.png,KolektorSDD2/test/ann/20592.png.json,232,630,232,630,3,0.3683,False,0,none,none,0,0.0,0,0,,Negative,0.0,,,,,OK,False
ksdd2_20593,KolektorSDD2,test,test,KolektorSDD2/test/img/20593.png,KolektorSDD2/test/ann/20593.png.json,226,633,226,633,3,0.357,False,0,none,none,0,0.0,0,0,,Negative,0.0,,,,,OK,False
ksdd2_20597,KolektorSDD2,test,test,KolektorSDD2/test/img/20597.png,KolektorSDD2/test/ann/20597.png.json,226,630,226,630,3,0.3587,False,0,none,none,0,0.0,0,0,,Negative,0.0,,,,,OK,False
ksdd2_20598,KolektorSDD2,test,test,KolektorSDD2/test/img/20598.png,KolektorSDD2/test/ann/20598.png.json,226,628,226,628,3,0.3599,False,0,none,none,0,0.0,0,0,,Negative,0.0,,,,,OK,False
ksdd2_20599,KolektorSDD2,test,test,KolektorSDD2/test/img/20599.png,KolektorSDD2/test/ann/20599.png.json,227,640,227,640,3,0.3547,True,2,defect,defect,3434,2.3637,2,1945,1945;1489,Medium,467.72,0,78,226,315,OK,True
ksdd2_20600,KolektorSDD2,test,test,KolektorSDD2/test/img/20600.png,KolektorSDD2/test/ann/20600.png.json,233,644,233,644,3,0.3618,True,1,defect,defect,3218,2.1446,1,3218,3218,Medium,279.78,154,268,232,326,OK,True
ksdd2_20601,KolektorSDD2,test,test,KolektorSDD2/test/img/20601.png,KolektorSDD2/test/ann/20601.png.json,229,636,229,636,3,0.3601,False,0,none,none,0,0.0,0,0,,Negative,0.0,,,,,OK,False
ksdd2_20602,KolektorSDD2,test,test,KolektorSDD2/test/img/20602.png,KolektorSDD2/test/ann/20602.png.json,233,644,233,644,3,0.3618,False,0,none,none,0,0.0,0,0,,Negative,0.0,,,,,OK,False
ksdd2_20603,KolektorSDD2,test,test,KolektorSDD2/test/img/20603.png,KolektorSDD2/test/ann/20603.png.json,238,634,238,634,3,0.3754,False,0,none,none,0,0.0,0,0,,Negative,0.0,,,,,OK,False
ksdd2_20605,KolektorSDD2,test,test,KolektorSDD2/test/img/20605.png,KolektorSDD2/test/ann/20605.png.json,226,638,226,638,3,0.3542,False,0,none,none,0,0.0,0,0,,Negative,0.0,,,,,OK,False
ksdd2_20607,KolektorSDD2,test,test,KolektorSDD2/test/img/20607.png,KolektorSDD2/test/ann/20607.png.json,235,641,235,641,3,0.3666,False,0,none,none,0,0.0,0,0,,Negative,0.0,,,,,OK,False
ksdd2_20608,KolektorSDD2,test,test,KolektorSDD2/test/img/20608.png,KolektorSDD2/test/ann/20608.png.json,233,642,233,642,3,0.3629,False,0,none,none,0,0.0,0,0,,Negative,0.0,,,,,OK,False
ksdd2_20613,KolektorSDD2,test,test,KolektorSDD2/test/img/20613.png,KolektorSDD2/test/ann/20613.png.json,229,636,229,636,3,0.3601,False,0,none,none,0,0.0,0,0,,Negative,0.0,,,,,OK,False
ksdd2_20615,KolektorSDD2,test,test,KolektorSDD2/test/img/20615.png,KolektorSDD2/test/ann/20615.png.json,206,643,206,643,3,0.3204,False,0,none,none,0,0.0,0,0,,Negative,0.0,,,,,OK,False
ksdd2_20618,KolektorSDD2,test,test,KolektorSDD2/test/img/20618.png,KolektorSDD2/test/ann/20618.png.json,229,638,229,638,3,0.3589,False,0,none,none,0,0.0,0,0,,Negative,0.0,,,,,OK,False
ksdd2_20619,KolektorSDD2,test,test,KolektorSDD2/test/img/20619.png,KolektorSDD2/test/ann/20619.png.json,228,643,228,643,3,0.3546,False,0,none,none,0,0.0,0,0,,Negative,0.0,,,,,OK,False
ksdd2_20620,KolektorSDD2,test,test,KolektorSDD2/test/img/20620.png,KolektorSDD2/test/ann/20620.png.json,227,625,227,625,3,0.3632,False,0,none,none,0,0.0,0,0,,Negative,0.0,,,,,OK,False
ksdd2_20622,KolektorSDD2,test,test,KolektorSDD2/test/img/20622.png,KolektorSDD2/test/ann/20622.png.json,227,628,227,628,3,0.3615,False,0,none,none,0,0.0,0,0,,Negative,0.0,,,,,OK,False
ksdd2_20627,KolektorSDD2,test,test,KolektorSDD2/test/img/20627.png,KolektorSDD2/test/ann/20627.png.json,236,637,236,637,3,0.3705,False,0,none,none,0,0.0,0,0,,Negative,0.0,,,,,OK,False
ksdd2_20628,KolektorSDD2,test,test,KolektorSDD2/test/img/20628.png,KolektorSDD2/test/ann/20628.png.json,234,638,234,638,3,0.3668,False,0,none,none,0,0.0,0,0,,Negative,0.0,,,,,OK,False
ksdd2_20629,KolektorSDD2,test,test,KolektorSDD2/test/img/20629.png,KolektorSDD2/test/ann/20629.png.json,228,643,228,643,3,0.3546,False,0,none,none,0,0.0,0,0,,Negative,0.0,,,,,OK,False
ksdd2_20632,KolektorSDD2,test,test,KolektorSDD2/test/img/20632.png,KolektorSDD2/test/ann/20632.png.json,229,642,229,642,3,0.3567,True,1,defect,defect,870,0.5918,1,870,870,Small,151.56,1,348,61,367,OK,True
ksdd2_20633,KolektorSDD2,test,test,KolektorSDD2/test/img/20633.png,KolektorSDD2/test/ann/20633.png.json,231,641,231,641,3,0.3604,False,0,none,none,0,0.0,0,0,,Negative,0.0,,,,,OK,False
ksdd2_20636,KolektorSDD2,test,test,KolektorSDD2/test/img/20636.png,KolektorSDD2/test/ann/20636.png.json,233,632,233,632,3,0.3687,False,0,none,none,0,0.0,0,0,,Negative,0.0,,,,,OK,False
ksdd2_20637,KolektorSDD2,test,test,KolektorSDD2/test/img/20637.png,KolektorSDD2/test/ann/20637.png.json,227,651,227,651,3,0.3487,False,0,none,none,0,0.0,0,0,,Negative,0.0,,,,,OK,False
ksdd2_20638,KolektorSDD2,test,test,KolektorSDD2/test/img/20638.png,KolektorSDD2/test/ann/20638.png.json,205,645,205,645,3,0.3178,False,0,none,none,0,0.0,0,0,,Negative,0.0,,,,,OK,False
ksdd2_20639,KolektorSDD2,test,test,KolektorSDD2/test/img/20639.png,KolektorSDD2/test/ann/20639.png.json,227,631,227,631,3,0.3597,False,0,none,none,0,0.0,0,0,,Negative,0.0,,,,,OK,False
ksdd2_20640,KolektorSDD2,test,test,KolektorSDD2/test/img/20640.png,KolektorSDD2/test/ann/20640.png.json,228,631,228,631,3,0.3613,True,1,defect,defect,1200,0.8341,1,1200,1200,Medium,240.35,171,115,227,206,OK,True
ksdd2_20649,KolektorSDD2,test,test,KolektorSDD2/test/img/20649.png,KolektorSDD2/test/ann/20649.png.json,211,628,211,628,3,0.336,False,0,none,none,0,0.0,0,0,,Negative,0.0,,,,,OK,False
ksdd2_20650,KolektorSDD2,test,test,KolektorSDD2/test/img/20650.png,KolektorSDD2/test/ann/20650.png.json,230,635,230,635,3,0.3622,False,0,none,none,0,0.0,0,0,,Negative,0.0,,,,,OK,False
ksdd2_20652,KolektorSDD2,test,test,KolektorSDD2/test/img/20652.png,KolektorSDD2/test/ann/20652.png.json,228,638,228,638,3,0.3574,False,0,none,none,0,0.0,0,0,,Negative,0.0,,,,,OK,False
ksdd2_20653,KolektorSDD2,test,test,KolektorSDD2/test/img/20653.png,KolektorSDD2/test/ann/20653.png.json,227,637,227,637,3,0.3564,False,0,none,none,0,0.0,0,0,,Negative,0.0,,,,,OK,False
ksdd2_20654,KolektorSDD2,test,test,KolektorSDD2/test/img/20654.png,KolektorSDD2/test/ann/20654.png.json,234,640,234,640,3,0.3656,False,0,none,none,0,0.0,0,0,,Negative,0.0,,,,,OK,False
ksdd2_20656,KolektorSDD2,test,test,KolektorSDD2/test/img/20656.png,KolektorSDD2/test/ann/20656.png.json,228,649,228,649,3,0.3513,False,0,none,none,0,0.0,0,0,,Negative,0.0,,,,,OK,False
ksdd2_20658,KolektorSDD2,test,test,KolektorSDD2/test/img/20658.png,KolektorSDD2/test/ann/20658.png.json,232,636,232,636,3,0.3648,False,0,none,none,0,0.0,0,0,,Negative,0.0,,,,,OK,False
ksdd2_20662,KolektorSDD2,test,test,KolektorSDD2/test/img/20662.png,KolektorSDD2/test/ann/20662.png.json,229,631,229,631,3,0.3629,False,0,none,none,0,0.0,0,0,,Negative,0.0,,,,,OK,False
ksdd2_20664,KolektorSDD2,test,test,KolektorSDD2/test/img/20664.png,KolektorSDD2/test/ann/20664.png.json,230,637,230,637,3,0.3611,False,0,none,none,0,0.0,0,0,,Negative,0.0,,,,,OK,False
ksdd2_20665,KolektorSDD2,test,test,KolektorSDD2/test/img/20665.png,KolektorSDD2/test/ann/20665.png.json,226,646,226,646,3,0.3498,True,3,defect,defect,3809,2.609,3,2102,2102;861;846,Medium,444.49,0,312,144,645,OK,True
ksdd2_20666,KolektorSDD2,test,test,KolektorSDD2/test/img/20666.png,KolektorSDD2/test/ann/20666.png.json,232,639,232,639,3,0.3631,False,0,none,none,0,0.0,0,0,,Negative,0.0,,,,,OK,False
ksdd2_20667,KolektorSDD2,test,test,KolektorSDD2/test/img/20667.png,KolektorSDD2/test/ann/20667.png.json,228,640,228,640,3,0.3563,True,1,defect,defect,886,0.6072,1,886,886,Small,164.77,175,373,227,410,OK,True
ksdd2_20668,KolektorSDD2,test,test,KolektorSDD2/test/img/20668.png,KolektorSDD2/test/ann/20668.png.json,229,633,229,633,3,0.3618,False,0,none,none,0,0.0,0,0,,Negative,0.0,,,,,OK,False
ksdd2_20669,KolektorSDD2,test,test,KolektorSDD2/test/img/20669.png,KolektorSDD2/test/ann/20669.png.json,232,641,232,641,3,0.3619,True,1,defect,defect,6938,4.6654,1,6938,6938,Large,469.28,78,0,141,196,OK,True
ksdd2_20673,KolektorSDD2,test,test,KolektorSDD2/test/img/20673.png,KolektorSDD2/test/ann/20673.png.json,228,633,228,633,3,0.3602,False,0,none,none,0,0.0,0,0,,Negative,0.0,,,,,OK,False
ksdd2_20677,KolektorSDD2,test,test,KolektorSDD2/test/img/20677.png,KolektorSDD2/test/ann/20677.png.json,228,641,228,641,3,0.3557,False,0,none,none,0,0.0,0,0,,Negative,0.0,,,,,OK,False
ksdd2_20678,KolektorSDD2,test,test,KolektorSDD2/test/img/20678.png,KolektorSDD2/test/ann/20678.png.json,229,639,229,639,3,0.3584,False,0,none,none,0,0.0,0,0,,Negative,0.0,,,,,OK,False
ksdd2_20681,KolektorSDD2,test,test,KolektorSDD2/test/img/20681.png,KolektorSDD2/test/ann/20681.png.json,228,638,228,638,3,0.3574,False,0,none,none,0,0.0,0,0,,Negative,0.0,,,,,OK,False
ksdd2_20682,KolektorSDD2,test,test,KolektorSDD2/test/img/20682.png,KolektorSDD2/test/ann/20682.png.json,230,629,230,629,3,0.3657,True,1,defect,defect,10410,7.1957,1,10410,10410,Large,480.33,39,112,207,213,OK,True
ksdd2_20685,KolektorSDD2,test,test,KolektorSDD2/test/img/20685.png,KolektorSDD2/test/ann/20685.png.json,228,627,228,627,3,0.3636,True,1,defect,defect,6066,4.2433,1,6066,6066,Large,384.74,69,436,181,522,OK,True
ksdd2_20687,KolektorSDD2,test,test,KolektorSDD2/test/img/20687.png,KolektorSDD2/test/ann/20687.png.json,237,646,237,646,3,0.3669,False,0,none,none,0,0.0,0,0,,Negative,0.0,,,,,OK,False
ksdd2_20688,KolektorSDD2,test,test,KolektorSDD2/test/img/20688.png,KolektorSDD2/test/ann/20688.png.json,210,640,210,640,3,0.3281,False,0,none,none,0,0.0,0,0,,Negative,0.0,,,,,OK,False
ksdd2_20690,KolektorSDD2,test,test,KolektorSDD2/test/img/20690.png,KolektorSDD2/test/ann/20690.png.json,229,632,229,632,3,0.3623,False,0,none,none,0,0.0,0,0,,Negative,0.0,,,,,OK,False
ksdd2_20693,KolektorSDD2,test,test,KolektorSDD2/test/img/20693.png,KolektorSDD2/test/ann/20693.png.json,228,630,228,630,3,0.3619,False,0,none,none,0,0.0,0,0,,Negative,0.0,,,,,OK,False
ksdd2_20694,KolektorSDD2,test,test,KolektorSDD2/test/img/20694.png,KolektorSDD2/test/ann/20694.png.json,225,636,225,636,3,0.3538,False,0,none,none,0,0.0,0,0,,Negative,0.0,,,,,OK,False
ksdd2_20695,KolektorSDD2,test,test,KolektorSDD2/test/img/20695.png,KolektorSDD2/test/ann/20695.png.json,226,635,226,635,3,0.3559,False,0,none,none,0,0.0,0,0,,Negative,0.0,,,,,OK,False
ksdd2_20697,KolektorSDD2,test,test,KolektorSDD2/test/img/20697.png,KolektorSDD2/test/ann/20697.png.json,230,639,230,639,3,0.3599,False,0,none,none,0,0.0,0,0,,Negative,0.0,,,,,OK,False
ksdd2_20699,KolektorSDD2,test,test,KolektorSDD2/test/img/20699.png,KolektorSDD2/test/ann/20699.png.json,230,632,230,632,3,0.3639,False,0,none,none,0,0.0,0,0,,Negative,0.0,,,,,OK,False
ksdd2_20702,KolektorSDD2,test,test,KolektorSDD2/test/img/20702.png,KolektorSDD2/test/ann/20702.png.json,228,628,228,628,3,0.3631,False,0,none,none,0,0.0,0,0,,Negative,0.0,,,,,OK,False
ksdd2_20703,KolektorSDD2,test,test,KolektorSDD2/test/img/20703.png,KolektorSDD2/test/ann/20703.png.json,226,628,226,628,3,0.3599,False,0,none,none,0,0.0,0,0,,Negative,0.0,,,,,OK,False
ksdd2_20704,KolektorSDD2,test,test,KolektorSDD2/test/img/20704.png,KolektorSDD2/test/ann/20704.png.json,224,632,224,632,3,0.3544,False,0,none,none,0,0.0,0,0,,Negative,0.0,,,,,OK,False
ksdd2_20705,KolektorSDD2,test,test,KolektorSDD2/test/img/20705.png,KolektorSDD2/test/ann/20705.png.json,231,636,231,636,3,0.3632,False,0,none,none,0,0.0,0,0,,Negative,0.0,,,,,OK,False
ksdd2_20706,KolektorSDD2,test,test,KolektorSDD2/test/img/20706.png,KolektorSDD2/test/ann/20706.png.json,233,636,233,636,3,0.3664,False,0,none,none,0,0.0,0,0,,Negative,0.0,,,,,OK,False
ksdd2_20707,KolektorSDD2,test,test,KolektorSDD2/test/img/20707.png,KolektorSDD2/test/ann/20707.png.json,231,650,231,650,3,0.3554,False,0,none,none,0,0.0,0,0,,Negative,0.0,,,,,OK,False
ksdd2_20709,KolektorSDD2,test,test,KolektorSDD2/test/img/20709.png,KolektorSDD2/test/ann/20709.png.json,232,644,232,644,3,0.3602,False,0,none,none,0,0.0,0,0,,Negative,0.0,,,,,OK,False
ksdd2_20711,KolektorSDD2,test,test,KolektorSDD2/test/img/20711.png,KolektorSDD2/test/ann/20711.png.json,223,633,223,633,3,0.3523,False,0,none,none,0,0.0,0,0,,Negative,0.0,,,,,OK,False
ksdd2_20712,KolektorSDD2,test,test,KolektorSDD2/test/img/20712.png,KolektorSDD2/test/ann/20712.png.json,227,629,227,629,3,0.3609,False,0,none,none,0,0.0,0,0,,Negative,0.0,,,,,OK,False
ksdd2_20715,KolektorSDD2,test,test,KolektorSDD2/test/img/20715.png,KolektorSDD2/test/ann/20715.png.json,229,638,229,638,3,0.3589,False,0,none,none,0,0.0,0,0,,Negative,0.0,,,,,OK,False
ksdd2_20716,KolektorSDD2,test,test,KolektorSDD2/test/img/20716.png,KolektorSDD2/test/ann/20716.png.json,229,645,229,645,3,0.355,False,0,none,none,0,0.0,0,0,,Negative,0.0,,,,,OK,False
ksdd2_20717,KolektorSDD2,test,test,KolektorSDD2/test/img/20717.png,KolektorSDD2/test/ann/20717.png.json,225,639,225,639,3,0.3521,False,0,none,none,0,0.0,0,0,,Negative,0.0,,,,,OK,False
ksdd2_20718,KolektorSDD2,test,test,KolektorSDD2/test/img/20718.png,KolektorSDD2/test/ann/20718.png.json,229,640,229,640,3,0.3578,False,0,none,none,0,0.0,0,0,,Negative,0.0,,,,,OK,False
ksdd2_20720,KolektorSDD2,test,test,KolektorSDD2/test/img/20720.png,KolektorSDD2/test/ann/20720.png.json,218,633,218,633,3,0.3444,False,0,none,none,0,0.0,0,0,,Negative,0.0,,,,,OK,False
ksdd2_20721,KolektorSDD2,test,test,KolektorSDD2/test/img/20721.png,KolektorSDD2/test/ann/20721.png.json,230,640,230,640,3,0.3594,False,0,none,none,0,0.0,0,0,,Negative,0.0,,,,,OK,False
ksdd2_20722,KolektorSDD2,test,test,KolektorSDD2/test/img/20722.png,KolektorSDD2/test/ann/20722.png.json,231,635,231,635,3,0.3638,False,0,none,none,0,0.0,0,0,,Negative,0.0,,,,,OK,False
ksdd2_20724,KolektorSDD2,test,test,KolektorSDD2/test/img/20724.png,KolektorSDD2/test/ann/20724.png.json,229,639,229,639,3,0.3584,True,1,defect,defect,4172,2.8511,1,4172,4172,Large,385.24,0,564,95,638,OK,True
ksdd2_20725,KolektorSDD2,test,test,KolektorSDD2/test/img/20725.png,KolektorSDD2/test/ann/20725.png.json,230,638,230,638,3,0.3605,False,0,none,none,0,0.0,0,0,,Negative,0.0,,,,,OK,False
ksdd2_20727,KolektorSDD2,test,test,KolektorSDD2/test/img/20727.png,KolektorSDD2/test/ann/20727.png.json,238,643,238,643,3,0.3701,False,0,none,none,0,0.0,0,0,,Negative,0.0,,,,,OK,False
ksdd2_20731,KolektorSDD2,test,test,KolektorSDD2/test/img/20731.png,KolektorSDD2/test/ann/20731.png.json,229,637,229,637,3,0.3595,False,0,none,none,0,0.0,0,0,,Negative,0.0,,,,,OK,False
ksdd2_20737,KolektorSDD2,test,test,KolektorSDD2/test/img/20737.png,KolektorSDD2/test/ann/20737.png.json,229,635,229,635,3,0.3606,False,0,none,none,0,0.0,0,0,,Negative,0.0,,,,,OK,False
ksdd2_20741,KolektorSDD2,test,test,KolektorSDD2/test/img/20741.png,KolektorSDD2/test/ann/20741.png.json,231,634,231,634,3,0.3644,False,0,none,none,0,0.0,0,0,,Negative,0.0,,,,,OK,False
ksdd2_20745,KolektorSDD2,test,test,KolektorSDD2/test/img/20745.png,KolektorSDD2/test/ann/20745.png.json,233,642,233,642,3,0.3629,False,0,none,none,0,0.0,0,0,,Negative,0.0,,,,,OK,False
ksdd2_20747,KolektorSDD2,test,test,KolektorSDD2/test/img/20747.png,KolektorSDD2/test/ann/20747.png.json,226,631,226,631,3,0.3582,True,1,defect,defect,1657,1.1619,1,1657,1657,Medium,197.15,84,270,167,297,OK,True
ksdd2_20748,KolektorSDD2,test,test,KolektorSDD2/test/img/20748.png,KolektorSDD2/test/ann/20748.png.json,229,627,229,627,3,0.3652,False,0,none,none,0,0.0,0,0,,Negative,0.0,,,,,OK,False
ksdd2_20749,KolektorSDD2,test,test,KolektorSDD2/test/img/20749.png,KolektorSDD2/test/ann/20749.png.json,229,612,229,612,3,0.3742,False,0,none,none,0,0.0,0,0,,Negative,0.0,,,,,OK,False
ksdd2_20756,KolektorSDD2,test,test,KolektorSDD2/test/img/20756.png,KolektorSDD2/test/ann/20756.png.json,232,633,232,633,3,0.3665,False,0,none,none,0,0.0,0,0,,Negative,0.0,,,,,OK,False
ksdd2_20757,KolektorSDD2,test,test,KolektorSDD2/test/img/20757.png,KolektorSDD2/test/ann/20757.png.json,232,643,232,643,3,0.3608,False,0,none,none,0,0.0,0,0,,Negative,0.0,,,,,OK,False
ksdd2_20763,KolektorSDD2,test,test,KolektorSDD2/test/img/20763.png,KolektorSDD2/test/ann/20763.png.json,228,645,228,645,3,0.3535,False,0,none,none,0,0.0,0,0,,Negative,0.0,,,,,OK,False
ksdd2_20766,KolektorSDD2,test,test,KolektorSDD2/test/img/20766.png,KolektorSDD2/test/ann/20766.png.json,233,639,233,639,3,0.3646,False,0,none,none,0,0.0,0,0,,Negative,0.0,,,,,OK,False
ksdd2_20770,KolektorSDD2,test,test,KolektorSDD2/test/img/20770.png,KolektorSDD2/test/ann/20770.png.json,228,637,228,637,3,0.3579,False,0,none,none,0,0.0,0,0,,Negative,0.0,,,,,OK,False
ksdd2_20774,KolektorSDD2,test,test,KolektorSDD2/test/img/20774.png,KolektorSDD2/test/ann/20774.png.json,229,636,229,636,3,0.3601,False,0,none,none,0,0.0,0,0,,Negative,0.0,,,,,OK,False
ksdd2_20775,KolektorSDD2,test,test,KolektorSDD2/test/img/20775.png,KolektorSDD2/test/ann/20775.png.json,230,645,230,645,3,0.3566,False,0,none,none,0,0.0,0,0,,Negative,0.0,,,,,OK,False
ksdd2_20777,KolektorSDD2,test,test,KolektorSDD2/test/img/20777.png,KolektorSDD2/test/ann/20777.png.json,233,634,233,634,3,0.3675,False,0,none,none,0,0.0,0,0,,Negative,0.0,,,,,OK,False
ksdd2_20778,KolektorSDD2,test,test,KolektorSDD2/test/img/20778.png,KolektorSDD2/test/ann/20778.png.json,229,640,229,640,3,0.3578,False,0,none,none,0,0.0,0,0,,Negative,0.0,,,,,OK,False
ksdd2_20779,KolektorSDD2,test,test,KolektorSDD2/test/img/20779.png,KolektorSDD2/test/ann/20779.png.json,230,637,230,637,3,0.3611,False,0,none,none,0,0.0,0,0,,Negative,0.0,,,,,OK,False
ksdd2_20780,KolektorSDD2,test,test,KolektorSDD2/test/img/20780.png,KolektorSDD2/test/ann/20780.png.json,236,646,236,646,3,0.3653,False,0,none,none,0,0.0,0,0,,Negative,0.0,,,,,OK,False
ksdd2_20782,KolektorSDD2,test,test,KolektorSDD2/test/img/20782.png,KolektorSDD2/test/ann/20782.png.json,230,638,230,638,3,0.3605,False,0,none,none,0,0.0,0,0,,Negative,0.0,,,,,OK,False
ksdd2_20783,KolektorSDD2,test,test,KolektorSDD2/test/img/20783.png,KolektorSDD2/test/ann/20783.png.json,232,651,232,651,3,0.3564,False,0,none,none,0,0.0,0,0,,Negative,0.0,,,,,OK,False
ksdd2_20784,KolektorSDD2,test,test,KolektorSDD2/test/img/20784.png,KolektorSDD2/test/ann/20784.png.json,230,646,230,646,3,0.356,True,1,defect,defect,10421,7.0137,1,10421,10421,Large,405.16,13,223,140,336,OK,True
ksdd2_20787,KolektorSDD2,test,test,KolektorSDD2/test/img/20787.png,KolektorSDD2/test/ann/20787.png.json,234,644,234,644,3,0.3634,False,0,none,none,0,0.0,0,0,,Negative,0.0,,,,,OK,False
ksdd2_20788,KolektorSDD2,test,test,KolektorSDD2/test/img/20788.png,KolektorSDD2/test/ann/20788.png.json,227,631,227,631,3,0.3597,False,0,none,none,0,0.0,0,0,,Negative,0.0,,,,,OK,False
ksdd2_20789,KolektorSDD2,test,test,KolektorSDD2/test/img/20789.png,KolektorSDD2/test/ann/20789.png.json,228,639,228,639,3,0.3568,False,0,none,none,0,0.0,0,0,,Negative,0.0,,,,,OK,False
ksdd2_20792,KolektorSDD2,test,test,KolektorSDD2/test/img/20792.png,KolektorSDD2/test/ann/20792.png.json,229,633,229,633,3,0.3618,False,0,none,none,0,0.0,0,0,,Negative,0.0,,,,,OK,False
ksdd2_20795,KolektorSDD2,test,test,KolektorSDD2/test/img/20795.png,KolektorSDD2/test/ann/20795.png.json,228,643,228,643,3,0.3546,False,0,none,none,0,0.0,0,0,,Negative,0.0,,,,,OK,False
ksdd2_20796,KolektorSDD2,test,test,KolektorSDD2/test/img/20796.png,KolektorSDD2/test/ann/20796.png.json,229,632,229,632,3,0.3623,False,0,none,none,0,0.0,0,0,,Negative,0.0,,,,,OK,False
ksdd2_20798,KolektorSDD2,test,test,KolektorSDD2/test/img/20798.png,KolektorSDD2/test/ann/20798.png.json,231,630,231,630,3,0.3667,False,0,none,none,0,0.0,0,0,,Negative,0.0,,,,,OK,False
ksdd2_20799,KolektorSDD2,test,test,KolektorSDD2/test/img/20799.png,KolektorSDD2/test/ann/20799.png.json,230,635,230,635,3,0.3622,False,0,none,none,0,0.0,0,0,,Negative,0.0,,,,,OK,False
ksdd2_20800,KolektorSDD2,test,test,KolektorSDD2/test/img/20800.png,KolektorSDD2/test/ann/20800.png.json,231,643,231,643,3,0.3593,False,0,none,none,0,0.0,0,0,,Negative,0.0,,,,,OK,False
ksdd2_20802,KolektorSDD2,test,test,KolektorSDD2/test/img/20802.png,KolektorSDD2/test/ann/20802.png.json,233,650,233,650,3,0.3585,False,0,none,none,0,0.0,0,0,,Negative,0.0,,,,,OK,False
ksdd2_20805,KolektorSDD2,test,test,KolektorSDD2/test/img/20805.png,KolektorSDD2/test/ann/20805.png.json,231,632,231,632,3,0.3655,False,0,none,none,0,0.0,0,0,,Negative,0.0,,,,,OK,False
ksdd2_20808,KolektorSDD2,test,test,KolektorSDD2/test/img/20808.png,KolektorSDD2/test/ann/20808.png.json,225,627,225,627,3,0.3589,False,0,none,none,0,0.0,0,0,,Negative,0.0,,,,,OK,False
ksdd2_20809,KolektorSDD2,test,test,KolektorSDD2/test/img/20809.png,KolektorSDD2/test/ann/20809.png.json,225,636,225,636,3,0.3538,False,0,none,none,0,0.0,0,0,,Negative,0.0,,,,,OK,False
ksdd2_20810,KolektorSDD2,test,test,KolektorSDD2/test/img/20810.png,KolektorSDD2/test/ann/20810.png.json,226,632,226,632,3,0.3576,False,0,none,none,0,0.0,0,0,,Negative,0.0,,,,,OK,False
ksdd2_20812,KolektorSDD2,test,test,KolektorSDD2/test/img/20812.png,KolektorSDD2/test/ann/20812.png.json,230,648,230,648,3,0.3549,False,0,none,none,0,0.0,0,0,,Negative,0.0,,,,,OK,False
ksdd2_20814,KolektorSDD2,test,test,KolektorSDD2/test/img/20814.png,KolektorSDD2/test/ann/20814.png.json,226,627,226,627,3,0.3604,False,0,none,none,0,0.0,0,0,,Negative,0.0,,,,,OK,False
ksdd2_20815,KolektorSDD2,test,test,KolektorSDD2/test/img/20815.png,KolektorSDD2/test/ann/20815.png.json,229,640,229,640,3,0.3578,False,0,none,none,0,0.0,0,0,,Negative,0.0,,,,,OK,False
ksdd2_20816,KolektorSDD2,test,test,KolektorSDD2/test/img/20816.png,KolektorSDD2/test/ann/20816.png.json,229,644,229,644,3,0.3556,True,1,defect,defect,181,0.1227,1,181,181,Small,65.56,0,600,28,608,OK,True
ksdd2_20817,KolektorSDD2,test,test,KolektorSDD2/test/img/20817.png,KolektorSDD2/test/ann/20817.png.json,232,634,232,634,3,0.3659,False,0,none,none,0,0.0,0,0,,Negative,0.0,,,,,OK,False
ksdd2_20818,KolektorSDD2,test,test,KolektorSDD2/test/img/20818.png,KolektorSDD2/test/ann/20818.png.json,229,647,229,647,3,0.3539,False,0,none,none,0,0.0,0,0,,Negative,0.0,,,,,OK,False
ksdd2_20819,KolektorSDD2,test,test,KolektorSDD2/test/img/20819.png,KolektorSDD2/test/ann/20819.png.json,221,620,221,620,3,0.3565,False,0,none,none,0,0.0,0,0,,Negative,0.0,,,,,OK,False
ksdd2_20821,KolektorSDD2,test,test,KolektorSDD2/test/img/20821.png,KolektorSDD2/test/ann/20821.png.json,231,641,231,641,3,0.3604,True,1,defect,defect,1300,0.878,1,1300,1300,Medium,161.7,206,0,230,59,OK,True
ksdd2_20822,KolektorSDD2,test,test,KolektorSDD2/test/img/20822.png,KolektorSDD2/test/ann/20822.png.json,232,646,232,646,3,0.3591,False,0,none,none,0,0.0,0,0,,Negative,0.0,,,,,OK,False
ksdd2_20824,KolektorSDD2,test,test,KolektorSDD2/test/img/20824.png,KolektorSDD2/test/ann/20824.png.json,231,622,231,622,3,0.3714,False,0,none,none,0,0.0,0,0,,Negative,0.0,,,,,OK,False
ksdd2_20827,KolektorSDD2,test,test,KolektorSDD2/test/img/20827.png,KolektorSDD2/test/ann/20827.png.json,230,641,230,641,3,0.3588,True,1,defect,defect,1843,1.2501,1,1843,1843,Medium,174.57,175,268,229,312,OK,True
ksdd2_20828,KolektorSDD2,test,test,KolektorSDD2/test/img/20828.png,KolektorSDD2/test/ann/20828.png.json,231,629,231,629,3,0.3672,False,0,none,none,0,0.0,0,0,,Negative,0.0,,,,,OK,False
ksdd2_20829,KolektorSDD2,test,test,KolektorSDD2/test/img/20829.png,KolektorSDD2/test/ann/20829.png.json,230,614,230,614,3,0.3746,True,1,defect,defect,588,0.4164,1,588,588,Small,99.11,0,565,31,588,OK,True
ksdd2_20831,KolektorSDD2,test,test,KolektorSDD2/test/img/20831.png,KolektorSDD2/test/ann/20831.png.json,230,640,230,640,3,0.3594,False,0,none,none,0,0.0,0,0,,Negative,0.0,,,,,OK,False
ksdd2_20833,KolektorSDD2,test,test,KolektorSDD2/test/img/20833.png,KolektorSDD2/test/ann/20833.png.json,227,642,227,642,3,0.3536,False,0,none,none,0,0.0,0,0,,Negative,0.0,,,,,OK,False
ksdd2_20834,KolektorSDD2,test,test,KolektorSDD2/test/img/20834.png,KolektorSDD2/test/ann/20834.png.json,231,633,231,633,3,0.3649,True,1,defect,defect,5484,3.7504,1,5484,5484,Large,290.21,128,118,205,211,OK,True
ksdd2_20835,KolektorSDD2,test,test,KolektorSDD2/test/img/20835.png,KolektorSDD2/test/ann/20835.png.json,227,633,227,633,3,0.3586,False,0,none,none,0,0.0,0,0,,Negative,0.0,,,,,OK,False
ksdd2_20837,KolektorSDD2,test,test,KolektorSDD2/test/img/20837.png,KolektorSDD2/test/ann/20837.png.json,224,638,224,638,3,0.3511,False,0,none,none,0,0.0,0,0,,Negative,0.0,,,,,OK,False
ksdd2_20838,KolektorSDD2,test,test,KolektorSDD2/test/img/20838.png,KolektorSDD2/test/ann/20838.png.json,229,638,229,638,3,0.3589,False,0,none,none,0,0.0,0,0,,Negative,0.0,,,,,OK,False
ksdd2_20840,KolektorSDD2,test,test,KolektorSDD2/test/img/20840.png,KolektorSDD2/test/ann/20840.png.json,228,629,228,629,3,0.3625,False,0,none,none,0,0.0,0,0,,Negative,0.0,,,,,OK,False
ksdd2_20841,KolektorSDD2,test,test,KolektorSDD2/test/img/20841.png,KolektorSDD2/test/ann/20841.png.json,230,637,230,637,3,0.3611,False,0,none,none,0,0.0,0,0,,Negative,0.0,,,,,OK,False
ksdd2_20842,KolektorSDD2,test,test,KolektorSDD2/test/img/20842.png,KolektorSDD2/test/ann/20842.png.json,230,642,230,642,3,0.3583,False,0,none,none,0,0.0,0,0,,Negative,0.0,,,,,OK,False
ksdd2_20843,KolektorSDD2,test,test,KolektorSDD2/test/img/20843.png,KolektorSDD2/test/ann/20843.png.json,230,638,230,638,3,0.3605,False,0,none,none,0,0.0,0,0,,Negative,0.0,,,,,OK,False
ksdd2_20844,KolektorSDD2,test,test,KolektorSDD2/test/img/20844.png,KolektorSDD2/test/ann/20844.png.json,236,639,236,639,3,0.3693,False,0,none,none,0,0.0,0,0,,Negative,0.0,,,,,OK,False
ksdd2_20845,KolektorSDD2,test,test,KolektorSDD2/test/img/20845.png,KolektorSDD2/test/ann/20845.png.json,231,642,231,642,3,0.3598,False,0,none,none,0,0.0,0,0,,Negative,0.0,,,,,OK,False
ksdd2_20848,KolektorSDD2,test,test,KolektorSDD2/test/img/20848.png,KolektorSDD2/test/ann/20848.png.json,231,638,231,638,3,0.3621,True,1,defect,defect,8310,5.6386,1,8310,8310,Large,491.97,102,0,230,135,OK,True
ksdd2_20853,KolektorSDD2,test,test,KolektorSDD2/test/img/20853.png,KolektorSDD2/test/ann/20853.png.json,227,638,227,638,3,0.3558,False,0,none,none,0,0.0,0,0,,Negative,0.0,,,,,OK,False
ksdd2_20854,KolektorSDD2,test,test,KolektorSDD2/test/img/20854.png,KolektorSDD2/test/ann/20854.png.json,227,626,227,626,3,0.3626,False,0,none,none,0,0.0,0,0,,Negative,0.0,,,,,OK,False
ksdd2_20856,KolektorSDD2,test,test,KolektorSDD2/test/img/20856.png,KolektorSDD2/test/ann/20856.png.json,232,638,232,638,3,0.3636,False,0,none,none,0,0.0,0,0,,Negative,0.0,,,,,OK,False
ksdd2_20861,KolektorSDD2,test,test,KolektorSDD2/test/img/20861.png,KolektorSDD2/test/ann/20861.png.json,231,627,231,627,3,0.3684,False,0,none,none,0,0.0,0,0,,Negative,0.0,,,,,OK,False
ksdd2_20863,KolektorSDD2,test,test,KolektorSDD2/test/img/20863.png,KolektorSDD2/test/ann/20863.png.json,232,638,232,638,3,0.3636,False,0,none,none,0,0.0,0,0,,Negative,0.0,,,,,OK,False
ksdd2_20865,KolektorSDD2,test,test,KolektorSDD2/test/img/20865.png,KolektorSDD2/test/ann/20865.png.json,230,639,230,639,3,0.3599,False,0,none,none,0,0.0,0,0,,Negative,0.0,,,,,OK,False
ksdd2_20866,KolektorSDD2,test,test,KolektorSDD2/test/img/20866.png,KolektorSDD2/test/ann/20866.png.json,229,625,229,625,3,0.3664,False,0,none,none,0,0.0,0,0,,Negative,0.0,,,,,OK,False
ksdd2_20867,KolektorSDD2,test,test,KolektorSDD2/test/img/20867.png,KolektorSDD2/test/ann/20867.png.json,230,636,230,636,3,0.3616,False,0,none,none,0,0.0,0,0,,Negative,0.0,,,,,OK,False
ksdd2_20868,KolektorSDD2,test,test,KolektorSDD2/test/img/20868.png,KolektorSDD2/test/ann/20868.png.json,233,630,233,630,3,0.3698,False,0,none,none,0,0.0,0,0,,Negative,0.0,,,,,OK,False
ksdd2_20869,KolektorSDD2,test,test,KolektorSDD2/test/img/20869.png,KolektorSDD2/test/ann/20869.png.json,229,640,229,640,3,0.3578,False,0,none,none,0,0.0,0,0,,Negative,0.0,,,,,OK,False
ksdd2_20870,KolektorSDD2,test,test,KolektorSDD2/test/img/20870.png,KolektorSDD2/test/ann/20870.png.json,230,641,230,641,3,0.3588,True,1,defect,defect,5926,4.0195,1,5926,5926,Large,388.35,115,515,229,613,OK,True
ksdd2_20872,KolektorSDD2,test,test,KolektorSDD2/test/img/20872.png,KolektorSDD2/test/ann/20872.png.json,229,631,229,631,3,0.3629,False,0,none,none,0,0.0,0,0,,Negative,0.0,,,,,OK,False
ksdd2_20874,KolektorSDD2,test,test,KolektorSDD2/test/img/20874.png,KolektorSDD2/test/ann/20874.png.json,230,632,230,632,3,0.3639,False,0,none,none,0,0.0,0,0,,Negative,0.0,,,,,OK,False
ksdd2_20876,KolektorSDD2,test,test,KolektorSDD2/test/img/20876.png,KolektorSDD2/test/ann/20876.png.json,230,634,230,634,3,0.3628,False,0,none,none,0,0.0,0,0,,Negative,0.0,,,,,OK,False
ksdd2_20878,KolektorSDD2,test,test,KolektorSDD2/test/img/20878.png,KolektorSDD2/test/ann/20878.png.json,229,632,229,632,3,0.3623,False,0,none,none,0,0.0,0,0,,Negative,0.0,,,,,OK,False
ksdd2_20879,KolektorSDD2,test,test,KolektorSDD2/test/img/20879.png,KolektorSDD2/test/ann/20879.png.json,230,627,230,627,3,0.3668,False,0,none,none,0,0.0,0,0,,Negative,0.0,,,,,OK,False
ksdd2_20880,KolektorSDD2,test,test,KolektorSDD2/test/img/20880.png,KolektorSDD2/test/ann/20880.png.json,229,632,229,632,3,0.3623,False,0,none,none,0,0.0,0,0,,Negative,0.0,,,,,OK,False
ksdd2_20883,KolektorSDD2,test,test,KolektorSDD2/test/img/20883.png,KolektorSDD2/test/ann/20883.png.json,228,645,228,645,3,0.3535,False,0,none,none,0,0.0,0,0,,Negative,0.0,,,,,OK,False
ksdd2_20884,KolektorSDD2,test,test,KolektorSDD2/test/img/20884.png,KolektorSDD2/test/ann/20884.png.json,230,642,230,642,3,0.3583,True,1,defect,defect,31725,21.4852,1,31725,31725,Large,742.17,60,32,229,263,OK,True
ksdd2_20886,KolektorSDD2,test,test,KolektorSDD2/test/img/20886.png,KolektorSDD2/test/ann/20886.png.json,229,613,229,613,3,0.3736,False,0,none,none,0,0.0,0,0,,Negative,0.0,,,,,OK,False
ksdd2_20888,KolektorSDD2,test,test,KolektorSDD2/test/img/20888.png,KolektorSDD2/test/ann/20888.png.json,232,638,232,638,3,0.3636,False,0,none,none,0,0.0,0,0,,Negative,0.0,,,,,OK,False
ksdd2_20890,KolektorSDD2,test,test,KolektorSDD2/test/img/20890.png,KolektorSDD2/test/ann/20890.png.json,228,639,228,639,3,0.3568,False,0,none,none,0,0.0,0,0,,Negative,0.0,,,,,OK,False
ksdd2_20892,KolektorSDD2,test,test,KolektorSDD2/test/img/20892.png,KolektorSDD2/test/ann/20892.png.json,233,633,233,633,3,0.3681,True,1,defect,defect,1949,1.3215,1,1949,1949,Medium,223.54,119,290,207,327,OK,True
ksdd2_20894,KolektorSDD2,test,test,KolektorSDD2/test/img/20894.png,KolektorSDD2/test/ann/20894.png.json,230,638,230,638,3,0.3605,False,0,none,none,0,0.0,0,0,,Negative,0.0,,,,,OK,False
ksdd2_20895,KolektorSDD2,test,test,KolektorSDD2/test/img/20895.png,KolektorSDD2/test/ann/20895.png.json,230,644,230,644,3,0.3571,True,1,defect,defect,1517,1.0242,1,1517,1517,Medium,165.4,139,0,193,41,OK,True
ksdd2_20896,KolektorSDD2,test,test,KolektorSDD2/test/img/20896.png,KolektorSDD2/test/ann/20896.png.json,230,614,230,614,3,0.3746,False,0,none,none,0,0.0,0,0,,Negative,0.0,,,,,OK,False
ksdd2_20897,KolektorSDD2,test,test,KolektorSDD2/test/img/20897.png,KolektorSDD2/test/ann/20897.png.json,229,636,229,636,3,0.3601,False,0,none,none,0,0.0,0,0,,Negative,0.0,,,,,OK,False
ksdd2_20900,KolektorSDD2,test,test,KolektorSDD2/test/img/20900.png,KolektorSDD2/test/ann/20900.png.json,230,640,230,640,3,0.3594,False,0,none,none,0,0.0,0,0,,Negative,0.0,,,,,OK,False
ksdd2_20901,KolektorSDD2,test,test,KolektorSDD2/test/img/20901.png,KolektorSDD2/test/ann/20901.png.json,230,642,230,642,3,0.3583,False,0,none,none,0,0.0,0,0,,Negative,0.0,,,,,OK,False
ksdd2_20906,KolektorSDD2,test,test,KolektorSDD2/test/img/20906.png,KolektorSDD2/test/ann/20906.png.json,211,632,211,632,3,0.3339,False,0,none,none,0,0.0,0,0,,Negative,0.0,,,,,OK,False
ksdd2_20908,KolektorSDD2,test,test,KolektorSDD2/test/img/20908.png,KolektorSDD2/test/ann/20908.png.json,229,602,229,602,3,0.3804,False,0,none,none,0,0.0,0,0,,Negative,0.0,,,,,OK,False
ksdd2_20910,KolektorSDD2,test,test,KolektorSDD2/test/img/20910.png,KolektorSDD2/test/ann/20910.png.json,226,629,226,629,3,0.3593,False,0,none,none,0,0.0,0,0,,Negative,0.0,,,,,OK,False
ksdd2_20911,KolektorSDD2,test,test,KolektorSDD2/test/img/20911.png,KolektorSDD2/test/ann/20911.png.json,230,626,230,626,3,0.3674,False,0,none,none,0,0.0,0,0,,Negative,0.0,,,,,OK,False
ksdd2_20912,KolektorSDD2,test,test,KolektorSDD2/test/img/20912.png,KolektorSDD2/test/ann/20912.png.json,229,632,229,632,3,0.3623,True,1,defect,defect,1356,0.9369,1,1356,1356,Medium,164.43,167,292,228,322,OK,True
ksdd2_20913,KolektorSDD2,test,test,KolektorSDD2/test/img/20913.png,KolektorSDD2/test/ann/20913.png.json,229,629,229,629,3,0.3641,False,0,none,none,0,0.0,0,0,,Negative,0.0,,,,,OK,False
ksdd2_20915,KolektorSDD2,test,test,KolektorSDD2/test/img/20915.png,KolektorSDD2/test/ann/20915.png.json,230,645,230,645,3,0.3566,False,0,none,none,0,0.0,0,0,,Negative,0.0,,,,,OK,False
ksdd2_20916,KolektorSDD2,test,test,KolektorSDD2/test/img/20916.png,KolektorSDD2/test/ann/20916.png.json,230,637,230,637,3,0.3611,False,0,none,none,0,0.0,0,0,,Negative,0.0,,,,,OK,False
ksdd2_20922,KolektorSDD2,test,test,KolektorSDD2/test/img/20922.png,KolektorSDD2/test/ann/20922.png.json,230,601,230,601,3,0.3827,True,2,defect,defect,2534,1.8332,2,1792,1792;742,Medium,382.84,0,285,59,525,OK,True
ksdd2_20923,KolektorSDD2,test,test,KolektorSDD2/test/img/20923.png,KolektorSDD2/test/ann/20923.png.json,229,637,229,637,3,0.3595,False,0,none,none,0,0.0,0,0,,Negative,0.0,,,,,OK,False
ksdd2_20925,KolektorSDD2,test,test,KolektorSDD2/test/img/20925.png,KolektorSDD2/test/ann/20925.png.json,230,642,230,642,3,0.3583,False,0,none,none,0,0.0,0,0,,Negative,0.0,,,,,OK,False
ksdd2_20926,KolektorSDD2,test,test,KolektorSDD2/test/img/20926.png,KolektorSDD2/test/ann/20926.png.json,230,643,230,643,3,0.3577,False,0,none,none,0,0.0,0,0,,Negative,0.0,,,,,OK,False
ksdd2_20927,KolektorSDD2,test,test,KolektorSDD2/test/img/20927.png,KolektorSDD2/test/ann/20927.png.json,229,633,229,633,3,0.3618,False,0,none,none,0,0.0,0,0,,Negative,0.0,,,,,OK,False
ksdd2_20930,KolektorSDD2,test,test,KolektorSDD2/test/img/20930.png,KolektorSDD2/test/ann/20930.png.json,229,637,229,637,3,0.3595,False,0,none,none,0,0.0,0,0,,Negative,0.0,,,,,OK,False
ksdd2_20931,KolektorSDD2,test,test,KolektorSDD2/test/img/20931.png,KolektorSDD2/test/ann/20931.png.json,229,626,229,626,3,0.3658,False,0,none,none,0,0.0,0,0,,Negative,0.0,,,,,OK,False
ksdd2_20932,KolektorSDD2,test,test,KolektorSDD2/test/img/20932.png,KolektorSDD2/test/ann/20932.png.json,229,620,229,620,3,0.3694,False,0,none,none,0,0.0,0,0,,Negative,0.0,,,,,OK,False
ksdd2_20933,KolektorSDD2,test,test,KolektorSDD2/test/img/20933.png,KolektorSDD2/test/ann/20933.png.json,229,636,229,636,3,0.3601,False,0,none,none,0,0.0,0,0,,Negative,0.0,,,,,OK,False
ksdd2_20934,KolektorSDD2,test,test,KolektorSDD2/test/img/20934.png,KolektorSDD2/test/ann/20934.png.json,229,625,229,625,3,0.3664,False,0,none,none,0,0.0,0,0,,Negative,0.0,,,,,OK,False
ksdd2_20935,KolektorSDD2,test,test,KolektorSDD2/test/img/20935.png,KolektorSDD2/test/ann/20935.png.json,227,636,227,636,3,0.3569,False,0,none,none,0,0.0,0,0,,Negative,0.0,,,,,OK,False
ksdd2_20937,KolektorSDD2,test,test,KolektorSDD2/test/img/20937.png,KolektorSDD2/test/ann/20937.png.json,230,634,230,634,3,0.3628,False,0,none,none,0,0.0,0,0,,Negative,0.0,,,,,OK,False
ksdd2_20939,KolektorSDD2,test,test,KolektorSDD2/test/img/20939.png,KolektorSDD2/test/ann/20939.png.json,230,632,230,632,3,0.3639,False,0,none,none,0,0.0,0,0,,Negative,0.0,,,,,OK,False
ksdd2_20941,KolektorSDD2,test,test,KolektorSDD2/test/img/20941.png,KolektorSDD2/test/ann/20941.png.json,231,638,231,638,3,0.3621,True,1,defect,defect,1577,1.07,1,1577,1577,Medium,173.64,65,374,131,406,OK,True
ksdd2_20945,KolektorSDD2,test,test,KolektorSDD2/test/img/20945.png,KolektorSDD2/test/ann/20945.png.json,230,626,230,626,3,0.3674,False,0,none,none,0,0.0,0,0,,Negative,0.0,,,,,OK,False
ksdd2_20946,KolektorSDD2,test,test,KolektorSDD2/test/img/20946.png,KolektorSDD2/test/ann/20946.png.json,229,636,229,636,3,0.3601,False,0,none,none,0,0.0,0,0,,Negative,0.0,,,,,OK,False
ksdd2_20948,KolektorSDD2,test,test,KolektorSDD2/test/img/20948.png,KolektorSDD2/test/ann/20948.png.json,230,637,230,637,3,0.3611,False,0,none,none,0,0.0,0,0,,Negative,0.0,,,,,OK,False
ksdd2_20951,KolektorSDD2,test,test,KolektorSDD2/test/img/20951.png,KolektorSDD2/test/ann/20951.png.json,230,649,230,649,3,0.3544,False,0,none,none,0,0.0,0,0,,Negative,0.0,,,,,OK,False
ksdd2_20953,KolektorSDD2,test,test,KolektorSDD2/test/img/20953.png,KolektorSDD2/test/ann/20953.png.json,230,639,230,639,3,0.3599,False,0,none,none,0,0.0,0,0,,Negative,0.0,,,,,OK,False
ksdd2_20958,KolektorSDD2,test,test,KolektorSDD2/test/img/20958.png,KolektorSDD2/test/ann/20958.png.json,229,623,229,623,3,0.3676,False,0,none,none,0,0.0,0,0,,Negative,0.0,,,,,OK,False
ksdd2_20959,KolektorSDD2,test,test,KolektorSDD2/test/img/20959.png,KolektorSDD2/test/ann/20959.png.json,231,636,231,636,3,0.3632,True,1,defect,defect,2063,1.4042,1,2063,2063,Medium,226.17,181,471,230,555,OK,True
ksdd2_20960,KolektorSDD2,test,test,KolektorSDD2/test/img/20960.png,KolektorSDD2/test/ann/20960.png.json,230,635,230,635,3,0.3622,False,0,none,none,0,0.0,0,0,,Negative,0.0,,,,,OK,False
ksdd2_20962,KolektorSDD2,test,test,KolektorSDD2/test/img/20962.png,KolektorSDD2/test/ann/20962.png.json,230,622,230,622,3,0.3698,False,0,none,none,0,0.0,0,0,,Negative,0.0,,,,,OK,False
ksdd2_20964,KolektorSDD2,test,test,KolektorSDD2/test/img/20964.png,KolektorSDD2/test/ann/20964.png.json,229,633,229,633,3,0.3618,False,0,none,none,0,0.0,0,0,,Negative,0.0,,,,,OK,False
ksdd2_20967,KolektorSDD2,test,test,KolektorSDD2/test/img/20967.png,KolektorSDD2/test/ann/20967.png.json,229,597,229,597,3,0.3836,False,0,none,none,0,0.0,0,0,,Negative,0.0,,,,,OK,False
ksdd2_20968,KolektorSDD2,test,test,KolektorSDD2/test/img/20968.png,KolektorSDD2/test/ann/20968.png.json,228,627,228,627,3,0.3636,False,0,none,none,0,0.0,0,0,,Negative,0.0,,,,,OK,False
ksdd2_20969,KolektorSDD2,test,test,KolektorSDD2/test/img/20969.png,KolektorSDD2/test/ann/20969.png.json,227,619,227,619,3,0.3667,True,1,defect,defect,3390,2.4126,1,3390,3390,Medium,317.61,42,380,168,450,OK,True
ksdd2_20970,KolektorSDD2,test,test,KolektorSDD2/test/img/20970.png,KolektorSDD2/test/ann/20970.png.json,229,637,229,637,3,0.3595,False,0,none,none,0,0.0,0,0,,Negative,0.0,,,,,OK,False
ksdd2_20971,KolektorSDD2,test,test,KolektorSDD2/test/img/20971.png,KolektorSDD2/test/ann/20971.png.json,230,631,230,631,3,0.3645,False,0,none,none,0,0.0,0,0,,Negative,0.0,,,,,OK,False
ksdd2_20973,KolektorSDD2,test,test,KolektorSDD2/test/img/20973.png,KolektorSDD2/test/ann/20973.png.json,232,633,232,633,3,0.3665,False,0,none,none,0,0.0,0,0,,Negative,0.0,,,,,OK,False
ksdd2_20974,KolektorSDD2,test,test,KolektorSDD2/test/img/20974.png,KolektorSDD2/test/ann/20974.png.json,230,625,230,625,3,0.368,False,0,none,none,0,0.0,0,0,,Negative,0.0,,,,,OK,False
ksdd2_20975,KolektorSDD2,test,test,KolektorSDD2/test/img/20975.png,KolektorSDD2/test/ann/20975.png.json,229,636,229,636,3,0.3601,False,0,none,none,0,0.0,0,0,,Negative,0.0,,,,,OK,False
ksdd2_20977,KolektorSDD2,test,test,KolektorSDD2/test/img/20977.png,KolektorSDD2/test/ann/20977.png.json,231,636,231,636,3,0.3632,False,0,none,none,0,0.0,0,0,,Negative,0.0,,,,,OK,False
ksdd2_20978,KolektorSDD2,test,test,KolektorSDD2/test/img/20978.png,KolektorSDD2/test/ann/20978.png.json,229,647,229,647,3,0.3539,False,0,none,none,0,0.0,0,0,,Negative,0.0,,,,,OK,False
ksdd2_20979,KolektorSDD2,test,test,KolektorSDD2/test/img/20979.png,KolektorSDD2/test/ann/20979.png.json,229,634,229,634,3,0.3612,False,0,none,none,0,0.0,0,0,,Negative,0.0,,,,,OK,False
ksdd2_20981,KolektorSDD2,test,test,KolektorSDD2/test/img/20981.png,KolektorSDD2/test/ann/20981.png.json,231,650,231,650,3,0.3554,False,0,none,none,0,0.0,0,0,,Negative,0.0,,,,,OK,False
ksdd2_20983,KolektorSDD2,test,test,KolektorSDD2/test/img/20983.png,KolektorSDD2/test/ann/20983.png.json,230,637,230,637,3,0.3611,False,0,none,none,0,0.0,0,0,,Negative,0.0,,,,,OK,False
ksdd2_20985,KolektorSDD2,test,test,KolektorSDD2/test/img/20985.png,KolektorSDD2/test/ann/20985.png.json,229,639,229,639,3,0.3584,False,0,none,none,0,0.0,0,0,,Negative,0.0,,,,,OK,False
ksdd2_20986,KolektorSDD2,test,test,KolektorSDD2/test/img/20986.png,KolektorSDD2/test/ann/20986.png.json,230,636,230,636,3,0.3616,False,0,none,none,0,0.0,0,0,,Negative,0.0,,,,,OK,False
ksdd2_20990,KolektorSDD2,test,test,KolektorSDD2/test/img/20990.png,KolektorSDD2/test/ann/20990.png.json,230,625,230,625,3,0.368,False,0,none,none,0,0.0,0,0,,Negative,0.0,,,,,OK,False
ksdd2_20991,KolektorSDD2,test,test,KolektorSDD2/test/img/20991.png,KolektorSDD2/test/ann/20991.png.json,232,637,232,637,3,0.3642,False,0,none,none,0,0.0,0,0,,Negative,0.0,,,,,OK,False
ksdd2_20992,KolektorSDD2,test,test,KolektorSDD2/test/img/20992.png,KolektorSDD2/test/ann/20992.png.json,231,641,231,641,3,0.3604,False,0,none,none,0,0.0,0,0,,Negative,0.0,,,,,OK,False
ksdd2_20996,KolektorSDD2,test,test,KolektorSDD2/test/img/20996.png,KolektorSDD2/test/ann/20996.png.json,228,642,228,642,3,0.3551,False,0,none,none,0,0.0,0,0,,Negative,0.0,,,,,OK,False
ksdd2_20999,KolektorSDD2,test,test,KolektorSDD2/test/img/20999.png,KolektorSDD2/test/ann/20999.png.json,230,643,230,643,3,0.3577,False,0,none,none,0,0.0,0,0,,Negative,0.0,,,,,OK,False
ksdd2_21000,KolektorSDD2,test,test,KolektorSDD2/test/img/21000.png,KolektorSDD2/test/ann/21000.png.json,232,641,232,641,3,0.3619,False,0,none,none,0,0.0,0,0,,Negative,0.0,,,,,OK,False
ksdd2_21002,KolektorSDD2,test,test,KolektorSDD2/test/img/21002.png,KolektorSDD2/test/ann/21002.png.json,229,626,229,626,3,0.3658,False,0,none,none,0,0.0,0,0,,Negative,0.0,,,,,OK,False
ksdd2_21003,KolektorSDD2,test,test,KolektorSDD2/test/img/21003.png,KolektorSDD2/test/ann/21003.png.json,229,634,229,634,3,0.3612,False,0,none,none,0,0.0,0,0,,Negative,0.0,,,,,OK,False
mt_exp0_num_461,MagneticTile,all,train,MagneticTile/ds/img/exp0_num_461.jpg,MagneticTile/ds/ann/exp0_num_461.jpg.json,121,289,121,289,1,0.4187,True,1,uneven,uneven,8804,25.1766,1,8804,8804,Large,398.67,0,0,120,74,OK,True
mt_exp0_num_743,MagneticTile,all,val,MagneticTile/ds/img/exp0_num_743.jpg,MagneticTile/ds/ann/exp0_num_743.jpg.json,240,289,240,289,1,0.8304,False,0,none,none,0,0.0,0,0,,Negative,0.0,,,,,OK,False
mt_exp0_num_797,MagneticTile,all,train,MagneticTile/ds/img/exp0_num_797.jpg,MagneticTile/ds/ann/exp0_num_797.jpg.json,488,354,488,354,1,1.3785,True,1,fray,fray,198,0.1146,1,198,198,Small,66.53,458,334,473,353,OK,True
mt_exp1_num_10181,MagneticTile,all,train,MagneticTile/ds/img/exp1_num_10181.jpg,MagneticTile/ds/ann/exp1_num_10181.jpg.json,494,361,494,361,1,1.3684,False,0,none,none,0,0.0,0,0,,Negative,0.0,,,,,OK,False
mt_exp1_num_10334,MagneticTile,all,train,MagneticTile/ds/img/exp1_num_10334.jpg,MagneticTile/ds/ann/exp1_num_10334.jpg.json,511,321,511,321,1,1.5919,False,0,none,none,0,0.0,0,0,,Negative,0.0,,,,,OK,False
mt_exp1_num_106151,MagneticTile,all,val,MagneticTile/ds/img/exp1_num_106151.jpg,MagneticTile/ds/ann/exp1_num_106151.jpg.json,248,359,248,359,1,0.6908,False,0,none,none,0,0.0,0,0,,Negative,0.0,,,,,OK,False
mt_exp1_num_106729,MagneticTile,all,train,MagneticTile/ds/img/exp1_num_106729.jpg,MagneticTile/ds/ann/exp1_num_106729.jpg.json,254,347,254,347,1,0.732,False,0,none,none,0,0.0,0,0,,Negative,0.0,,,,,OK,False
mt_exp1_num_108719,MagneticTile,all,train,MagneticTile/ds/img/exp1_num_108719.jpg,MagneticTile/ds/ann/exp1_num_108719.jpg.json,248,373,248,373,1,0.6649,True,1,blowhole,blowhole,122,0.1319,1,122,122,Small,56.63,122,212,129,236,OK,True
mt_exp1_num_108889,MagneticTile,all,train,MagneticTile/ds/img/exp1_num_108889.jpg,MagneticTile/ds/ann/exp1_num_108889.jpg.json,248,373,248,373,1,0.6649,True,1,blowhole,blowhole,136,0.147,1,136,136,Small,55.21,122,215,130,237,OK,True
mt_exp1_num_10903,MagneticTile,all,train,MagneticTile/ds/img/exp1_num_10903.jpg,MagneticTile/ds/ann/exp1_num_10903.jpg.json,506,347,506,347,1,1.4582,False,0,none,none,0,0.0,0,0,,Negative,0.0,,,,,OK,False
mt_exp1_num_109232,MagneticTile,all,train,MagneticTile/ds/img/exp1_num_109232.jpg,MagneticTile/ds/ann/exp1_num_109232.jpg.json,593,261,593,261,1,2.272,True,1,uneven,uneven,69812,45.1061,1,69812,69812,Large,1500.48,0,131,592,260,OK,True
mt_exp1_num_110086,MagneticTile,all,test,MagneticTile/ds/img/exp1_num_110086.jpg,MagneticTile/ds/ann/exp1_num_110086.jpg.json,603,248,603,248,1,2.4315,False,0,none,none,0,0.0,0,0,,Negative,0.0,,,,,OK,False
mt_exp1_num_11276,MagneticTile,all,val,MagneticTile/ds/img/exp1_num_11276.jpg,MagneticTile/ds/ann/exp1_num_11276.jpg.json,473,360,473,360,1,1.3139,False,0,none,none,0,0.0,0,0,,Negative,0.0,,,,,OK,False
mt_exp1_num_114376,MagneticTile,all,train,MagneticTile/ds/img/exp1_num_114376.jpg,MagneticTile/ds/ann/exp1_num_114376.jpg.json,256,369,256,369,1,0.6938,False,0,none,none,0,0.0,0,0,,Negative,0.0,,,,,OK,False
mt_exp1_num_116270,MagneticTile,all,train,MagneticTile/ds/img/exp1_num_116270.jpg,MagneticTile/ds/ann/exp1_num_116270.jpg.json,598,259,598,259,1,2.3089,False,0,none,none,0,0.0,0,0,,Negative,0.0,,,,,OK,False
mt_exp1_num_116934,MagneticTile,all,val,MagneticTile/ds/img/exp1_num_116934.jpg,MagneticTile/ds/ann/exp1_num_116934.jpg.json,592,247,592,247,1,2.3968,True,1,break,break,3421,2.3396,1,3421,3421,Medium,379.05,0,44,31,191,OK,True
mt_exp1_num_116949,MagneticTile,all,train,MagneticTile/ds/img/exp1_num_116949.jpg,MagneticTile/ds/ann/exp1_num_116949.jpg.json,295,296,295,296,1,0.9966,False,0,none,none,0,0.0,0,0,,Negative,0.0,,,,,OK,False
mt_exp1_num_118871,MagneticTile,all,val,MagneticTile/ds/img/exp1_num_118871.jpg,MagneticTile/ds/ann/exp1_num_118871.jpg.json,585,253,585,253,1,2.3123,False,0,none,none,0,0.0,0,0,,Negative,0.0,,,,,OK,False
mt_exp1_num_124236,MagneticTile,all,train,MagneticTile/ds/img/exp1_num_124236.jpg,MagneticTile/ds/ann/exp1_num_124236.jpg.json,594,238,594,238,1,2.4958,True,1,uneven,uneven,49285,34.8619,1,49285,49285,Large,1442.24,0,0,593,90,OK,True
mt_exp1_num_126299,MagneticTile,all,train,MagneticTile/ds/img/exp1_num_126299.jpg,MagneticTile/ds/ann/exp1_num_126299.jpg.json,298,334,298,334,1,0.8922,False,0,none,none,0,0.0,0,0,,Negative,0.0,,,,,OK,False
mt_exp1_num_126795,MagneticTile,all,train,MagneticTile/ds/img/exp1_num_126795.jpg,MagneticTile/ds/ann/exp1_num_126795.jpg.json,304,342,304,342,1,0.8889,False,0,none,none,0,0.0,0,0,,Negative,0.0,,,,,OK,False
mt_exp1_num_127649,MagneticTile,all,train,MagneticTile/ds/img/exp1_num_127649.jpg,MagneticTile/ds/ann/exp1_num_127649.jpg.json,294,337,294,337,1,0.8724,False,0,none,none,0,0.0,0,0,,Negative,0.0,,,,,OK,False
mt_exp1_num_128075,MagneticTile,all,train,MagneticTile/ds/img/exp1_num_128075.jpg,MagneticTile/ds/ann/exp1_num_128075.jpg.json,309,332,309,332,1,0.9307,False,0,none,none,0,0.0,0,0,,Negative,0.0,,,,,OK,False
mt_exp1_num_129031,MagneticTile,all,train,MagneticTile/ds/img/exp1_num_129031.jpg,MagneticTile/ds/ann/exp1_num_129031.jpg.json,244,340,244,340,1,0.7176,True,1,uneven,uneven,8269,9.9675,1,8269,8269,Large,574.75,0,0,243,37,OK,True
mt_exp1_num_129580,MagneticTile,all,train,MagneticTile/ds/img/exp1_num_129580.jpg,MagneticTile/ds/ann/exp1_num_129580.jpg.json,246,357,246,357,1,0.6891,False,0,none,none,0,0.0,0,0,,Negative,0.0,,,,,OK,False
mt_exp1_num_13526,MagneticTile,all,train,MagneticTile/ds/img/exp1_num_13526.jpg,MagneticTile/ds/ann/exp1_num_13526.jpg.json,505,323,505,323,1,1.5635,False,0,none,none,0,0.0,0,0,,Negative,0.0,,,,,OK,False
mt_exp1_num_135544,MagneticTile,all,train,MagneticTile/ds/img/exp1_num_135544.jpg,MagneticTile/ds/ann/exp1_num_135544.jpg.json,602,240,602,240,1,2.5083,True,1,fray,fray,619,0.4284,1,619,619,Small,147.4,56,217,105,239,OK,True
mt_exp1_num_136254,MagneticTile,all,train,MagneticTile/ds/img/exp1_num_136254.jpg,MagneticTile/ds/ann/exp1_num_136254.jpg.json,568,233,568,233,1,2.4378,True,1,fray,fray,23340,17.6359,1,23340,23340,Large,674.52,196,24,395,183,OK,True
mt_exp1_num_138599,MagneticTile,all,train,MagneticTile/ds/img/exp1_num_138599.jpg,MagneticTile/ds/ann/exp1_num_138599.jpg.json,601,248,601,248,1,2.4234,False,0,none,none,0,0.0,0,0,,Negative,0.0,,,,,OK,False
mt_exp1_num_139798,MagneticTile,all,train,MagneticTile/ds/img/exp1_num_139798.jpg,MagneticTile/ds/ann/exp1_num_139798.jpg.json,594,243,594,243,1,2.4444,True,1,uneven,uneven,49922,34.5859,1,49922,49922,Large,1441.23,0,145,593,242,OK,True
mt_exp1_num_143147,MagneticTile,all,val,MagneticTile/ds/img/exp1_num_143147.jpg,MagneticTile/ds/ann/exp1_num_143147.jpg.json,603,254,603,254,1,2.374,False,0,none,none,0,0.0,0,0,,Negative,0.0,,,,,OK,False
mt_exp1_num_144162,MagneticTile,all,train,MagneticTile/ds/img/exp1_num_144162.jpg,MagneticTile/ds/ann/exp1_num_144162.jpg.json,592,246,592,246,1,2.4065,False,0,none,none,0,0.0,0,0,,Negative,0.0,,,,,OK,False
mt_exp1_num_147928,MagneticTile,all,val,MagneticTile/ds/img/exp1_num_147928.jpg,MagneticTile/ds/ann/exp1_num_147928.jpg.json,601,244,601,244,1,2.4631,False,0,none,none,0,0.0,0,0,,Negative,0.0,,,,,OK,False
mt_exp1_num_148923,MagneticTile,all,train,MagneticTile/ds/img/exp1_num_148923.jpg,MagneticTile/ds/ann/exp1_num_148923.jpg.json,590,235,590,235,1,2.5106,False,0,none,none,0,0.0,0,0,,Negative,0.0,,,,,OK,False
mt_exp1_num_154549,MagneticTile,all,train,MagneticTile/ds/img/exp1_num_154549.jpg,MagneticTile/ds/ann/exp1_num_154549.jpg.json,192,309,192,309,1,0.6214,False,0,none,none,0,0.0,0,0,,Negative,0.0,,,,,OK,False
mt_exp1_num_155300,MagneticTile,all,train,MagneticTile/ds/img/exp1_num_155300.jpg,MagneticTile/ds/ann/exp1_num_155300.jpg.json,181,299,181,299,1,0.6054,True,1,uneven,uneven,24176,44.6719,1,24176,24176,Large,639.88,0,162,180,298,OK,True
mt_exp1_num_157166,MagneticTile,all,train,MagneticTile/ds/img/exp1_num_157166.jpg,MagneticTile/ds/ann/exp1_num_157166.jpg.json,195,319,195,319,1,0.6113,False,0,none,none,0,0.0,0,0,,Negative,0.0,,,,,OK,False
mt_exp1_num_157675,MagneticTile,all,test,MagneticTile/ds/img/exp1_num_157675.jpg,MagneticTile/ds/ann/exp1_num_157675.jpg.json,182,319,182,319,1,0.5705,False,0,none,none,0,0.0,0,0,,Negative,0.0,,,,,OK,False
mt_exp1_num_16503,MagneticTile,all,train,MagneticTile/ds/img/exp1_num_16503.jpg,MagneticTile/ds/ann/exp1_num_16503.jpg.json,529,315,529,315,1,1.6794,False,0,none,none,0,0.0,0,0,,Negative,0.0,,,,,OK,False
mt_exp1_num_165362,MagneticTile,all,test,MagneticTile/ds/img/exp1_num_165362.jpg,MagneticTile/ds/ann/exp1_num_165362.jpg.json,192,318,192,318,1,0.6038,False,0,none,none,0,0.0,0,0,,Negative,0.0,,,,,OK,False
mt_exp1_num_166172,MagneticTile,all,train,MagneticTile/ds/img/exp1_num_166172.jpg,MagneticTile/ds/ann/exp1_num_166172.jpg.json,187,324,187,324,1,0.5772,False,0,none,none,0,0.0,0,0,,Negative,0.0,,,,,OK,False
mt_exp1_num_172241,MagneticTile,all,train,MagneticTile/ds/img/exp1_num_172241.jpg,MagneticTile/ds/ann/exp1_num_172241.jpg.json,166,322,166,322,1,0.5155,True,1,uneven,uneven,21490,40.2043,1,21490,21490,Large,598.81,0,0,165,141,OK,True
mt_exp1_num_174647,MagneticTile,all,train,MagneticTile/ds/img/exp1_num_174647.jpg,MagneticTile/ds/ann/exp1_num_174647.jpg.json,192,314,192,314,1,0.6115,False,0,none,none,0,0.0,0,0,,Negative,0.0,,,,,OK,False
mt_exp1_num_177906,MagneticTile,all,test,MagneticTile/ds/img/exp1_num_177906.jpg,MagneticTile/ds/ann/exp1_num_177906.jpg.json,190,307,190,307,1,0.6189,False,0,none,none,0,0.0,0,0,,Negative,0.0,,,,,OK,False
mt_exp1_num_178453,MagneticTile,all,train,MagneticTile/ds/img/exp1_num_178453.jpg,MagneticTile/ds/ann/exp1_num_178453.jpg.json,190,321,190,321,1,0.5919,False,0,none,none,0,0.0,0,0,,Negative,0.0,,,,,OK,False
mt_exp1_num_180298,MagneticTile,all,test,MagneticTile/ds/img/exp1_num_180298.jpg,MagneticTile/ds/ann/exp1_num_180298.jpg.json,188,326,188,326,1,0.5767,False,0,none,none,0,0.0,0,0,,Negative,0.0,,,,,OK,False
mt_exp1_num_180836,MagneticTile,all,train,MagneticTile/ds/img/exp1_num_180836.jpg,MagneticTile/ds/ann/exp1_num_180836.jpg.json,198,319,198,319,1,0.6207,False,0,none,none,0,0.0,0,0,,Negative,0.0,,,,,OK,False
mt_exp1_num_1810,MagneticTile,all,train,MagneticTile/ds/img/exp1_num_1810.jpg,MagneticTile/ds/ann/exp1_num_1810.jpg.json,237,272,237,272,1,0.8713,False,0,none,none,0,0.0,0,0,,Negative,0.0,,,,,OK,False
mt_exp1_num_18129,MagneticTile,all,train,MagneticTile/ds/img/exp1_num_18129.jpg,MagneticTile/ds/ann/exp1_num_18129.jpg.json,512,319,512,319,1,1.605,False,0,none,none,0,0.0,0,0,,Negative,0.0,,,,,OK,False
mt_exp1_num_183137,MagneticTile,all,train,MagneticTile/ds/img/exp1_num_183137.jpg,MagneticTile/ds/ann/exp1_num_183137.jpg.json,193,317,193,317,1,0.6088,False,0,none,none,0,0.0,0,0,,Negative,0.0,,,,,OK,False
mt_exp1_num_183798,MagneticTile,all,train,MagneticTile/ds/img/exp1_num_183798.jpg,MagneticTile/ds/ann/exp1_num_183798.jpg.json,191,317,191,317,1,0.6025,False,0,none,none,0,0.0,0,0,,Negative,0.0,,,,,OK,False
mt_exp1_num_186826,MagneticTile,all,val,MagneticTile/ds/img/exp1_num_186826.jpg,MagneticTile/ds/ann/exp1_num_186826.jpg.json,190,312,190,312,1,0.609,True,1,uneven,uneven,24627,41.5435,1,24627,24627,Large,676.66,18,105,171,296,OK,True
mt_exp1_num_187505,MagneticTile,all,train,MagneticTile/ds/img/exp1_num_187505.jpg,MagneticTile/ds/ann/exp1_num_187505.jpg.json,196,320,196,320,1,0.6125,False,0,none,none,0,0.0,0,0,,Negative,0.0,,,,,OK,False
mt_exp1_num_192126,MagneticTile,all,train,MagneticTile/ds/img/exp1_num_192126.jpg,MagneticTile/ds/ann/exp1_num_192126.jpg.json,195,312,195,312,1,0.625,False,0,none,none,0,0.0,0,0,,Negative,0.0,,,,,OK,False
mt_exp1_num_193104,MagneticTile,all,train,MagneticTile/ds/img/exp1_num_193104.jpg,MagneticTile/ds/ann/exp1_num_193104.jpg.json,180,317,180,317,1,0.5678,False,0,none,none,0,0.0,0,0,,Negative,0.0,,,,,OK,False
mt_exp1_num_194173,MagneticTile,all,train,MagneticTile/ds/img/exp1_num_194173.jpg,MagneticTile/ds/ann/exp1_num_194173.jpg.json,189,320,189,320,1,0.5906,True,2,break,break,1374,2.2718,2,1192,1192;182,Medium,227.78,34,0,188,319,OK,True
mt_exp1_num_195647,MagneticTile,all,train,MagneticTile/ds/img/exp1_num_195647.jpg,MagneticTile/ds/ann/exp1_num_195647.jpg.json,189,313,189,313,1,0.6038,False,0,none,none,0,0.0,0,0,,Negative,0.0,,,,,OK,False
mt_exp1_num_19695,MagneticTile,all,train,MagneticTile/ds/img/exp1_num_19695.jpg,MagneticTile/ds/ann/exp1_num_19695.jpg.json,509,321,509,321,1,1.5857,False,0,none,none,0,0.0,0,0,,Negative,0.0,,,,,OK,False
mt_exp1_num_20362,MagneticTile,all,train,MagneticTile/ds/img/exp1_num_20362.jpg,MagneticTile/ds/ann/exp1_num_20362.jpg.json,502,308,502,308,1,1.6299,True,1,fray,fray,53877,34.8457,1,53877,53877,Large,1166.06,135,0,359,307,OK,True
mt_exp1_num_2038,MagneticTile,all,train,MagneticTile/ds/img/exp1_num_2038.jpg,MagneticTile/ds/ann/exp1_num_2038.jpg.json,502,368,502,368,1,1.3641,False,0,none,none,0,0.0,0,0,,Negative,0.0,,,,,OK,False
mt_exp1_num_240048,MagneticTile,all,test,MagneticTile/ds/img/exp1_num_240048.jpg,MagneticTile/ds/ann/exp1_num_240048.jpg.json,264,360,264,360,1,0.7333,False,0,none,none,0,0.0,0,0,,Negative,0.0,,,,,OK,False
mt_exp1_num_241352,MagneticTile,all,train,MagneticTile/ds/img/exp1_num_241352.jpg,MagneticTile/ds/ann/exp1_num_241352.jpg.json,208,266,208,266,1,0.782,False,0,none,none,0,0.0,0,0,,Negative,0.0,,,,,OK,False
mt_exp1_num_241889,MagneticTile,all,train,MagneticTile/ds/img/exp1_num_241889.jpg,MagneticTile/ds/ann/exp1_num_241889.jpg.json,189,268,189,268,1,0.7052,True,1,break,break,130,0.2567,1,130,130,Small,75.84,0,0,21,17,OK,True
mt_exp1_num_245763,MagneticTile,all,test,MagneticTile/ds/img/exp1_num_245763.jpg,MagneticTile/ds/ann/exp1_num_245763.jpg.json,211,248,211,248,1,0.8508,False,0,none,none,0,0.0,0,0,,Negative,0.0,,,,,OK,False
mt_exp1_num_246296,MagneticTile,all,train,MagneticTile/ds/img/exp1_num_246296.jpg,MagneticTile/ds/ann/exp1_num_246296.jpg.json,220,269,220,269,1,0.8178,False,0,none,none,0,0.0,0,0,,Negative,0.0,,,,,OK,False
mt_exp1_num_24793,MagneticTile,all,train,MagneticTile/ds/img/exp1_num_24793.jpg,MagneticTile/ds/ann/exp1_num_24793.jpg.json,511,327,511,327,1,1.5627,True,1,uneven,uneven,28245,16.9034,1,28245,28245,Large,1046.36,90,202,510,279,OK,True
mt_exp1_num_249594,MagneticTile,all,train,MagneticTile/ds/img/exp1_num_249594.jpg,MagneticTile/ds/ann/exp1_num_249594.jpg.json,219,264,219,264,1,0.8295,True,1,crack,crack,1189,2.0565,1,1189,1189,Medium,554.25,92,0,106,253,OK,True
mt_exp1_num_251427,MagneticTile,all,val,MagneticTile/ds/img/exp1_num_251427.jpg,MagneticTile/ds/ann/exp1_num_251427.jpg.json,217,246,217,246,1,0.8821,False,0,none,none,0,0.0,0,0,,Negative,0.0,,,,,OK,False
mt_exp1_num_255641,MagneticTile,all,train,MagneticTile/ds/img/exp1_num_255641.jpg,MagneticTile/ds/ann/exp1_num_255641.jpg.json,261,361,261,361,1,0.723,False,0,none,none,0,0.0,0,0,,Negative,0.0,,,,,OK,False
mt_exp1_num_256261,MagneticTile,all,train,MagneticTile/ds/img/exp1_num_256261.jpg,MagneticTile/ds/ann/exp1_num_256261.jpg.json,265,375,265,375,1,0.7067,False,0,none,none,0,0.0,0,0,,Negative,0.0,,,,,OK,False
mt_exp1_num_257103,MagneticTile,all,train,MagneticTile/ds/img/exp1_num_257103.jpg,MagneticTile/ds/ann/exp1_num_257103.jpg.json,218,273,218,273,1,0.7985,False,0,none,none,0,0.0,0,0,,Negative,0.0,,,,,OK,False
mt_exp1_num_257630,MagneticTile,all,train,MagneticTile/ds/img/exp1_num_257630.jpg,MagneticTile/ds/ann/exp1_num_257630.jpg.json,238,337,238,337,1,0.7062,False,0,none,none,0,0.0,0,0,,Negative,0.0,,,,,OK,False
mt_exp1_num_258511,MagneticTile,all,val,MagneticTile/ds/img/exp1_num_258511.jpg,MagneticTile/ds/ann/exp1_num_258511.jpg.json,232,325,232,325,1,0.7138,True,1,fray,fray,26062,34.565,1,26062,26062,Large,846.54,64,21,175,324,OK,True
mt_exp1_num_258819,MagneticTile,all,train,MagneticTile/ds/img/exp1_num_258819.jpg,MagneticTile/ds/ann/exp1_num_258819.jpg.json,217,259,217,259,1,0.8378,False,0,none,none,0,0.0,0,0,,Negative,0.0,,,,,OK,False
mt_exp1_num_260482,MagneticTile,all,train,MagneticTile/ds/img/exp1_num_260482.jpg,MagneticTile/ds/ann/exp1_num_260482.jpg.json,218,262,218,262,1,0.8321,False,0,none,none,0,0.0,0,0,,Negative,0.0,,,,,OK,False
mt_exp1_num_260927,MagneticTile,all,train,MagneticTile/ds/img/exp1_num_260927.jpg,MagneticTile/ds/ann/exp1_num_260927.jpg.json,217,266,217,266,1,0.8158,False,0,none,none,0,0.0,0,0,,Negative,0.0,,,,,OK,False
mt_exp1_num_2610,MagneticTile,all,train,MagneticTile/ds/img/exp1_num_2610.jpg,MagneticTile/ds/ann/exp1_num_2610.jpg.json,121,283,121,283,1,0.4276,False,0,none,none,0,0.0,0,0,,Negative,0.0,,,,,OK,False
mt_exp1_num_26106,MagneticTile,all,train,MagneticTile/ds/img/exp1_num_26106.jpg,MagneticTile/ds/ann/exp1_num_26106.jpg.json,513,309,513,309,1,1.6602,True,1,break,break,2742,1.7298,1,2742,2742,Medium,280.75,9,0,111,35,OK,True
mt_exp1_num_261937,MagneticTile,all,test,MagneticTile/ds/img/exp1_num_261937.jpg,MagneticTile/ds/ann/exp1_num_261937.jpg.json,218,273,218,273,1,0.7985,False,0,none,none,0,0.0,0,0,,Negative,0.0,,,,,OK,False
mt_exp1_num_262216,MagneticTile,all,train,MagneticTile/ds/img/exp1_num_262216.jpg,MagneticTile/ds/ann/exp1_num_262216.jpg.json,267,377,267,377,1,0.7082,False,0,none,none,0,0.0,0,0,,Negative,0.0,,,,,OK,False
mt_exp1_num_262480,MagneticTile,all,train,MagneticTile/ds/img/exp1_num_262480.jpg,MagneticTile/ds/ann/exp1_num_262480.jpg.json,196,246,196,246,1,0.7967,True,1,blowhole,blowhole,36,0.0747,1,36,36,Small,19.66,108,160,113,166,OK,True
mt_exp1_num_262642,MagneticTile,all,val,MagneticTile/ds/img/exp1_num_262642.jpg,MagneticTile/ds/ann/exp1_num_262642.jpg.json,265,381,265,381,1,0.6955,False,0,none,none,0,0.0,0,0,,Negative,0.0,,,,,OK,False
mt_exp1_num_263839,MagneticTile,all,val,MagneticTile/ds/img/exp1_num_263839.jpg,MagneticTile/ds/ann/exp1_num_263839.jpg.json,269,371,269,371,1,0.7251,False,0,none,none,0,0.0,0,0,,Negative,0.0,,,,,OK,False
mt_exp1_num_264189,MagneticTile,all,train,MagneticTile/ds/img/exp1_num_264189.jpg,MagneticTile/ds/ann/exp1_num_264189.jpg.json,269,373,269,373,1,0.7212,False,0,none,none,0,0.0,0,0,,Negative,0.0,,,,,OK,False
mt_exp1_num_265077,MagneticTile,all,train,MagneticTile/ds/img/exp1_num_265077.jpg,MagneticTile/ds/ann/exp1_num_265077.jpg.json,265,356,265,356,1,0.7444,True,1,blowhole,blowhole,121,0.1283,1,121,121,Small,38.97,244,9,254,22,OK,True
mt_exp1_num_265613,MagneticTile,all,train,MagneticTile/ds/img/exp1_num_265613.jpg,MagneticTile/ds/ann/exp1_num_265613.jpg.json,253,381,253,381,1,0.664,True,2,crack,crack,263,0.2728,2,158,158;105,Small,124.71,94,0,189,380,OK,True
mt_exp1_num_266278,MagneticTile,all,train,MagneticTile/ds/img/exp1_num_266278.jpg,MagneticTile/ds/ann/exp1_num_266278.jpg.json,215,249,215,249,1,0.8635,False,0,none,none,0,0.0,0,0,,Negative,0.0,,,,,OK,False
mt_exp1_num_266790,MagneticTile,all,train,MagneticTile/ds/img/exp1_num_266790.jpg,MagneticTile/ds/ann/exp1_num_266790.jpg.json,217,266,217,266,1,0.8158,False,0,none,none,0,0.0,0,0,,Negative,0.0,,,,,OK,False
mt_exp1_num_269086,MagneticTile,all,train,MagneticTile/ds/img/exp1_num_269086.jpg,MagneticTile/ds/ann/exp1_num_269086.jpg.json,216,277,216,277,1,0.7798,False,0,none,none,0,0.0,0,0,,Negative,0.0,,,,,OK,False
mt_exp1_num_269626,MagneticTile,all,val,MagneticTile/ds/img/exp1_num_269626.jpg,MagneticTile/ds/ann/exp1_num_269626.jpg.json,219,265,219,265,1,0.8264,False,0,none,none,0,0.0,0,0,,Negative,0.0,,,,,OK,False
mt_exp1_num_270128,MagneticTile,all,test,MagneticTile/ds/img/exp1_num_270128.jpg,MagneticTile/ds/ann/exp1_num_270128.jpg.json,245,359,245,359,1,0.6825,True,1,uneven,uneven,27450,31.2091,1,27450,27450,Large,709.93,0,184,208,328,OK,True
mt_exp1_num_270550,MagneticTile,all,train,MagneticTile/ds/img/exp1_num_270550.jpg,MagneticTile/ds/ann/exp1_num_270550.jpg.json,245,330,245,330,1,0.7424,False,0,none,none,0,0.0,0,0,,Negative,0.0,,,,,OK,False
mt_exp1_num_270753,MagneticTile,all,test,MagneticTile/ds/img/exp1_num_270753.jpg,MagneticTile/ds/ann/exp1_num_270753.jpg.json,221,281,221,281,1,0.7865,False,0,none,none,0,0.0,0,0,,Negative,0.0,,,,,OK,False
mt_exp1_num_271361,MagneticTile,all,train,MagneticTile/ds/img/exp1_num_271361.jpg,MagneticTile/ds/ann/exp1_num_271361.jpg.json,217,281,217,281,1,0.7722,True,1,break,break,219,0.3592,1,219,219,Small,112.57,14,0,28,41,OK,True
mt_exp1_num_274094,MagneticTile,all,train,MagneticTile/ds/img/exp1_num_274094.jpg,MagneticTile/ds/ann/exp1_num_274094.jpg.json,214,270,214,270,1,0.7926,True,1,uneven,uneven,8651,14.9723,1,8651,8651,Large,451.04,0,0,152,90,OK,True
mt_exp1_num_275371,MagneticTile,all,train,MagneticTile/ds/img/exp1_num_275371.jpg,MagneticTile/ds/ann/exp1_num_275371.jpg.json,259,373,259,373,1,0.6944,False,0,none,none,0,0.0,0,0,,Negative,0.0,,,,,OK,False
mt_exp1_num_275662,MagneticTile,all,val,MagneticTile/ds/img/exp1_num_275662.jpg,MagneticTile/ds/ann/exp1_num_275662.jpg.json,268,362,268,362,1,0.7403,False,0,none,none,0,0.0,0,0,,Negative,0.0,,,,,OK,False
mt_exp1_num_276355,MagneticTile,all,train,MagneticTile/ds/img/exp1_num_276355.jpg,MagneticTile/ds/ann/exp1_num_276355.jpg.json,236,389,236,389,1,0.6067,True,2,crack,crack,205,0.2233,2,145,145;60,Small,80.87,84,0,126,12,OK,True
mt_exp1_num_276985,MagneticTile,all,val,MagneticTile/ds/img/exp1_num_276985.jpg,MagneticTile/ds/ann/exp1_num_276985.jpg.json,261,365,261,365,1,0.7151,False,0,none,none,0,0.0,0,0,,Negative,0.0,,,,,OK,False
mt_exp1_num_278570,MagneticTile,all,test,MagneticTile/ds/img/exp1_num_278570.jpg,MagneticTile/ds/ann/exp1_num_278570.jpg.json,266,363,266,363,1,0.7328,False,0,none,none,0,0.0,0,0,,Negative,0.0,,,,,OK,False
mt_exp1_num_279090,MagneticTile,all,val,MagneticTile/ds/img/exp1_num_279090.jpg,MagneticTile/ds/ann/exp1_num_279090.jpg.json,269,375,269,375,1,0.7173,False,0,none,none,0,0.0,0,0,,Negative,0.0,,,,,OK,False
mt_exp1_num_280205,MagneticTile,all,test,MagneticTile/ds/img/exp1_num_280205.jpg,MagneticTile/ds/ann/exp1_num_280205.jpg.json,254,351,254,351,1,0.7236,False,0,none,none,0,0.0,0,0,,Negative,0.0,,,,,OK,False
mt_exp1_num_280939,MagneticTile,all,train,MagneticTile/ds/img/exp1_num_280939.jpg,MagneticTile/ds/ann/exp1_num_280939.jpg.json,236,359,236,359,1,0.6574,False,0,none,none,0,0.0,0,0,,Negative,0.0,,,,,OK,False
mt_exp1_num_282886,MagneticTile,all,train,MagneticTile/ds/img/exp1_num_282886.jpg,MagneticTile/ds/ann/exp1_num_282886.jpg.json,254,354,254,354,1,0.7175,False,0,none,none,0,0.0,0,0,,Negative,0.0,,,,,OK,False
mt_exp1_num_283203,MagneticTile,all,train,MagneticTile/ds/img/exp1_num_283203.jpg,MagneticTile/ds/ann/exp1_num_283203.jpg.json,246,283,246,283,1,0.8693,False,0,none,none,0,0.0,0,0,,Negative,0.0,,,,,OK,False
mt_exp1_num_28341,MagneticTile,all,train,MagneticTile/ds/img/exp1_num_28341.jpg,MagneticTile/ds/ann/exp1_num_28341.jpg.json,522,333,522,333,1,1.5676,True,1,uneven,uneven,6759,3.8884,1,6759,6759,Large,465.85,348,0,521,82,OK,True
mt_exp1_num_284482,MagneticTile,all,train,MagneticTile/ds/img/exp1_num_284482.jpg,MagneticTile/ds/ann/exp1_num_284482.jpg.json,253,367,253,367,1,0.6894,True,1,break,break,20902,22.5113,1,20902,20902,Large,1319.34,0,122,252,366,OK,True
mt_exp1_num_284841,MagneticTile,all,train,MagneticTile/ds/img/exp1_num_284841.jpg,MagneticTile/ds/ann/exp1_num_284841.jpg.json,247,353,247,353,1,0.6997,False,0,none,none,0,0.0,0,0,,Negative,0.0,,,,,OK,False
mt_exp1_num_286232,MagneticTile,all,train,MagneticTile/ds/img/exp1_num_286232.jpg,MagneticTile/ds/ann/exp1_num_286232.jpg.json,283,343,283,343,1,0.8251,False,0,none,none,0,0.0,0,0,,Negative,0.0,,,,,OK,False
mt_exp1_num_289590,MagneticTile,all,train,MagneticTile/ds/img/exp1_num_289590.jpg,MagneticTile/ds/ann/exp1_num_289590.jpg.json,304,337,304,337,1,0.9021,False,0,none,none,0,0.0,0,0,,Negative,0.0,,,,,OK,False
mt_exp1_num_290047,MagneticTile,all,test,MagneticTile/ds/img/exp1_num_290047.jpg,MagneticTile/ds/ann/exp1_num_290047.jpg.json,309,343,309,343,1,0.9009,False,0,none,none,0,0.0,0,0,,Negative,0.0,,,,,OK,False
mt_exp1_num_290998,MagneticTile,all,val,MagneticTile/ds/img/exp1_num_290998.jpg,MagneticTile/ds/ann/exp1_num_290998.jpg.json,289,352,289,352,1,0.821,True,1,blowhole,blowhole,337,0.3313,1,337,337,Small,167.1,244,303,271,335,OK,True
mt_exp1_num_292087,MagneticTile,all,test,MagneticTile/ds/img/exp1_num_292087.jpg,MagneticTile/ds/ann/exp1_num_292087.jpg.json,289,328,289,328,1,0.8811,False,0,none,none,0,0.0,0,0,,Negative,0.0,,,,,OK,False
mt_exp1_num_293254,MagneticTile,all,train,MagneticTile/ds/img/exp1_num_293254.jpg,MagneticTile/ds/ann/exp1_num_293254.jpg.json,292,323,292,323,1,0.904,False,0,none,none,0,0.0,0,0,,Negative,0.0,,,,,OK,False
mt_exp1_num_293709,MagneticTile,all,train,MagneticTile/ds/img/exp1_num_293709.jpg,MagneticTile/ds/ann/exp1_num_293709.jpg.json,296,332,296,332,1,0.8916,False,0,none,none,0,0.0,0,0,,Negative,0.0,,,,,OK,False
mt_exp1_num_29469,MagneticTile,all,train,MagneticTile/ds/img/exp1_num_29469.jpg,MagneticTile/ds/ann/exp1_num_29469.jpg.json,525,320,525,320,1,1.6406,False,0,none,none,0,0.0,0,0,,Negative,0.0,,,,,OK,False
mt_exp1_num_296631,MagneticTile,all,train,MagneticTile/ds/img/exp1_num_296631.jpg,MagneticTile/ds/ann/exp1_num_296631.jpg.json,308,350,308,350,1,0.88,False,0,none,none,0,0.0,0,0,,Negative,0.0,,,,,OK,False
mt_exp1_num_297276,MagneticTile,all,train,MagneticTile/ds/img/exp1_num_297276.jpg,MagneticTile/ds/ann/exp1_num_297276.jpg.json,311,345,311,345,1,0.9014,False,0,none,none,0,0.0,0,0,,Negative,0.0,,,,,OK,False
mt_exp1_num_297464,MagneticTile,all,val,MagneticTile/ds/img/exp1_num_297464.jpg,MagneticTile/ds/ann/exp1_num_297464.jpg.json,213,270,213,270,1,0.7889,True,1,blowhole,blowhole,42,0.073,1,42,42,Small,21.9,201,122,206,130,OK,True
mt_exp1_num_299713,MagneticTile,all,val,MagneticTile/ds/img/exp1_num_299713.jpg,MagneticTile/ds/ann/exp1_num_299713.jpg.json,218,266,218,266,1,0.8195,False,0,none,none,0,0.0,0,0,,Negative,0.0,,,,,OK,False
mt_exp1_num_301474,MagneticTile,all,train,MagneticTile/ds/img/exp1_num_301474.jpg,MagneticTile/ds/ann/exp1_num_301474.jpg.json,360,360,360,360,1,1.0,False,0,none,none,0,0.0,0,0,,Negative,0.0,,,,,OK,False
mt_exp1_num_304290,MagneticTile,all,train,MagneticTile/ds/img/exp1_num_304290.jpg,MagneticTile/ds/ann/exp1_num_304290.jpg.json,208,261,208,261,1,0.7969,True,1,break,break,12678,23.3532,1,12678,12678,Large,678.92,134,0,207,259,OK,True
mt_exp1_num_304293,MagneticTile,all,test,MagneticTile/ds/img/exp1_num_304293.jpg,MagneticTile/ds/ann/exp1_num_304293.jpg.json,307,324,307,324,1,0.9475,False,0,none,none,0,0.0,0,0,,Negative,0.0,,,,,OK,False
mt_exp1_num_304672,MagneticTile,all,train,MagneticTile/ds/img/exp1_num_304672.jpg,MagneticTile/ds/ann/exp1_num_304672.jpg.json,309,306,309,306,1,1.0098,False,0,none,none,0,0.0,0,0,,Negative,0.0,,,,,OK,False
mt_exp1_num_304836,MagneticTile,all,train,MagneticTile/ds/img/exp1_num_304836.jpg,MagneticTile/ds/ann/exp1_num_304836.jpg.json,206,267,206,267,1,0.7715,False,0,none,none,0,0.0,0,0,,Negative,0.0,,,,,OK,False
mt_exp1_num_306425,MagneticTile,all,train,MagneticTile/ds/img/exp1_num_306425.jpg,MagneticTile/ds/ann/exp1_num_306425.jpg.json,209,262,209,262,1,0.7977,False,0,none,none,0,0.0,0,0,,Negative,0.0,,,,,OK,False
mt_exp1_num_306586,MagneticTile,all,val,MagneticTile/ds/img/exp1_num_306586.jpg,MagneticTile/ds/ann/exp1_num_306586.jpg.json,348,365,348,365,1,0.9534,False,0,none,none,0,0.0,0,0,,Negative,0.0,,,,,OK,False
mt_exp1_num_308015,MagneticTile,all,train,MagneticTile/ds/img/exp1_num_308015.jpg,MagneticTile/ds/ann/exp1_num_308015.jpg.json,221,272,221,272,1,0.8125,True,1,blowhole,blowhole,45,0.0749,1,45,45,Small,23.07,211,189,216,197,OK,True
mt_exp1_num_308806,MagneticTile,all,test,MagneticTile/ds/img/exp1_num_308806.jpg,MagneticTile/ds/ann/exp1_num_308806.jpg.json,357,358,357,358,1,0.9972,False,0,none,none,0,0.0,0,0,,Negative,0.0,,,,,OK,False
mt_exp1_num_309352,MagneticTile,all,test,MagneticTile/ds/img/exp1_num_309352.jpg,MagneticTile/ds/ann/exp1_num_309352.jpg.json,362,362,362,362,1,1.0,False,0,none,none,0,0.0,0,0,,Negative,0.0,,,,,OK,False
mt_exp1_num_309648,MagneticTile,all,val,MagneticTile/ds/img/exp1_num_309648.jpg,MagneticTile/ds/ann/exp1_num_309648.jpg.json,218,270,218,270,1,0.8074,False,0,none,none,0,0.0,0,0,,Negative,0.0,,,,,OK,False
mt_exp1_num_31106,MagneticTile,all,train,MagneticTile/ds/img/exp1_num_31106.jpg,MagneticTile/ds/ann/exp1_num_31106.jpg.json,122,281,122,281,1,0.4342,False,0,none,none,0,0.0,0,0,,Negative,0.0,,,,,OK,False
mt_exp1_num_311322,MagneticTile,all,train,MagneticTile/ds/img/exp1_num_311322.jpg,MagneticTile/ds/ann/exp1_num_311322.jpg.json,220,268,220,268,1,0.8209,False,0,none,none,0,0.0,0,0,,Negative,0.0,,,,,OK,False
mt_exp1_num_311809,MagneticTile,all,train,MagneticTile/ds/img/exp1_num_311809.jpg,MagneticTile/ds/ann/exp1_num_311809.jpg.json,224,280,224,280,1,0.8,True,1,uneven,uneven,5819,9.2777,1,5819,5819,Large,518.61,0,250,223,279,OK,True
mt_exp1_num_313478,MagneticTile,all,train,MagneticTile/ds/img/exp1_num_313478.jpg,MagneticTile/ds/ann/exp1_num_313478.jpg.json,257,350,257,350,1,0.7343,True,1,uneven,uneven,25873,28.7638,1,25873,25873,Large,719.58,0,0,256,114,OK,True
mt_exp1_num_313835,MagneticTile,all,test,MagneticTile/ds/img/exp1_num_313835.jpg,MagneticTile/ds/ann/exp1_num_313835.jpg.json,247,368,247,368,1,0.6712,False,0,none,none,0,0.0,0,0,,Negative,0.0,,,,,OK,False
mt_exp1_num_314979,MagneticTile,all,train,MagneticTile/ds/img/exp1_num_314979.jpg,MagneticTile/ds/ann/exp1_num_314979.jpg.json,201,269,201,269,1,0.7472,False,0,none,none,0,0.0,0,0,,Negative,0.0,,,,,OK,False
mt_exp1_num_316333,MagneticTile,all,train,MagneticTile/ds/img/exp1_num_316333.jpg,MagneticTile/ds/ann/exp1_num_316333.jpg.json,364,357,364,357,1,1.0196,False,0,none,none,0,0.0,0,0,,Negative,0.0,,,,,OK,False
mt_exp1_num_316698,MagneticTile,all,train,MagneticTile/ds/img/exp1_num_316698.jpg,MagneticTile/ds/ann/exp1_num_316698.jpg.json,348,364,348,364,1,0.956,False,0,none,none,0,0.0,0,0,,Negative,0.0,,,,,OK,False
mt_exp1_num_317483,MagneticTile,all,train,MagneticTile/ds/img/exp1_num_317483.jpg,MagneticTile/ds/ann/exp1_num_317483.jpg.json,218,269,218,269,1,0.8104,True,1,blowhole,blowhole,110,0.1876,1,110,110,Small,38.97,96,219,109,229,OK,True
mt_exp1_num_317560,MagneticTile,all,test,MagneticTile/ds/img/exp1_num_317560.jpg,MagneticTile/ds/ann/exp1_num_317560.jpg.json,372,353,372,353,1,1.0538,False,0,none,none,0,0.0,0,0,,Negative,0.0,,,,,OK,False
mt_exp1_num_317885,MagneticTile,all,test,MagneticTile/ds/img/exp1_num_317885.jpg,MagneticTile/ds/ann/exp1_num_317885.jpg.json,360,364,360,364,1,0.989,False,0,none,none,0,0.0,0,0,,Negative,0.0,,,,,OK,False
mt_exp1_num_3191,MagneticTile,all,val,MagneticTile/ds/img/exp1_num_3191.jpg,MagneticTile/ds/ann/exp1_num_3191.jpg.json,469,370,469,370,1,1.2676,True,1,crack,crack,959,0.5526,1,959,959,Small,264.17,342,0,364,104,OK,True
mt_exp1_num_319321,MagneticTile,all,train,MagneticTile/ds/img/exp1_num_319321.jpg,MagneticTile/ds/ann/exp1_num_319321.jpg.json,363,358,363,358,1,1.014,False,0,none,none,0,0.0,0,0,,Negative,0.0,,,,,OK,False
mt_exp1_num_319420,MagneticTile,all,train,MagneticTile/ds/img/exp1_num_319420.jpg,MagneticTile/ds/ann/exp1_num_319420.jpg.json,222,274,222,274,1,0.8102,False,0,none,none,0,0.0,0,0,,Negative,0.0,,,,,OK,False
mt_exp1_num_319680,MagneticTile,all,train,MagneticTile/ds/img/exp1_num_319680.jpg,MagneticTile/ds/ann/exp1_num_319680.jpg.json,349,362,349,362,1,0.9641,False,0,none,none,0,0.0,0,0,,Negative,0.0,,,,,OK,False
mt_exp1_num_320441,MagneticTile,all,val,MagneticTile/ds/img/exp1_num_320441.jpg,MagneticTile/ds/ann/exp1_num_320441.jpg.json,359,368,359,368,1,0.9755,False,0,none,none,0,0.0,0,0,,Negative,0.0,,,,,OK,False
mt_exp1_num_320649,MagneticTile,all,train,MagneticTile/ds/img/exp1_num_320649.jpg,MagneticTile/ds/ann/exp1_num_320649.jpg.json,191,262,191,262,1,0.729,True,1,break,break,209,0.4176,1,209,209,Small,108.71,161,223,183,247,OK,True
mt_exp1_num_320808,MagneticTile,all,train,MagneticTile/ds/img/exp1_num_320808.jpg,MagneticTile/ds/ann/exp1_num_320808.jpg.json,359,358,359,358,1,1.0028,False,0,none,none,0,0.0,0,0,,Negative,0.0,,,,,OK,False
mt_exp1_num_320895,MagneticTile,all,train,MagneticTile/ds/img/exp1_num_320895.jpg,MagneticTile/ds/ann/exp1_num_320895.jpg.json,359,358,359,358,1,1.0028,False,0,none,none,0,0.0,0,0,,Negative,0.0,,,,,OK,False
mt_exp1_num_32128,MagneticTile,all,train,MagneticTile/ds/img/exp1_num_32128.jpg,MagneticTile/ds/ann/exp1_num_32128.jpg.json,122,285,122,285,1,0.4281,True,1,crack,crack,309,0.8887,1,309,309,Small,142.51,5,250,44,284,OK,True
mt_exp1_num_322605,MagneticTile,all,train,MagneticTile/ds/img/exp1_num_322605.jpg,MagneticTile/ds/ann/exp1_num_322605.jpg.json,204,257,204,257,1,0.7938,True,1,blowhole,blowhole,143,0.2728,1,143,143,Small,54.63,182,190,192,210,OK,True
mt_exp1_num_323319,MagneticTile,all,train,MagneticTile/ds/img/exp1_num_323319.jpg,MagneticTile/ds/ann/exp1_num_323319.jpg.json,219,272,219,272,1,0.8051,False,0,none,none,0,0.0,0,0,,Negative,0.0,,,,,OK,False
mt_exp1_num_326586,MagneticTile,all,val,MagneticTile/ds/img/exp1_num_326586.jpg,MagneticTile/ds/ann/exp1_num_326586.jpg.json,374,348,374,348,1,1.0747,False,0,none,none,0,0.0,0,0,,Negative,0.0,,,,,OK,False
mt_exp1_num_326904,MagneticTile,all,train,MagneticTile/ds/img/exp1_num_326904.jpg,MagneticTile/ds/ann/exp1_num_326904.jpg.json,355,362,355,362,1,0.9807,False,0,none,none,0,0.0,0,0,,Negative,0.0,,,,,OK,False
mt_exp1_num_327970,MagneticTile,all,train,MagneticTile/ds/img/exp1_num_327970.jpg,MagneticTile/ds/ann/exp1_num_327970.jpg.json,360,349,360,349,1,1.0315,True,1,blowhole,blowhole,104,0.0828,1,104,104,Small,39.9,52,74,60,88,OK,True
mt_exp1_num_329206,MagneticTile,all,test,MagneticTile/ds/img/exp1_num_329206.jpg,MagneticTile/ds/ann/exp1_num_329206.jpg.json,374,358,374,358,1,1.0447,False,0,none,none,0,0.0,0,0,,Negative,0.0,,,,,OK,False
mt_exp1_num_331149,MagneticTile,all,test,MagneticTile/ds/img/exp1_num_331149.jpg,MagneticTile/ds/ann/exp1_num_331149.jpg.json,369,372,369,372,1,0.9919,True,1,fray,fray,606,0.4415,1,606,606,Small,124.47,17,4,62,21,OK,True
mt_exp1_num_331931,MagneticTile,all,train,MagneticTile/ds/img/exp1_num_331931.jpg,MagneticTile/ds/ann/exp1_num_331931.jpg.json,352,355,352,355,1,0.9915,False,0,none,none,0,0.0,0,0,,Negative,0.0,,,,,OK,False
mt_exp1_num_332686,MagneticTile,all,train,MagneticTile/ds/img/exp1_num_332686.jpg,MagneticTile/ds/ann/exp1_num_332686.jpg.json,309,351,309,351,1,0.8803,False,0,none,none,0,0.0,0,0,,Negative,0.0,,,,,OK,False
mt_exp1_num_33365,MagneticTile,all,test,MagneticTile/ds/img/exp1_num_33365.jpg,MagneticTile/ds/ann/exp1_num_33365.jpg.json,520,313,520,313,1,1.6613,True,1,uneven,uneven,31736,19.4986,1,31736,31736,Large,1238.36,0,0,519,80,OK,True
mt_exp1_num_337646,MagneticTile,all,val,MagneticTile/ds/img/exp1_num_337646.jpg,MagneticTile/ds/ann/exp1_num_337646.jpg.json,484,384,484,384,1,1.2604,False,0,none,none,0,0.0,0,0,,Negative,0.0,,,,,OK,False
mt_exp1_num_338856,MagneticTile,all,train,MagneticTile/ds/img/exp1_num_338856.jpg,MagneticTile/ds/ann/exp1_num_338856.jpg.json,492,373,492,373,1,1.319,False,0,none,none,0,0.0,0,0,,Negative,0.0,,,,,OK,False
mt_exp1_num_339819,MagneticTile,all,train,MagneticTile/ds/img/exp1_num_339819.jpg,MagneticTile/ds/ann/exp1_num_339819.jpg.json,390,371,390,371,1,1.0512,True,1,crack,crack,213,0.1472,1,213,213,Small,92.97,89,1,95,42,OK,True
mt_exp1_num_34078,MagneticTile,all,train,MagneticTile/ds/img/exp1_num_34078.jpg,MagneticTile/ds/ann/exp1_num_34078.jpg.json,523,318,523,318,1,1.6447,False,0,none,none,0,0.0,0,0,,Negative,0.0,,,,,OK,False
mt_exp1_num_342140,MagneticTile,all,train,MagneticTile/ds/img/exp1_num_342140.jpg,MagneticTile/ds/ann/exp1_num_342140.jpg.json,421,372,421,372,1,1.1317,True,2,crack,crack,510,0.3256,2,258,258;252,Small,219.3,210,0,300,47,OK,True
mt_exp1_num_342849,MagneticTile,all,train,MagneticTile/ds/img/exp1_num_342849.jpg,MagneticTile/ds/ann/exp1_num_342849.jpg.json,517,370,517,370,1,1.3973,False,0,none,none,0,0.0,0,0,,Negative,0.0,,,,,OK,False
mt_exp1_num_344557,MagneticTile,all,train,MagneticTile/ds/img/exp1_num_344557.jpg,MagneticTile/ds/ann/exp1_num_344557.jpg.json,501,359,501,359,1,1.3955,False,0,none,none,0,0.0,0,0,,Negative,0.0,,,,,OK,False
mt_exp1_num_346311,MagneticTile,all,train,MagneticTile/ds/img/exp1_num_346311.jpg,MagneticTile/ds/ann/exp1_num_346311.jpg.json,504,371,504,371,1,1.3585,True,1,blowhole,blowhole,89,0.0476,1,89,89,Small,32.73,279,55,289,64,OK,True
mt_exp1_num_348629,MagneticTile,all,train,MagneticTile/ds/img/exp1_num_348629.jpg,MagneticTile/ds/ann/exp1_num_348629.jpg.json,512,373,512,373,1,1.3727,True,1,break,break,527,0.276,1,527,527,Small,190.59,17,3,59,34,OK,True
mt_exp1_num_349824,MagneticTile,all,train,MagneticTile/ds/img/exp1_num_349824.jpg,MagneticTile/ds/ann/exp1_num_349824.jpg.json,481,364,481,364,1,1.3214,False,0,none,none,0,0.0,0,0,,Negative,0.0,,,,,OK,False
mt_exp1_num_3504,MagneticTile,all,val,MagneticTile/ds/img/exp1_num_3504.jpg,MagneticTile/ds/ann/exp1_num_3504.jpg.json,127,271,127,271,1,0.4686,False,0,none,none,0,0.0,0,0,,Negative,0.0,,,,,OK,False
mt_exp1_num_351039,MagneticTile,all,train,MagneticTile/ds/img/exp1_num_351039.jpg,MagneticTile/ds/ann/exp1_num_351039.jpg.json,490,355,490,355,1,1.3803,False,0,none,none,0,0.0,0,0,,Negative,0.0,,,,,OK,False
mt_exp1_num_351427,MagneticTile,all,train,MagneticTile/ds/img/exp1_num_351427.jpg,MagneticTile/ds/ann/exp1_num_351427.jpg.json,509,357,509,357,1,1.4258,False,0,none,none,0,0.0,0,0,,Negative,0.0,,,,,OK,False
mt_exp1_num_352479,MagneticTile,all,val,MagneticTile/ds/img/exp1_num_352479.jpg,MagneticTile/ds/ann/exp1_num_352479.jpg.json,508,376,508,376,1,1.3511,True,3,uneven,uneven,11428,5.983,3,8919,8919;2439;70,Large,685.16,0,288,456,375,OK,True
mt_exp1_num_354377,MagneticTile,all,train,MagneticTile/ds/img/exp1_num_354377.jpg,MagneticTile/ds/ann/exp1_num_354377.jpg.json,494,364,494,364,1,1.3571,False,0,none,none,0,0.0,0,0,,Negative,0.0,,,,,OK,False
mt_exp1_num_355636,MagneticTile,all,test,MagneticTile/ds/img/exp1_num_355636.jpg,MagneticTile/ds/ann/exp1_num_355636.jpg.json,483,372,483,372,1,1.2984,False,0,none,none,0,0.0,0,0,,Negative,0.0,,,,,OK,False
mt_exp1_num_356718,MagneticTile,all,test,MagneticTile/ds/img/exp1_num_356718.jpg,MagneticTile/ds/ann/exp1_num_356718.jpg.json,504,376,504,376,1,1.3404,True,1,break,break,613,0.3235,1,613,613,Small,145.64,444,351,498,369,OK,True
mt_exp1_num_358102,MagneticTile,all,val,MagneticTile/ds/img/exp1_num_358102.jpg,MagneticTile/ds/ann/exp1_num_358102.jpg.json,476,369,476,369,1,1.29,False,0,none,none,0,0.0,0,0,,Negative,0.0,,,,,OK,False
mt_exp1_num_358933,MagneticTile,all,train,MagneticTile/ds/img/exp1_num_358933.jpg,MagneticTile/ds/ann/exp1_num_358933.jpg.json,496,365,496,365,1,1.3589,False,0,none,none,0,0.0,0,0,,Negative,0.0,,,,,OK,False
mt_exp1_num_359448,MagneticTile,all,train,MagneticTile/ds/img/exp1_num_359448.jpg,MagneticTile/ds/ann/exp1_num_359448.jpg.json,499,377,499,377,1,1.3236,False,0,none,none,0,0.0,0,0,,Negative,0.0,,,,,OK,False
mt_exp1_num_36290,MagneticTile,all,train,MagneticTile/ds/img/exp1_num_36290.jpg,MagneticTile/ds/ann/exp1_num_36290.jpg.json,117,281,117,281,1,0.4164,True,1,blowhole,blowhole,206,0.6266,1,206,206,Small,65.36,64,81,82,102,OK,True
mt_exp1_num_3667,MagneticTile,all,train,MagneticTile/ds/img/exp1_num_3667.jpg,MagneticTile/ds/ann/exp1_num_3667.jpg.json,491,376,491,376,1,1.3059,True,1,blowhole,blowhole,148,0.0802,1,148,148,Small,42.97,283,58,296,70,OK,True
mt_exp1_num_37243,MagneticTile,all,val,MagneticTile/ds/img/exp1_num_37243.jpg,MagneticTile/ds/ann/exp1_num_37243.jpg.json,518,325,518,325,1,1.5938,False,0,none,none,0,0.0,0,0,,Negative,0.0,,,,,OK,False
mt_exp1_num_37262,MagneticTile,all,train,MagneticTile/ds/img/exp1_num_37262.jpg,MagneticTile/ds/ann/exp1_num_37262.jpg.json,126,277,126,277,1,0.4549,False,0,none,none,0,0.0,0,0,,Negative,0.0,,,,,OK,False
mt_exp1_num_3786,MagneticTile,all,train,MagneticTile/ds/img/exp1_num_3786.jpg,MagneticTile/ds/ann/exp1_num_3786.jpg.json,116,275,116,275,1,0.4218,False,0,none,none,0,0.0,0,0,,Negative,0.0,,,,,OK,False
mt_exp1_num_37978,MagneticTile,all,train,MagneticTile/ds/img/exp1_num_37978.jpg,MagneticTile/ds/ann/exp1_num_37978.jpg.json,529,317,529,317,1,1.6688,False,0,none,none,0,0.0,0,0,,Negative,0.0,,,,,OK,False
mt_exp1_num_39412,MagneticTile,all,val,MagneticTile/ds/img/exp1_num_39412.jpg,MagneticTile/ds/ann/exp1_num_39412.jpg.json,126,281,126,281,1,0.4484,False,0,none,none,0,0.0,0,0,,Negative,0.0,,,,,OK,False
mt_exp1_num_40410,MagneticTile,all,train,MagneticTile/ds/img/exp1_num_40410.jpg,MagneticTile/ds/ann/exp1_num_40410.jpg.json,113,290,113,290,1,0.3897,True,1,blowhole,blowhole,133,0.4059,1,133,133,Small,43.9,43,142,59,150,OK,True
mt_exp1_num_43817,MagneticTile,all,train,MagneticTile/ds/img/exp1_num_43817.jpg,MagneticTile/ds/ann/exp1_num_43817.jpg.json,527,315,527,315,1,1.673,False,0,none,none,0,0.0,0,0,,Negative,0.0,,,,,OK,False
mt_exp1_num_45007,MagneticTile,all,train,MagneticTile/ds/img/exp1_num_45007.jpg,MagneticTile/ds/ann/exp1_num_45007.jpg.json,507,334,507,334,1,1.518,True,1,uneven,uneven,34508,20.3782,1,34508,34508,Large,1063.9,76,237,506,333,OK,True
mt_exp1_num_4727,MagneticTile,all,train,MagneticTile/ds/img/exp1_num_4727.jpg,MagneticTile/ds/ann/exp1_num_4727.jpg.json,113,288,113,288,1,0.3924,True,1,blowhole,blowhole,157,0.4824,1,157,157,Small,47.21,19,261,34,273,OK,True
mt_exp1_num_4944,MagneticTile,all,train,MagneticTile/ds/img/exp1_num_4944.jpg,MagneticTile/ds/ann/exp1_num_4944.jpg.json,116,282,116,282,1,0.4113,True,1,blowhole,blowhole,98,0.2996,1,98,98,Small,47.11,54,242,71,253,OK,True
mt_exp1_num_50387,MagneticTile,all,train,MagneticTile/ds/img/exp1_num_50387.jpg,MagneticTile/ds/ann/exp1_num_50387.jpg.json,523,311,523,311,1,1.6817,False,0,none,none,0,0.0,0,0,,Negative,0.0,,,,,OK,False
mt_exp1_num_51080,MagneticTile,all,train,MagneticTile/ds/img/exp1_num_51080.jpg,MagneticTile/ds/ann/exp1_num_51080.jpg.json,524,323,524,323,1,1.6223,False,0,none,none,0,0.0,0,0,,Negative,0.0,,,,,OK,False
mt_exp1_num_51674,MagneticTile,all,train,MagneticTile/ds/img/exp1_num_51674.jpg,MagneticTile/ds/ann/exp1_num_51674.jpg.json,112,284,112,284,1,0.3944,True,1,blowhole,blowhole,59,0.1855,1,59,59,Small,29.31,32,31,42,38,OK,True
mt_exp1_num_524,MagneticTile,all,train,MagneticTile/ds/img/exp1_num_524.jpg,MagneticTile/ds/ann/exp1_num_524.jpg.json,113,288,113,288,1,0.3924,True,1,uneven,uneven,8479,26.054,1,8479,8479,Large,379.6,0,0,112,79,OK,True
mt_exp1_num_52659,MagneticTile,all,train,MagneticTile/ds/img/exp1_num_52659.jpg,MagneticTile/ds/ann/exp1_num_52659.jpg.json,109,291,109,291,1,0.3746,False,0,none,none,0,0.0,0,0,,Negative,0.0,,,,,OK,False
mt_exp1_num_53011,MagneticTile,all,train,MagneticTile/ds/img/exp1_num_53011.jpg,MagneticTile/ds/ann/exp1_num_53011.jpg.json,516,336,516,336,1,1.5357,False,0,none,none,0,0.0,0,0,,Negative,0.0,,,,,OK,False
mt_exp1_num_54107,MagneticTile,all,val,MagneticTile/ds/img/exp1_num_54107.jpg,MagneticTile/ds/ann/exp1_num_54107.jpg.json,535,337,535,337,1,1.5875,False,0,none,none,0,0.0,0,0,,Negative,0.0,,,,,OK,False
mt_exp1_num_54246,MagneticTile,all,train,MagneticTile/ds/img/exp1_num_54246.jpg,MagneticTile/ds/ann/exp1_num_54246.jpg.json,116,278,116,278,1,0.4173,True,1,blowhole,blowhole,169,0.5241,1,169,169,Small,54.38,28,25,39,45,OK,True
mt_exp1_num_54901,MagneticTile,all,test,MagneticTile/ds/img/exp1_num_54901.jpg,MagneticTile/ds/ann/exp1_num_54901.jpg.json,129,283,129,283,1,0.4558,False,0,none,none,0,0.0,0,0,,Negative,0.0,,,,,OK,False
mt_exp1_num_5907,MagneticTile,all,train,MagneticTile/ds/img/exp1_num_5907.jpg,MagneticTile/ds/ann/exp1_num_5907.jpg.json,521,330,521,330,1,1.5788,False,0,none,none,0,0.0,0,0,,Negative,0.0,,,,,OK,False
mt_exp1_num_61310,MagneticTile,all,train,MagneticTile/ds/img/exp1_num_61310.jpg,MagneticTile/ds/ann/exp1_num_61310.jpg.json,117,286,117,286,1,0.4091,False,0,none,none,0,0.0,0,0,,Negative,0.0,,,,,OK,False
mt_exp1_num_62553,MagneticTile,all,val,MagneticTile/ds/img/exp1_num_62553.jpg,MagneticTile/ds/ann/exp1_num_62553.jpg.json,115,287,115,287,1,0.4007,True,2,break,break,1790,5.4234,2,1774,1774;16,Medium,229.74,74,0,107,68,OK,True
mt_exp1_num_65001,MagneticTile,all,train,MagneticTile/ds/img/exp1_num_65001.jpg,MagneticTile/ds/ann/exp1_num_65001.jpg.json,519,331,519,331,1,1.568,False,0,none,none,0,0.0,0,0,,Negative,0.0,,,,,OK,False
mt_exp1_num_6508,MagneticTile,all,test,MagneticTile/ds/img/exp1_num_6508.jpg,MagneticTile/ds/ann/exp1_num_6508.jpg.json,508,384,508,384,1,1.3229,False,0,none,none,0,0.0,0,0,,Negative,0.0,,,,,OK,False
mt_exp1_num_6539,MagneticTile,all,train,MagneticTile/ds/img/exp1_num_6539.jpg,MagneticTile/ds/ann/exp1_num_6539.jpg.json,120,286,120,286,1,0.4196,False,0,none,none,0,0.0,0,0,,Negative,0.0,,,,,OK,False
mt_exp1_num_68359,MagneticTile,all,train,MagneticTile/ds/img/exp1_num_68359.jpg,MagneticTile/ds/ann/exp1_num_68359.jpg.json,126,287,126,287,1,0.439,False,0,none,none,0,0.0,0,0,,Negative,0.0,,,,,OK,False
mt_exp1_num_69803,MagneticTile,all,train,MagneticTile/ds/img/exp1_num_69803.jpg,MagneticTile/ds/ann/exp1_num_69803.jpg.json,119,278,119,278,1,0.4281,False,0,none,none,0,0.0,0,0,,Negative,0.0,,,,,OK,False
mt_exp1_num_6984,MagneticTile,all,train,MagneticTile/ds/img/exp1_num_6984.jpg,MagneticTile/ds/ann/exp1_num_6984.jpg.json,474,361,474,361,1,1.313,True,1,blowhole,blowhole,177,0.1034,1,177,177,Small,53.7,349,270,364,284,OK,True
mt_exp1_num_70491,MagneticTile,all,train,MagneticTile/ds/img/exp1_num_70491.jpg,MagneticTile/ds/ann/exp1_num_70491.jpg.json,121,276,121,276,1,0.4384,False,0,none,none,0,0.0,0,0,,Negative,0.0,,,,,OK,False
mt_exp1_num_71177,MagneticTile,all,train,MagneticTile/ds/img/exp1_num_71177.jpg,MagneticTile/ds/ann/exp1_num_71177.jpg.json,125,281,125,281,1,0.4448,False,0,none,none,0,0.0,0,0,,Negative,0.0,,,,,OK,False
mt_exp1_num_75090,MagneticTile,all,train,MagneticTile/ds/img/exp1_num_75090.jpg,MagneticTile/ds/ann/exp1_num_75090.jpg.json,611,261,611,261,1,2.341,False,0,none,none,0,0.0,0,0,,Negative,0.0,,,,,OK,False
mt_exp1_num_77531,MagneticTile,all,test,MagneticTile/ds/img/exp1_num_77531.jpg,MagneticTile/ds/ann/exp1_num_77531.jpg.json,601,232,601,232,1,2.5905,True,2,fray,fray,8610,6.1751,2,7562,7562;1048,Large,691.65,19,55,594,231,OK,True
mt_exp1_num_7871,MagneticTile,all,train,MagneticTile/ds/img/exp1_num_7871.jpg,MagneticTile/ds/ann/exp1_num_7871.jpg.json,122,292,122,292,1,0.4178,False,0,none,none,0,0.0,0,0,,Negative,0.0,,,,,OK,False
mt_exp1_num_824,MagneticTile,all,train,MagneticTile/ds/img/exp1_num_824.jpg,MagneticTile/ds/ann/exp1_num_824.jpg.json,484,358,484,358,1,1.352,False,0,none,none,0,0.0,0,0,,Negative,0.0,,,,,OK,False
mt_exp1_num_855,MagneticTile,all,train,MagneticTile/ds/img/exp1_num_855.jpg,MagneticTile/ds/ann/exp1_num_855.jpg.json,251,295,251,295,1,0.8508,False,0,none,none,0,0.0,0,0,,Negative,0.0,,,,,OK,False
mt_exp1_num_85781,MagneticTile,all,val,MagneticTile/ds/img/exp1_num_85781.jpg,MagneticTile/ds/ann/exp1_num_85781.jpg.json,606,242,606,242,1,2.5041,True,1,crack,crack,566,0.3859,1,566,566,Small,211.94,321,143,328,241,OK,True
mt_exp1_num_86828,MagneticTile,all,train,MagneticTile/ds/img/exp1_num_86828.jpg,MagneticTile/ds/ann/exp1_num_86828.jpg.json,599,243,599,243,1,2.465,True,1,crack,crack,703,0.483,1,703,703,Small,227.5,318,141,327,242,OK,True
mt_exp1_num_90966,MagneticTile,all,val,MagneticTile/ds/img/exp1_num_90966.jpg,MagneticTile/ds/ann/exp1_num_90966.jpg.json,604,243,604,243,1,2.4856,False,0,none,none,0,0.0,0,0,,Negative,0.0,,,,,OK,False
mt_exp1_num_9473,MagneticTile,all,test,MagneticTile/ds/img/exp1_num_9473.jpg,MagneticTile/ds/ann/exp1_num_9473.jpg.json,456,382,456,382,1,1.1937,True,1,blowhole,blowhole,108,0.062,1,108,108,Small,39.8,191,2,204,11,OK,True
mt_exp1_num_94899,MagneticTile,all,train,MagneticTile/ds/img/exp1_num_94899.jpg,MagneticTile/ds/ann/exp1_num_94899.jpg.json,616,245,616,245,1,2.5143,False,0,none,none,0,0.0,0,0,,Negative,0.0,,,,,OK,False
mt_exp1_num_98080,MagneticTile,all,train,MagneticTile/ds/img/exp1_num_98080.jpg,MagneticTile/ds/ann/exp1_num_98080.jpg.json,586,266,586,266,1,2.203,True,4,break,break,1443,0.9257,4,501,501;444;414;84,Medium,466.35,348,0,569,265,OK,True
mt_exp2_num_10202,MagneticTile,all,train,MagneticTile/ds/img/exp2_num_10202.jpg,MagneticTile/ds/ann/exp2_num_10202.jpg.json,512,374,512,374,1,1.369,False,0,none,none,0,0.0,0,0,,Negative,0.0,,,,,OK,False
mt_exp2_num_10410,MagneticTile,all,test,MagneticTile/ds/img/exp2_num_10410.jpg,MagneticTile/ds/ann/exp2_num_10410.jpg.json,528,333,528,333,1,1.5856,False,0,none,none,0,0.0,0,0,,Negative,0.0,,,,,OK,False
mt_exp2_num_105807,MagneticTile,all,train,MagneticTile/ds/img/exp2_num_105807.jpg,MagneticTile/ds/ann/exp2_num_105807.jpg.json,610,286,610,286,1,2.1329,True,1,break,break,1036,0.5938,1,1036,1036,Medium,267.36,585,49,597,168,OK,True
mt_exp2_num_106169,MagneticTile,all,train,MagneticTile/ds/img/exp2_num_106169.jpg,MagneticTile/ds/ann/exp2_num_106169.jpg.json,254,354,254,354,1,0.7175,False,0,none,none,0,0.0,0,0,,Negative,0.0,,,,,OK,False
mt_exp2_num_106752,MagneticTile,all,val,MagneticTile/ds/img/exp2_num_106752.jpg,MagneticTile/ds/ann/exp2_num_106752.jpg.json,258,334,258,334,1,0.7725,False,0,none,none,0,0.0,0,0,,Negative,0.0,,,,,OK,False
mt_exp2_num_108741,MagneticTile,all,train,MagneticTile/ds/img/exp2_num_108741.jpg,MagneticTile/ds/ann/exp2_num_108741.jpg.json,265,375,265,375,1,0.7067,True,1,blowhole,blowhole,139,0.1399,1,139,139,Small,57.56,131,210,138,234,OK,True
mt_exp2_num_108923,MagneticTile,all,train,MagneticTile/ds/img/exp2_num_108923.jpg,MagneticTile/ds/ann/exp2_num_108923.jpg.json,265,375,265,375,1,0.7067,True,1,blowhole,blowhole,114,0.1147,1,114,114,Small,53.21,130,210,138,232,OK,True
mt_exp2_num_109256,MagneticTile,all,val,MagneticTile/ds/img/exp2_num_109256.jpg,MagneticTile/ds/ann/exp2_num_109256.jpg.json,607,257,607,257,1,2.3619,True,1,uneven,uneven,68907,44.1714,1,68907,68907,Large,1522.6,0,124,606,256,OK,True
mt_exp2_num_10931,MagneticTile,all,train,MagneticTile/ds/img/exp2_num_10931.jpg,MagneticTile/ds/ann/exp2_num_10931.jpg.json,503,343,503,343,1,1.4665,False,0,none,none,0,0.0,0,0,,Negative,0.0,,,,,OK,False
mt_exp2_num_110118,MagneticTile,all,test,MagneticTile/ds/img/exp2_num_110118.jpg,MagneticTile/ds/ann/exp2_num_110118.jpg.json,609,248,609,248,1,2.4556,False,0,none,none,0,0.0,0,0,,Negative,0.0,,,,,OK,False
mt_exp2_num_11292,MagneticTile,all,train,MagneticTile/ds/img/exp2_num_11292.jpg,MagneticTile/ds/ann/exp2_num_11292.jpg.json,478,361,478,361,1,1.3241,False,0,none,none,0,0.0,0,0,,Negative,0.0,,,,,OK,False
mt_exp2_num_114403,MagneticTile,all,val,MagneticTile/ds/img/exp2_num_114403.jpg,MagneticTile/ds/ann/exp2_num_114403.jpg.json,258,372,258,372,1,0.6935,False,0,none,none,0,0.0,0,0,,Negative,0.0,,,,,OK,False
mt_exp2_num_116286,MagneticTile,all,test,MagneticTile/ds/img/exp2_num_116286.jpg,MagneticTile/ds/ann/exp2_num_116286.jpg.json,602,252,602,252,1,2.3889,False,0,none,none,0,0.0,0,0,,Negative,0.0,,,,,OK,False
mt_exp2_num_116527,MagneticTile,all,val,MagneticTile/ds/img/exp2_num_116527.jpg,MagneticTile/ds/ann/exp2_num_116527.jpg.json,291,353,291,353,1,0.8244,True,1,crack,crack,428,0.4167,1,428,428,Small,156.95,71,40,106,85,OK,True
mt_exp2_num_116961,MagneticTile,all,train,MagneticTile/ds/img/exp2_num_116961.jpg,MagneticTile/ds/ann/exp2_num_116961.jpg.json,608,256,608,256,1,2.375,True,1,break,break,4338,2.7871,1,4338,4338,Large,373.4,0,44,36,189,OK,True
mt_exp2_num_116971,MagneticTile,all,test,MagneticTile/ds/img/exp2_num_116971.jpg,MagneticTile/ds/ann/exp2_num_116971.jpg.json,301,299,301,299,1,1.0067,False,0,none,none,0,0.0,0,0,,Negative,0.0,,,,,OK,False
mt_exp2_num_118897,MagneticTile,all,train,MagneticTile/ds/img/exp2_num_118897.jpg,MagneticTile/ds/ann/exp2_num_118897.jpg.json,605,253,605,253,1,2.3913,False,0,none,none,0,0.0,0,0,,Negative,0.0,,,,,OK,False
mt_exp2_num_124592,MagneticTile,all,test,MagneticTile/ds/img/exp2_num_124592.jpg,MagneticTile/ds/ann/exp2_num_124592.jpg.json,586,246,586,246,1,2.3821,True,1,uneven,uneven,52407,36.3544,1,52407,52407,Large,1421.24,0,0,585,98,OK,True
mt_exp2_num_126325,MagneticTile,all,val,MagneticTile/ds/img/exp2_num_126325.jpg,MagneticTile/ds/ann/exp2_num_126325.jpg.json,310,331,310,331,1,0.9366,False,0,none,none,0,0.0,0,0,,Negative,0.0,,,,,OK,False
mt_exp2_num_126814,MagneticTile,all,train,MagneticTile/ds/img/exp2_num_126814.jpg,MagneticTile/ds/ann/exp2_num_126814.jpg.json,309,339,309,339,1,0.9115,False,0,none,none,0,0.0,0,0,,Negative,0.0,,,,,OK,False
mt_exp2_num_127664,MagneticTile,all,train,MagneticTile/ds/img/exp2_num_127664.jpg,MagneticTile/ds/ann/exp2_num_127664.jpg.json,298,346,298,346,1,0.8613,False,0,none,none,0,0.0,0,0,,Negative,0.0,,,,,OK,False
mt_exp2_num_128095,MagneticTile,all,train,MagneticTile/ds/img/exp2_num_128095.jpg,MagneticTile/ds/ann/exp2_num_128095.jpg.json,313,346,313,346,1,0.9046,False,0,none,none,0,0.0,0,0,,Negative,0.0,,,,,OK,False
mt_exp2_num_129056,MagneticTile,all,train,MagneticTile/ds/img/exp2_num_129056.jpg,MagneticTile/ds/ann/exp2_num_129056.jpg.json,244,354,244,354,1,0.6893,True,4,uneven,uneven,11201,12.9677,4,11142,11142;21;19;19,Large,644.49,0,0,236,58,OK,True
mt_exp2_num_129608,MagneticTile,all,train,MagneticTile/ds/img/exp2_num_129608.jpg,MagneticTile/ds/ann/exp2_num_129608.jpg.json,258,357,258,357,1,0.7227,False,0,none,none,0,0.0,0,0,,Negative,0.0,,,,,OK,False
mt_exp2_num_13549,MagneticTile,all,train,MagneticTile/ds/img/exp2_num_13549.jpg,MagneticTile/ds/ann/exp2_num_13549.jpg.json,521,331,521,331,1,1.574,False,0,none,none,0,0.0,0,0,,Negative,0.0,,,,,OK,False
mt_exp2_num_135572,MagneticTile,all,train,MagneticTile/ds/img/exp2_num_135572.jpg,MagneticTile/ds/ann/exp2_num_135572.jpg.json,598,247,598,247,1,2.4211,True,1,fray,fray,1181,0.7996,1,1181,1181,Medium,217.54,39,219,125,246,OK,True
mt_exp2_num_136286,MagneticTile,all,train,MagneticTile/ds/img/exp2_num_136286.jpg,MagneticTile/ds/ann/exp2_num_136286.jpg.json,584,231,584,231,1,2.5281,True,1,fray,fray,22018,16.3212,1,22018,22018,Large,641.03,208,24,399,179,OK,True
mt_exp2_num_138627,MagneticTile,all,test,MagneticTile/ds/img/exp2_num_138627.jpg,MagneticTile/ds/ann/exp2_num_138627.jpg.json,610,249,610,249,1,2.4498,False,0,none,none,0,0.0,0,0,,Negative,0.0,,,,,OK,False
mt_exp2_num_139820,MagneticTile,all,val,MagneticTile/ds/img/exp2_num_139820.jpg,MagneticTile/ds/ann/exp2_num_139820.jpg.json,604,239,604,239,1,2.5272,True,1,uneven,uneven,10828,7.5009,1,10828,10828,Large,441.56,145,154,285,238,OK,True
mt_exp2_num_143192,MagneticTile,all,train,MagneticTile/ds/img/exp2_num_143192.jpg,MagneticTile/ds/ann/exp2_num_143192.jpg.json,602,254,602,254,1,2.3701,False,0,none,none,0,0.0,0,0,,Negative,0.0,,,,,OK,False
mt_exp2_num_144192,MagneticTile,all,train,MagneticTile/ds/img/exp2_num_144192.jpg,MagneticTile/ds/ann/exp2_num_144192.jpg.json,603,247,603,247,1,2.4413,False,0,none,none,0,0.0,0,0,,Negative,0.0,,,,,OK,False
mt_exp2_num_147954,MagneticTile,all,train,MagneticTile/ds/img/exp2_num_147954.jpg,MagneticTile/ds/ann/exp2_num_147954.jpg.json,600,241,600,241,1,2.4896,False,0,none,none,0,0.0,0,0,,Negative,0.0,,,,,OK,False
mt_exp2_num_148952,MagneticTile,all,train,MagneticTile/ds/img/exp2_num_148952.jpg,MagneticTile/ds/ann/exp2_num_148952.jpg.json,609,240,609,240,1,2.5375,False,0,none,none,0,0.0,0,0,,Negative,0.0,,,,,OK,False
mt_exp2_num_154576,MagneticTile,all,train,MagneticTile/ds/img/exp2_num_154576.jpg,MagneticTile/ds/ann/exp2_num_154576.jpg.json,197,318,197,318,1,0.6195,False,0,none,none,0,0.0,0,0,,Negative,0.0,,,,,OK,False
mt_exp2_num_155333,MagneticTile,all,train,MagneticTile/ds/img/exp2_num_155333.jpg,MagneticTile/ds/ann/exp2_num_155333.jpg.json,192,311,192,311,1,0.6174,True,1,uneven,uneven,25608,42.8859,1,25608,25608,Large,650.51,0,173,191,310,OK,True
mt_exp2_num_157196,MagneticTile,all,train,MagneticTile/ds/img/exp2_num_157196.jpg,MagneticTile/ds/ann/exp2_num_157196.jpg.json,200,315,200,315,1,0.6349,False,0,none,none,0,0.0,0,0,,Negative,0.0,,,,,OK,False
mt_exp2_num_157736,MagneticTile,all,val,MagneticTile/ds/img/exp2_num_157736.jpg,MagneticTile/ds/ann/exp2_num_157736.jpg.json,195,322,195,322,1,0.6056,False,0,none,none,0,0.0,0,0,,Negative,0.0,,,,,OK,False
mt_exp2_num_16532,MagneticTile,all,train,MagneticTile/ds/img/exp2_num_16532.jpg,MagneticTile/ds/ann/exp2_num_16532.jpg.json,531,322,531,322,1,1.6491,False,0,none,none,0,0.0,0,0,,Negative,0.0,,,,,OK,False
mt_exp2_num_165392,MagneticTile,all,train,MagneticTile/ds/img/exp2_num_165392.jpg,MagneticTile/ds/ann/exp2_num_165392.jpg.json,203,313,203,313,1,0.6486,False,0,none,none,0,0.0,0,0,,Negative,0.0,,,,,OK,False
mt_exp2_num_166200,MagneticTile,all,train,MagneticTile/ds/img/exp2_num_166200.jpg,MagneticTile/ds/ann/exp2_num_166200.jpg.json,196,322,196,322,1,0.6087,False,0,none,none,0,0.0,0,0,,Negative,0.0,,,,,OK,False
mt_exp2_num_172267,MagneticTile,all,train,MagneticTile/ds/img/exp2_num_172267.jpg,MagneticTile/ds/ann/exp2_num_172267.jpg.json,181,325,181,325,1,0.5569,True,1,uneven,uneven,23396,39.7722,1,23396,23396,Large,631.7,0,0,180,135,OK,True
mt_exp2_num_174675,MagneticTile,all,train,MagneticTile/ds/img/exp2_num_174675.jpg,MagneticTile/ds/ann/exp2_num_174675.jpg.json,196,317,196,317,1,0.6183,False,0,none,none,0,0.0,0,0,,Negative,0.0,,,,,OK,False
mt_exp2_num_177935,MagneticTile,all,train,MagneticTile/ds/img/exp2_num_177935.jpg,MagneticTile/ds/ann/exp2_num_177935.jpg.json,201,319,201,319,1,0.6301,False,0,none,none,0,0.0,0,0,,Negative,0.0,,,,,OK,False
mt_exp2_num_178482,MagneticTile,all,train,MagneticTile/ds/img/exp2_num_178482.jpg,MagneticTile/ds/ann/exp2_num_178482.jpg.json,190,322,190,322,1,0.5901,False,0,none,none,0,0.0,0,0,,Negative,0.0,,,,,OK,False
mt_exp2_num_180326,MagneticTile,all,train,MagneticTile/ds/img/exp2_num_180326.jpg,MagneticTile/ds/ann/exp2_num_180326.jpg.json,195,322,195,322,1,0.6056,False,0,none,none,0,0.0,0,0,,Negative,0.0,,,,,OK,False
mt_exp2_num_180865,MagneticTile,all,train,MagneticTile/ds/img/exp2_num_180865.jpg,MagneticTile/ds/ann/exp2_num_180865.jpg.json,200,318,200,318,1,0.6289,False,0,none,none,0,0.0,0,0,,Negative,0.0,,,,,OK,False
mt_exp2_num_18159,MagneticTile,all,train,MagneticTile/ds/img/exp2_num_18159.jpg,MagneticTile/ds/ann/exp2_num_18159.jpg.json,517,331,517,331,1,1.5619,False,0,none,none,0,0.0,0,0,,Negative,0.0,,,,,OK,False
mt_exp2_num_183171,MagneticTile,all,train,MagneticTile/ds/img/exp2_num_183171.jpg,MagneticTile/ds/ann/exp2_num_183171.jpg.json,196,321,196,321,1,0.6106,False,0,none,none,0,0.0,0,0,,Negative,0.0,,,,,OK,False
mt_exp2_num_1836,MagneticTile,all,train,MagneticTile/ds/img/exp2_num_1836.jpg,MagneticTile/ds/ann/exp2_num_1836.jpg.json,247,275,247,275,1,0.8982,False,0,none,none,0,0.0,0,0,,Negative,0.0,,,,,OK,False
mt_exp2_num_183825,MagneticTile,all,val,MagneticTile/ds/img/exp2_num_183825.jpg,MagneticTile/ds/ann/exp2_num_183825.jpg.json,195,321,195,321,1,0.6075,False,0,none,none,0,0.0,0,0,,Negative,0.0,,,,,OK,False
mt_exp2_num_186858,MagneticTile,all,train,MagneticTile/ds/img/exp2_num_186858.jpg,MagneticTile/ds/ann/exp2_num_186858.jpg.json,194,311,194,311,1,0.6238,True,2,uneven,uneven,23100,38.2869,2,23075,23075;25,Large,650.11,9,109,175,292,OK,True
mt_exp2_num_187533,MagneticTile,all,train,MagneticTile/ds/img/exp2_num_187533.jpg,MagneticTile/ds/ann/exp2_num_187533.jpg.json,183,321,183,321,1,0.5701,False,0,none,none,0,0.0,0,0,,Negative,0.0,,,,,OK,False
mt_exp2_num_192155,MagneticTile,all,test,MagneticTile/ds/img/exp2_num_192155.jpg,MagneticTile/ds/ann/exp2_num_192155.jpg.json,187,322,187,322,1,0.5807,False,0,none,none,0,0.0,0,0,,Negative,0.0,,,,,OK,False
mt_exp2_num_193126,MagneticTile,all,train,MagneticTile/ds/img/exp2_num_193126.jpg,MagneticTile/ds/ann/exp2_num_193126.jpg.json,192,316,192,316,1,0.6076,False,0,none,none,0,0.0,0,0,,Negative,0.0,,,,,OK,False
mt_exp2_num_194202,MagneticTile,all,train,MagneticTile/ds/img/exp2_num_194202.jpg,MagneticTile/ds/ann/exp2_num_194202.jpg.json,188,326,188,326,1,0.5767,True,2,break,break,1658,2.7053,2,1420,1420;238,Medium,259.44,33,0,187,325,OK,True
mt_exp2_num_195672,MagneticTile,all,train,MagneticTile/ds/img/exp2_num_195672.jpg,MagneticTile/ds/ann/exp2_num_195672.jpg.json,182,311,182,311,1,0.5852,False,0,none,none,0,0.0,0,0,,Negative,0.0,,,,,OK,False
mt_exp2_num_19728,MagneticTile,all,train,MagneticTile/ds/img/exp2_num_19728.jpg,MagneticTile/ds/ann/exp2_num_19728.jpg.json,519,328,519,328,1,1.5823,False,0,none,none,0,0.0,0,0,,Negative,0.0,,,,,OK,False
mt_exp2_num_20390,MagneticTile,all,val,MagneticTile/ds/img/exp2_num_20390.jpg,MagneticTile/ds/ann/exp2_num_20390.jpg.json,531,308,531,308,1,1.724,True,1,fray,fray,52313,31.9863,1,52313,52313,Large,1147.13,146,0,363,307,OK,True
mt_exp2_num_2060,MagneticTile,all,train,MagneticTile/ds/img/exp2_num_2060.jpg,MagneticTile/ds/ann/exp2_num_2060.jpg.json,514,374,514,374,1,1.3743,False,0,none,none,0,0.0,0,0,,Negative,0.0,,,,,OK,False
mt_exp2_num_240063,MagneticTile,all,train,MagneticTile/ds/img/exp2_num_240063.jpg,MagneticTile/ds/ann/exp2_num_240063.jpg.json,274,365,274,365,1,0.7507,False,0,none,none,0,0.0,0,0,,Negative,0.0,,,,,OK,False
mt_exp2_num_241368,MagneticTile,all,train,MagneticTile/ds/img/exp2_num_241368.jpg,MagneticTile/ds/ann/exp2_num_241368.jpg.json,220,266,220,266,1,0.8271,False,0,none,none,0,0.0,0,0,,Negative,0.0,,,,,OK,False
mt_exp2_num_241913,MagneticTile,all,train,MagneticTile/ds/img/exp2_num_241913.jpg,MagneticTile/ds/ann/exp2_num_241913.jpg.json,191,272,191,272,1,0.7022,True,1,break,break,213,0.41,1,213,213,Small,117.05,1,0,26,23,OK,True
mt_exp2_num_245780,MagneticTile,all,test,MagneticTile/ds/img/exp2_num_245780.jpg,MagneticTile/ds/ann/exp2_num_245780.jpg.json,226,248,226,248,1,0.9113,False,0,none,none,0,0.0,0,0,,Negative,0.0,,,,,OK,False
mt_exp2_num_246323,MagneticTile,all,train,MagneticTile/ds/img/exp2_num_246323.jpg,MagneticTile/ds/ann/exp2_num_246323.jpg.json,222,273,222,273,1,0.8132,False,0,none,none,0,0.0,0,0,,Negative,0.0,,,,,OK,False
mt_exp2_num_24815,MagneticTile,all,test,MagneticTile/ds/img/exp2_num_24815.jpg,MagneticTile/ds/ann/exp2_num_24815.jpg.json,506,328,506,328,1,1.5427,True,2,uneven,uneven,10394,6.2627,2,10371,10371;23,Large,486.13,56,205,505,276,OK,True
mt_exp2_num_249619,MagneticTile,all,val,MagneticTile/ds/img/exp2_num_249619.jpg,MagneticTile/ds/ann/exp2_num_249619.jpg.json,221,264,221,264,1,0.8371,True,1,crack,crack,1625,2.7852,1,1625,1625,Medium,566.45,93,0,108,258,OK,True
mt_exp2_num_251454,MagneticTile,all,val,MagneticTile/ds/img/exp2_num_251454.jpg,MagneticTile/ds/ann/exp2_num_251454.jpg.json,222,258,222,258,1,0.8605,False,0,none,none,0,0.0,0,0,,Negative,0.0,,,,,OK,False
mt_exp2_num_255674,MagneticTile,all,train,MagneticTile/ds/img/exp2_num_255674.jpg,MagneticTile/ds/ann/exp2_num_255674.jpg.json,266,362,266,362,1,0.7348,False,0,none,none,0,0.0,0,0,,Negative,0.0,,,,,OK,False
mt_exp2_num_256286,MagneticTile,all,train,MagneticTile/ds/img/exp2_num_256286.jpg,MagneticTile/ds/ann/exp2_num_256286.jpg.json,268,373,268,373,1,0.7185,False,0,none,none,0,0.0,0,0,,Negative,0.0,,,,,OK,False
mt_exp2_num_257132,MagneticTile,all,train,MagneticTile/ds/img/exp2_num_257132.jpg,MagneticTile/ds/ann/exp2_num_257132.jpg.json,216,276,216,276,1,0.7826,False,0,none,none,0,0.0,0,0,,Negative,0.0,,,,,OK,False
mt_exp2_num_257656,MagneticTile,all,train,MagneticTile/ds/img/exp2_num_257656.jpg,MagneticTile/ds/ann/exp2_num_257656.jpg.json,239,341,239,341,1,0.7009,False,0,none,none,0,0.0,0,0,,Negative,0.0,,,,,OK,False
mt_exp2_num_258536,MagneticTile,all,test,MagneticTile/ds/img/exp2_num_258536.jpg,MagneticTile/ds/ann/exp2_num_258536.jpg.json,236,347,236,347,1,0.6801,True,1,fray,fray,29019,35.4357,1,29019,29019,Large,1010.02,44,29,207,346,OK,True
mt_exp2_num_258847,MagneticTile,all,train,MagneticTile/ds/img/exp2_num_258847.jpg,MagneticTile/ds/ann/exp2_num_258847.jpg.json,226,264,226,264,1,0.8561,False,0,none,none,0,0.0,0,0,,Negative,0.0,,,,,OK,False
mt_exp2_num_260505,MagneticTile,all,train,MagneticTile/ds/img/exp2_num_260505.jpg,MagneticTile/ds/ann/exp2_num_260505.jpg.json,223,264,223,264,1,0.8447,False,0,none,none,0,0.0,0,0,,Negative,0.0,,,,,OK,False
mt_exp2_num_260949,MagneticTile,all,train,MagneticTile/ds/img/exp2_num_260949.jpg,MagneticTile/ds/ann/exp2_num_260949.jpg.json,217,273,217,273,1,0.7949,False,0,none,none,0,0.0,0,0,,Negative,0.0,,,,,OK,False
mt_exp2_num_26130,MagneticTile,all,train,MagneticTile/ds/img/exp2_num_26130.jpg,MagneticTile/ds/ann/exp2_num_26130.jpg.json,509,313,509,313,1,1.6262,True,1,break,break,3458,2.1705,1,3458,3458,Medium,314.55,6,0,112,44,OK,True
mt_exp2_num_261961,MagneticTile,all,train,MagneticTile/ds/img/exp2_num_261961.jpg,MagneticTile/ds/ann/exp2_num_261961.jpg.json,220,270,220,270,1,0.8148,False,0,none,none,0,0.0,0,0,,Negative,0.0,,,,,OK,False
mt_exp2_num_262233,MagneticTile,all,test,MagneticTile/ds/img/exp2_num_262233.jpg,MagneticTile/ds/ann/exp2_num_262233.jpg.json,263,386,263,386,1,0.6813,False,0,none,none,0,0.0,0,0,,Negative,0.0,,,,,OK,False
mt_exp2_num_262572,MagneticTile,all,train,MagneticTile/ds/img/exp2_num_262572.jpg,MagneticTile/ds/ann/exp2_num_262572.jpg.json,187,231,187,231,1,0.8095,True,1,blowhole,blowhole,42,0.0972,1,42,42,Small,22.24,102,152,108,158,OK,True
mt_exp2_num_262661,MagneticTile,all,train,MagneticTile/ds/img/exp2_num_262661.jpg,MagneticTile/ds/ann/exp2_num_262661.jpg.json,264,365,264,365,1,0.7233,False,0,none,none,0,0.0,0,0,,Negative,0.0,,,,,OK,False
mt_exp2_num_2627,MagneticTile,all,test,MagneticTile/ds/img/exp2_num_2627.jpg,MagneticTile/ds/ann/exp2_num_2627.jpg.json,122,275,122,275,1,0.4436,False,0,none,none,0,0.0,0,0,,Negative,0.0,,,,,OK,False
mt_exp2_num_263852,MagneticTile,all,test,MagneticTile/ds/img/exp2_num_263852.jpg,MagneticTile/ds/ann/exp2_num_263852.jpg.json,265,379,265,379,1,0.6992,False,0,none,none,0,0.0,0,0,,Negative,0.0,,,,,OK,False
mt_exp2_num_264206,MagneticTile,all,train,MagneticTile/ds/img/exp2_num_264206.jpg,MagneticTile/ds/ann/exp2_num_264206.jpg.json,271,364,271,364,1,0.7445,False,0,none,none,0,0.0,0,0,,Negative,0.0,,,,,OK,False
mt_exp2_num_265103,MagneticTile,all,train,MagneticTile/ds/img/exp2_num_265103.jpg,MagneticTile/ds/ann/exp2_num_265103.jpg.json,257,348,257,348,1,0.7385,True,1,blowhole,blowhole,141,0.1577,1,141,141,Small,42.97,239,9,249,24,OK,True
mt_exp2_num_265639,MagneticTile,all,train,MagneticTile/ds/img/exp2_num_265639.jpg,MagneticTile/ds/ann/exp2_num_265639.jpg.json,260,383,260,383,1,0.6789,True,2,crack,crack,434,0.4358,2,237,237;197,Small,144.81,99,0,193,382,OK,True
mt_exp2_num_266301,MagneticTile,all,val,MagneticTile/ds/img/exp2_num_266301.jpg,MagneticTile/ds/ann/exp2_num_266301.jpg.json,217,250,217,250,1,0.868,False,0,none,none,0,0.0,0,0,,Negative,0.0,,,,,OK,False
mt_exp2_num_266815,MagneticTile,all,test,MagneticTile/ds/img/exp2_num_266815.jpg,MagneticTile/ds/ann/exp2_num_266815.jpg.json,214,271,214,271,1,0.7897,False,0,none,none,0,0.0,0,0,,Negative,0.0,,,,,OK,False
mt_exp2_num_269104,MagneticTile,all,train,MagneticTile/ds/img/exp2_num_269104.jpg,MagneticTile/ds/ann/exp2_num_269104.jpg.json,221,275,221,275,1,0.8036,False,0,none,none,0,0.0,0,0,,Negative,0.0,,,,,OK,False
mt_exp2_num_269652,MagneticTile,all,train,MagneticTile/ds/img/exp2_num_269652.jpg,MagneticTile/ds/ann/exp2_num_269652.jpg.json,219,270,219,270,1,0.8111,False,0,none,none,0,0.0,0,0,,Negative,0.0,,,,,OK,False
mt_exp2_num_270153,MagneticTile,all,train,MagneticTile/ds/img/exp2_num_270153.jpg,MagneticTile/ds/ann/exp2_num_270153.jpg.json,248,355,248,355,1,0.6986,True,2,uneven,uneven,26657,30.2783,2,26628,26628;29,Large,726.7,0,181,206,336,OK,True
mt_exp2_num_270577,MagneticTile,all,test,MagneticTile/ds/img/exp2_num_270577.jpg,MagneticTile/ds/ann/exp2_num_270577.jpg.json,262,348,262,348,1,0.7529,False,0,none,none,0,0.0,0,0,,Negative,0.0,,,,,OK,False
mt_exp2_num_270781,MagneticTile,all,test,MagneticTile/ds/img/exp2_num_270781.jpg,MagneticTile/ds/ann/exp2_num_270781.jpg.json,218,281,218,281,1,0.7758,False,0,none,none,0,0.0,0,0,,Negative,0.0,,,,,OK,False
mt_exp2_num_271384,MagneticTile,all,train,MagneticTile/ds/img/exp2_num_271384.jpg,MagneticTile/ds/ann/exp2_num_271384.jpg.json,215,283,215,283,1,0.7597,True,1,break,break,244,0.401,1,244,244,Small,130.12,9,0,25,43,OK,True
mt_exp2_num_274120,MagneticTile,all,train,MagneticTile/ds/img/exp2_num_274120.jpg,MagneticTile/ds/ann/exp2_num_274120.jpg.json,220,277,220,277,1,0.7942,True,1,uneven,uneven,7543,12.3777,1,7543,7543,Large,434.25,0,0,152,94,OK,True
mt_exp2_num_275393,MagneticTile,all,test,MagneticTile/ds/img/exp2_num_275393.jpg,MagneticTile/ds/ann/exp2_num_275393.jpg.json,262,376,262,376,1,0.6968,False,0,none,none,0,0.0,0,0,,Negative,0.0,,,,,OK,False
mt_exp2_num_275685,MagneticTile,all,train,MagneticTile/ds/img/exp2_num_275685.jpg,MagneticTile/ds/ann/exp2_num_275685.jpg.json,272,370,272,370,1,0.7351,False,0,none,none,0,0.0,0,0,,Negative,0.0,,,,,OK,False
mt_exp2_num_276373,MagneticTile,all,train,MagneticTile/ds/img/exp2_num_276373.jpg,MagneticTile/ds/ann/exp2_num_276373.jpg.json,230,384,230,384,1,0.599,True,2,break,break,353,0.3997,2,179,179;174,Small,122.18,74,0,119,16,OK,True
mt_exp2_num_277012,MagneticTile,all,train,MagneticTile/ds/img/exp2_num_277012.jpg,MagneticTile/ds/ann/exp2_num_277012.jpg.json,275,367,275,367,1,0.7493,False,0,none,none,0,0.0,0,0,,Negative,0.0,,,,,OK,False
mt_exp2_num_278584,MagneticTile,all,test,MagneticTile/ds/img/exp2_num_278584.jpg,MagneticTile/ds/ann/exp2_num_278584.jpg.json,265,377,265,377,1,0.7029,False,0,none,none,0,0.0,0,0,,Negative,0.0,,,,,OK,False
mt_exp2_num_279109,MagneticTile,all,train,MagneticTile/ds/img/exp2_num_279109.jpg,MagneticTile/ds/ann/exp2_num_279109.jpg.json,268,383,268,383,1,0.6997,False,0,none,none,0,0.0,0,0,,Negative,0.0,,,,,OK,False
mt_exp2_num_280233,MagneticTile,all,val,MagneticTile/ds/img/exp2_num_280233.jpg,MagneticTile/ds/ann/exp2_num_280233.jpg.json,256,360,256,360,1,0.7111,False,0,none,none,0,0.0,0,0,,Negative,0.0,,,,,OK,False
mt_exp2_num_280962,MagneticTile,all,train,MagneticTile/ds/img/exp2_num_280962.jpg,MagneticTile/ds/ann/exp2_num_280962.jpg.json,246,361,246,361,1,0.6814,False,0,none,none,0,0.0,0,0,,Negative,0.0,,,,,OK,False
mt_exp2_num_282899,MagneticTile,all,train,MagneticTile/ds/img/exp2_num_282899.jpg,MagneticTile/ds/ann/exp2_num_282899.jpg.json,258,347,258,347,1,0.7435,False,0,none,none,0,0.0,0,0,,Negative,0.0,,,,,OK,False
mt_exp2_num_283218,MagneticTile,all,test,MagneticTile/ds/img/exp2_num_283218.jpg,MagneticTile/ds/ann/exp2_num_283218.jpg.json,242,327,242,327,1,0.7401,False,0,none,none,0,0.0,0,0,,Negative,0.0,,,,,OK,False
mt_exp2_num_28359,MagneticTile,all,test,MagneticTile/ds/img/exp2_num_28359.jpg,MagneticTile/ds/ann/exp2_num_28359.jpg.json,511,332,511,332,1,1.5392,True,1,uneven,uneven,7967,4.6961,1,7967,7967,Large,464.84,342,0,510,87,OK,True
mt_exp2_num_284506,MagneticTile,all,train,MagneticTile/ds/img/exp2_num_284506.jpg,MagneticTile/ds/ann/exp2_num_284506.jpg.json,253,357,253,357,1,0.7087,True,1,break,break,20624,22.8341,1,20624,20624,Large,1364.25,0,111,252,356,OK,True
mt_exp2_num_284861,MagneticTile,all,test,MagneticTile/ds/img/exp2_num_284861.jpg,MagneticTile/ds/ann/exp2_num_284861.jpg.json,261,351,261,351,1,0.7436,False,0,none,none,0,0.0,0,0,,Negative,0.0,,,,,OK,False
mt_exp2_num_286251,MagneticTile,all,val,MagneticTile/ds/img/exp2_num_286251.jpg,MagneticTile/ds/ann/exp2_num_286251.jpg.json,294,352,294,352,1,0.8352,False,0,none,none,0,0.0,0,0,,Negative,0.0,,,,,OK,False
mt_exp2_num_289612,MagneticTile,all,train,MagneticTile/ds/img/exp2_num_289612.jpg,MagneticTile/ds/ann/exp2_num_289612.jpg.json,314,344,314,344,1,0.9128,False,0,none,none,0,0.0,0,0,,Negative,0.0,,,,,OK,False
mt_exp2_num_290068,MagneticTile,all,train,MagneticTile/ds/img/exp2_num_290068.jpg,MagneticTile/ds/ann/exp2_num_290068.jpg.json,315,346,315,346,1,0.9104,False,0,none,none,0,0.0,0,0,,Negative,0.0,,,,,OK,False
mt_exp2_num_291023,MagneticTile,all,val,MagneticTile/ds/img/exp2_num_291023.jpg,MagneticTile/ds/ann/exp2_num_291023.jpg.json,294,356,294,356,1,0.8258,True,1,blowhole,blowhole,407,0.3889,1,407,407,Small,174.75,244,302,274,333,OK,True
mt_exp2_num_292109,MagneticTile,all,test,MagneticTile/ds/img/exp2_num_292109.jpg,MagneticTile/ds/ann/exp2_num_292109.jpg.json,298,328,298,328,1,0.9085,False,0,none,none,0,0.0,0,0,,Negative,0.0,,,,,OK,False
mt_exp2_num_293276,MagneticTile,all,train,MagneticTile/ds/img/exp2_num_293276.jpg,MagneticTile/ds/ann/exp2_num_293276.jpg.json,302,334,302,334,1,0.9042,False,0,none,none,0,0.0,0,0,,Negative,0.0,,,,,OK,False
mt_exp2_num_293729,MagneticTile,all,train,MagneticTile/ds/img/exp2_num_293729.jpg,MagneticTile/ds/ann/exp2_num_293729.jpg.json,327,322,327,322,1,1.0155,False,0,none,none,0,0.0,0,0,,Negative,0.0,,,,,OK,False
mt_exp2_num_29493,MagneticTile,all,train,MagneticTile/ds/img/exp2_num_29493.jpg,MagneticTile/ds/ann/exp2_num_29493.jpg.json,530,320,530,320,1,1.6562,False,0,none,none,0,0.0,0,0,,Negative,0.0,,,,,OK,False
mt_exp2_num_296655,MagneticTile,all,train,MagneticTile/ds/img/exp2_num_296655.jpg,MagneticTile/ds/ann/exp2_num_296655.jpg.json,298,349,298,349,1,0.8539,False,0,none,none,0,0.0,0,0,,Negative,0.0,,,,,OK,False
mt_exp2_num_297298,MagneticTile,all,val,MagneticTile/ds/img/exp2_num_297298.jpg,MagneticTile/ds/ann/exp2_num_297298.jpg.json,312,341,312,341,1,0.915,False,0,none,none,0,0.0,0,0,,Negative,0.0,,,,,OK,False
mt_exp2_num_297490,MagneticTile,all,train,MagneticTile/ds/img/exp2_num_297490.jpg,MagneticTile/ds/ann/exp2_num_297490.jpg.json,220,267,220,267,1,0.824,True,1,blowhole,blowhole,30,0.0511,1,30,30,Small,19.07,205,121,209,128,OK,True
mt_exp2_num_299741,MagneticTile,all,train,MagneticTile/ds/img/exp2_num_299741.jpg,MagneticTile/ds/ann/exp2_num_299741.jpg.json,216,264,216,264,1,0.8182,False,0,none,none,0,0.0,0,0,,Negative,0.0,,,,,OK,False
mt_exp2_num_301499,MagneticTile,all,val,MagneticTile/ds/img/exp2_num_301499.jpg,MagneticTile/ds/ann/exp2_num_301499.jpg.json,370,369,370,369,1,1.0027,False,0,none,none,0,0.0,0,0,,Negative,0.0,,,,,OK,False
mt_exp2_num_304305,MagneticTile,all,train,MagneticTile/ds/img/exp2_num_304305.jpg,MagneticTile/ds/ann/exp2_num_304305.jpg.json,206,262,206,262,1,0.7863,True,1,break,break,12131,22.4765,1,12131,12131,Large,697.26,129,0,205,261,OK,True
mt_exp2_num_304307,MagneticTile,all,val,MagneticTile/ds/img/exp2_num_304307.jpg,MagneticTile/ds/ann/exp2_num_304307.jpg.json,321,326,321,326,1,0.9847,False,0,none,none,0,0.0,0,0,,Negative,0.0,,,,,OK,False
mt_exp2_num_304688,MagneticTile,all,train,MagneticTile/ds/img/exp2_num_304688.jpg,MagneticTile/ds/ann/exp2_num_304688.jpg.json,326,308,326,308,1,1.0584,False,0,none,none,0,0.0,0,0,,Negative,0.0,,,,,OK,False
mt_exp2_num_304861,MagneticTile,all,val,MagneticTile/ds/img/exp2_num_304861.jpg,MagneticTile/ds/ann/exp2_num_304861.jpg.json,230,285,230,285,1,0.807,False,0,none,none,0,0.0,0,0,,Negative,0.0,,,,,OK,False
mt_exp2_num_306443,MagneticTile,all,train,MagneticTile/ds/img/exp2_num_306443.jpg,MagneticTile/ds/ann/exp2_num_306443.jpg.json,228,272,228,272,1,0.8382,False,0,none,none,0,0.0,0,0,,Negative,0.0,,,,,OK,False
mt_exp2_num_306609,MagneticTile,all,test,MagneticTile/ds/img/exp2_num_306609.jpg,MagneticTile/ds/ann/exp2_num_306609.jpg.json,365,370,365,370,1,0.9865,False,0,none,none,0,0.0,0,0,,Negative,0.0,,,,,OK,False
mt_exp2_num_308043,MagneticTile,all,train,MagneticTile/ds/img/exp2_num_308043.jpg,MagneticTile/ds/ann/exp2_num_308043.jpg.json,224,277,224,277,1,0.8087,True,1,blowhole,blowhole,41,0.0661,1,41,41,Small,23.9,214,189,219,198,OK,True
mt_exp2_num_308824,MagneticTile,all,train,MagneticTile/ds/img/exp2_num_308824.jpg,MagneticTile/ds/ann/exp2_num_308824.jpg.json,369,361,369,361,1,1.0222,False,0,none,none,0,0.0,0,0,,Negative,0.0,,,,,OK,False
mt_exp2_num_309366,MagneticTile,all,test,MagneticTile/ds/img/exp2_num_309366.jpg,MagneticTile/ds/ann/exp2_num_309366.jpg.json,372,369,372,369,1,1.0081,False,0,none,none,0,0.0,0,0,,Negative,0.0,,,,,OK,False
mt_exp2_num_309668,MagneticTile,all,val,MagneticTile/ds/img/exp2_num_309668.jpg,MagneticTile/ds/ann/exp2_num_309668.jpg.json,224,270,224,270,1,0.8296,False,0,none,none,0,0.0,0,0,,Negative,0.0,,,,,OK,False
mt_exp2_num_31124,MagneticTile,all,train,MagneticTile/ds/img/exp2_num_31124.jpg,MagneticTile/ds/ann/exp2_num_31124.jpg.json,121,283,121,283,1,0.4276,False,0,none,none,0,0.0,0,0,,Negative,0.0,,,,,OK,False
mt_exp2_num_311334,MagneticTile,all,train,MagneticTile/ds/img/exp2_num_311334.jpg,MagneticTile/ds/ann/exp2_num_311334.jpg.json,206,276,206,276,1,0.7464,False,0,none,none,0,0.0,0,0,,Negative,0.0,,,,,OK,False
mt_exp2_num_311834,MagneticTile,all,test,MagneticTile/ds/img/exp2_num_311834.jpg,MagneticTile/ds/ann/exp2_num_311834.jpg.json,219,279,219,279,1,0.7849,True,1,uneven,uneven,5956,9.7478,1,5956,5956,Large,518.65,0,242,218,278,OK,True
mt_exp2_num_313494,MagneticTile,all,train,MagneticTile/ds/img/exp2_num_313494.jpg,MagneticTile/ds/ann/exp2_num_313494.jpg.json,249,343,249,343,1,0.7259,True,1,uneven,uneven,16619,19.4586,1,16619,16619,Large,630.66,26,0,234,111,OK,True
mt_exp2_num_313853,MagneticTile,all,train,MagneticTile/ds/img/exp2_num_313853.jpg,MagneticTile/ds/ann/exp2_num_313853.jpg.json,253,368,253,368,1,0.6875,False,0,none,none,0,0.0,0,0,,Negative,0.0,,,,,OK,False
mt_exp2_num_315006,MagneticTile,all,val,MagneticTile/ds/img/exp2_num_315006.jpg,MagneticTile/ds/ann/exp2_num_315006.jpg.json,212,279,212,279,1,0.7599,False,0,none,none,0,0.0,0,0,,Negative,0.0,,,,,OK,False
mt_exp2_num_316344,MagneticTile,all,train,MagneticTile/ds/img/exp2_num_316344.jpg,MagneticTile/ds/ann/exp2_num_316344.jpg.json,378,375,378,375,1,1.008,False,0,none,none,0,0.0,0,0,,Negative,0.0,,,,,OK,False
mt_exp2_num_316715,MagneticTile,all,train,MagneticTile/ds/img/exp2_num_316715.jpg,MagneticTile/ds/ann/exp2_num_316715.jpg.json,353,370,353,370,1,0.9541,False,0,none,none,0,0.0,0,0,,Negative,0.0,,,,,OK,False
mt_exp2_num_317512,MagneticTile,all,train,MagneticTile/ds/img/exp2_num_317512.jpg,MagneticTile/ds/ann/exp2_num_317512.jpg.json,214,266,214,266,1,0.8045,True,1,blowhole,blowhole,109,0.1915,1,109,109,Small,38.73,93,220,106,229,OK,True
mt_exp2_num_317576,MagneticTile,all,train,MagneticTile/ds/img/exp2_num_317576.jpg,MagneticTile/ds/ann/exp2_num_317576.jpg.json,382,377,382,377,1,1.0133,False,0,none,none,0,0.0,0,0,,Negative,0.0,,,,,OK,False
mt_exp2_num_317911,MagneticTile,all,train,MagneticTile/ds/img/exp2_num_317911.jpg,MagneticTile/ds/ann/exp2_num_317911.jpg.json,364,372,364,372,1,0.9785,False,0,none,none,0,0.0,0,0,,Negative,0.0,,,,,OK,False
mt_exp2_num_319334,MagneticTile,all,train,MagneticTile/ds/img/exp2_num_319334.jpg,MagneticTile/ds/ann/exp2_num_319334.jpg.json,366,385,366,385,1,0.9506,False,0,none,none,0,0.0,0,0,,Negative,0.0,,,,,OK,False
mt_exp2_num_319440,MagneticTile,all,train,MagneticTile/ds/img/exp2_num_319440.jpg,MagneticTile/ds/ann/exp2_num_319440.jpg.json,227,281,227,281,1,0.8078,False,0,none,none,0,0.0,0,0,,Negative,0.0,,,,,OK,False
mt_exp2_num_319698,MagneticTile,all,train,MagneticTile/ds/img/exp2_num_319698.jpg,MagneticTile/ds/ann/exp2_num_319698.jpg.json,340,367,340,367,1,0.9264,False,0,none,none,0,0.0,0,0,,Negative,0.0,,,,,OK,False
mt_exp2_num_320463,MagneticTile,all,train,MagneticTile/ds/img/exp2_num_320463.jpg,MagneticTile/ds/ann/exp2_num_320463.jpg.json,357,359,357,359,1,0.9944,False,0,none,none,0,0.0,0,0,,Negative,0.0,,,,,OK,False
mt_exp2_num_320673,MagneticTile,all,train,MagneticTile/ds/img/exp2_num_320673.jpg,MagneticTile/ds/ann/exp2_num_320673.jpg.json,190,268,190,268,1,0.709,True,1,break,break,205,0.4026,1,205,205,Small,102.23,162,223,184,246,OK,True
mt_exp2_num_320822,MagneticTile,all,train,MagneticTile/ds/img/exp2_num_320822.jpg,MagneticTile/ds/ann/exp2_num_320822.jpg.json,359,363,359,363,1,0.989,False,0,none,none,0,0.0,0,0,,Negative,0.0,,,,,OK,False
mt_exp2_num_3211,MagneticTile,all,train,MagneticTile/ds/img/exp2_num_3211.jpg,MagneticTile/ds/ann/exp2_num_3211.jpg.json,470,369,470,369,1,1.2737,True,1,crack,crack,660,0.3806,1,660,660,Small,251.92,336,0,356,104,OK,True
mt_exp2_num_321452,MagneticTile,all,train,MagneticTile/ds/img/exp2_num_321452.jpg,MagneticTile/ds/ann/exp2_num_321452.jpg.json,373,377,373,377,1,0.9894,False,0,none,none,0,0.0,0,0,,Negative,0.0,,,,,OK,False
mt_exp2_num_32153,MagneticTile,all,train,MagneticTile/ds/img/exp2_num_32153.jpg,MagneticTile/ds/ann/exp2_num_32153.jpg.json,119,279,119,279,1,0.4265,True,1,crack,crack,331,0.997,1,331,331,Small,132.61,6,245,42,278,OK,True
mt_exp2_num_322630,MagneticTile,all,train,MagneticTile/ds/img/exp2_num_322630.jpg,MagneticTile/ds/ann/exp2_num_322630.jpg.json,212,255,212,255,1,0.8314,True,1,blowhole,blowhole,134,0.2479,1,134,134,Small,52.04,191,190,200,209,OK,True
mt_exp2_num_323339,MagneticTile,all,train,MagneticTile/ds/img/exp2_num_323339.jpg,MagneticTile/ds/ann/exp2_num_323339.jpg.json,223,275,223,275,1,0.8109,False,0,none,none,0,0.0,0,0,,Negative,0.0,,,,,OK,False
mt_exp2_num_326603,MagneticTile,all,val,MagneticTile/ds/img/exp2_num_326603.jpg,MagneticTile/ds/ann/exp2_num_326603.jpg.json,370,359,370,359,1,1.0306,False,0,none,none,0,0.0,0,0,,Negative,0.0,,,,,OK,False
mt_exp2_num_326923,MagneticTile,all,test,MagneticTile/ds/img/exp2_num_326923.jpg,MagneticTile/ds/ann/exp2_num_326923.jpg.json,343,373,343,373,1,0.9196,False,0,none,none,0,0.0,0,0,,Negative,0.0,,,,,OK,False
mt_exp2_num_327997,MagneticTile,all,val,MagneticTile/ds/img/exp2_num_327997.jpg,MagneticTile/ds/ann/exp2_num_327997.jpg.json,356,351,356,351,1,1.0142,True,1,blowhole,blowhole,112,0.0896,1,112,112,Small,42.63,47,73,56,88,OK,True
mt_exp2_num_329231,MagneticTile,all,test,MagneticTile/ds/img/exp2_num_329231.jpg,MagneticTile/ds/ann/exp2_num_329231.jpg.json,379,375,379,375,1,1.0107,False,0,none,none,0,0.0,0,0,,Negative,0.0,,,,,OK,False
mt_exp2_num_331174,MagneticTile,all,train,MagneticTile/ds/img/exp2_num_331174.jpg,MagneticTile/ds/ann/exp2_num_331174.jpg.json,372,356,372,356,1,1.0449,False,0,none,none,0,0.0,0,0,,Negative,0.0,,,,,OK,False
mt_exp2_num_331946,MagneticTile,all,test,MagneticTile/ds/img/exp2_num_331946.jpg,MagneticTile/ds/ann/exp2_num_331946.jpg.json,367,351,367,351,1,1.0456,False,0,none,none,0,0.0,0,0,,Negative,0.0,,,,,OK,False
mt_exp2_num_332707,MagneticTile,all,test,MagneticTile/ds/img/exp2_num_332707.jpg,MagneticTile/ds/ann/exp2_num_332707.jpg.json,309,351,309,351,1,0.8803,False,0,none,none,0,0.0,0,0,,Negative,0.0,,,,,OK,False
mt_exp2_num_33380,MagneticTile,all,train,MagneticTile/ds/img/exp2_num_33380.jpg,MagneticTile/ds/ann/exp2_num_33380.jpg.json,522,320,522,320,1,1.6313,True,1,uneven,uneven,40584,24.296,1,40584,40584,Large,1253.26,0,0,521,89,OK,True
mt_exp2_num_337671,MagneticTile,all,train,MagneticTile/ds/img/exp2_num_337671.jpg,MagneticTile/ds/ann/exp2_num_337671.jpg.json,491,377,491,377,1,1.3024,False,0,none,none,0,0.0,0,0,,Negative,0.0,,,,,OK,False
mt_exp2_num_338872,MagneticTile,all,test,MagneticTile/ds/img/exp2_num_338872.jpg,MagneticTile/ds/ann/exp2_num_338872.jpg.json,476,354,476,354,1,1.3446,False,0,none,none,0,0.0,0,0,,Negative,0.0,,,,,OK,False
mt_exp2_num_339841,MagneticTile,all,test,MagneticTile/ds/img/exp2_num_339841.jpg,MagneticTile/ds/ann/exp2_num_339841.jpg.json,360,380,360,380,1,0.9474,True,1,crack,crack,331,0.242,1,331,331,Small,113.94,54,3,62,51,OK,True
mt_exp2_num_34101,MagneticTile,all,train,MagneticTile/ds/img/exp2_num_34101.jpg,MagneticTile/ds/ann/exp2_num_34101.jpg.json,520,331,520,331,1,1.571,False,0,none,none,0,0.0,0,0,,Negative,0.0,,,,,OK,False
mt_exp2_num_342162,MagneticTile,all,train,MagneticTile/ds/img/exp2_num_342162.jpg,MagneticTile/ds/ann/exp2_num_342162.jpg.json,435,372,435,372,1,1.1694,True,2,crack,crack,589,0.364,2,337,337;252,Small,252.85,218,0,309,61,OK,True
mt_exp2_num_342873,MagneticTile,all,train,MagneticTile/ds/img/exp2_num_342873.jpg,MagneticTile/ds/ann/exp2_num_342873.jpg.json,499,369,499,369,1,1.3523,False,0,none,none,0,0.0,0,0,,Negative,0.0,,,,,OK,False
mt_exp2_num_344570,MagneticTile,all,train,MagneticTile/ds/img/exp2_num_344570.jpg,MagneticTile/ds/ann/exp2_num_344570.jpg.json,507,362,507,362,1,1.4006,False,0,none,none,0,0.0,0,0,,Negative,0.0,,,,,OK,False
mt_exp2_num_346332,MagneticTile,all,train,MagneticTile/ds/img/exp2_num_346332.jpg,MagneticTile/ds/ann/exp2_num_346332.jpg.json,498,371,498,371,1,1.3423,False,0,none,none,0,0.0,0,0,,Negative,0.0,,,,,OK,False
mt_exp2_num_348648,MagneticTile,all,val,MagneticTile/ds/img/exp2_num_348648.jpg,MagneticTile/ds/ann/exp2_num_348648.jpg.json,497,374,497,374,1,1.3289,True,1,break,break,594,0.3196,1,594,594,Small,175.97,14,3,55,37,OK,True
mt_exp2_num_349844,MagneticTile,all,test,MagneticTile/ds/img/exp2_num_349844.jpg,MagneticTile/ds/ann/exp2_num_349844.jpg.json,489,371,489,371,1,1.3181,False,0,none,none,0,0.0,0,0,,Negative,0.0,,,,,OK,False
mt_exp2_num_351066,MagneticTile,all,train,MagneticTile/ds/img/exp2_num_351066.jpg,MagneticTile/ds/ann/exp2_num_351066.jpg.json,486,359,486,359,1,1.3538,False,0,none,none,0,0.0,0,0,,Negative,0.0,,,,,OK,False
mt_exp2_num_351450,MagneticTile,all,train,MagneticTile/ds/img/exp2_num_351450.jpg,MagneticTile/ds/ann/exp2_num_351450.jpg.json,513,361,513,361,1,1.4211,False,0,none,none,0,0.0,0,0,,Negative,0.0,,,,,OK,False
mt_exp2_num_3524,MagneticTile,all,test,MagneticTile/ds/img/exp2_num_3524.jpg,MagneticTile/ds/ann/exp2_num_3524.jpg.json,133,285,133,285,1,0.4667,False,0,none,none,0,0.0,0,0,,Negative,0.0,,,,,OK,False
mt_exp2_num_352504,MagneticTile,all,train,MagneticTile/ds/img/exp2_num_352504.jpg,MagneticTile/ds/ann/exp2_num_352504.jpg.json,499,370,499,370,1,1.3486,True,1,uneven,uneven,25684,13.9111,1,25684,25684,Large,1231.55,0,286,498,369,OK,True
mt_exp2_num_354402,MagneticTile,all,val,MagneticTile/ds/img/exp2_num_354402.jpg,MagneticTile/ds/ann/exp2_num_354402.jpg.json,488,361,488,361,1,1.3518,False,0,none,none,0,0.0,0,0,,Negative,0.0,,,,,OK,False
mt_exp2_num_355658,MagneticTile,all,train,MagneticTile/ds/img/exp2_num_355658.jpg,MagneticTile/ds/ann/exp2_num_355658.jpg.json,483,376,483,376,1,1.2846,False,0,none,none,0,0.0,0,0,,Negative,0.0,,,,,OK,False
mt_exp2_num_356745,MagneticTile,all,test,MagneticTile/ds/img/exp2_num_356745.jpg,MagneticTile/ds/ann/exp2_num_356745.jpg.json,504,378,504,378,1,1.3333,True,1,break,break,820,0.4304,1,820,820,Small,176.85,440,350,500,369,OK,True
mt_exp2_num_358116,MagneticTile,all,train,MagneticTile/ds/img/exp2_num_358116.jpg,MagneticTile/ds/ann/exp2_num_358116.jpg.json,475,387,475,387,1,1.2274,False,0,none,none,0,0.0,0,0,,Negative,0.0,,,,,OK,False
mt_exp2_num_358960,MagneticTile,all,train,MagneticTile/ds/img/exp2_num_358960.jpg,MagneticTile/ds/ann/exp2_num_358960.jpg.json,484,366,484,366,1,1.3224,False,0,none,none,0,0.0,0,0,,Negative,0.0,,,,,OK,False
mt_exp2_num_359476,MagneticTile,all,train,MagneticTile/ds/img/exp2_num_359476.jpg,MagneticTile/ds/ann/exp2_num_359476.jpg.json,504,382,504,382,1,1.3194,False,0,none,none,0,0.0,0,0,,Negative,0.0,,,,,OK,False
mt_exp2_num_36302,MagneticTile,all,val,MagneticTile/ds/img/exp2_num_36302.jpg,MagneticTile/ds/ann/exp2_num_36302.jpg.json,119,280,119,280,1,0.425,True,1,blowhole,blowhole,158,0.4742,1,158,158,Small,58.63,66,83,80,103,OK,True
mt_exp2_num_3696,MagneticTile,all,train,MagneticTile/ds/img/exp2_num_3696.jpg,MagneticTile/ds/ann/exp2_num_3696.jpg.json,460,366,460,366,1,1.2568,True,1,blowhole,blowhole,150,0.0891,1,150,150,Small,43.9,270,58,283,69,OK,True
mt_exp2_num_37263,MagneticTile,all,train,MagneticTile/ds/img/exp2_num_37263.jpg,MagneticTile/ds/ann/exp2_num_37263.jpg.json,523,338,523,338,1,1.5473,False,0,none,none,0,0.0,0,0,,Negative,0.0,,,,,OK,False
mt_exp2_num_37273,MagneticTile,all,train,MagneticTile/ds/img/exp2_num_37273.jpg,MagneticTile/ds/ann/exp2_num_37273.jpg.json,130,286,130,286,1,0.4545,False,0,none,none,0,0.0,0,0,,Negative,0.0,,,,,OK,False
mt_exp2_num_38004,MagneticTile,all,train,MagneticTile/ds/img/exp2_num_38004.jpg,MagneticTile/ds/ann/exp2_num_38004.jpg.json,523,333,523,333,1,1.5706,False,0,none,none,0,0.0,0,0,,Negative,0.0,,,,,OK,False
mt_exp2_num_3811,MagneticTile,all,train,MagneticTile/ds/img/exp2_num_3811.jpg,MagneticTile/ds/ann/exp2_num_3811.jpg.json,124,284,124,284,1,0.4366,False,0,none,none,0,0.0,0,0,,Negative,0.0,,,,,OK,False
mt_exp2_num_39430,MagneticTile,all,train,MagneticTile/ds/img/exp2_num_39430.jpg,MagneticTile/ds/ann/exp2_num_39430.jpg.json,123,286,123,286,1,0.4301,False,0,none,none,0,0.0,0,0,,Negative,0.0,,,,,OK,False
mt_exp2_num_40424,MagneticTile,all,train,MagneticTile/ds/img/exp2_num_40424.jpg,MagneticTile/ds/ann/exp2_num_40424.jpg.json,105,283,105,283,1,0.371,True,1,blowhole,blowhole,103,0.3466,1,103,103,Small,41.21,36,136,51,143,OK,True
mt_exp2_num_43841,MagneticTile,all,train,MagneticTile/ds/img/exp2_num_43841.jpg,MagneticTile/ds/ann/exp2_num_43841.jpg.json,524,341,524,341,1,1.5367,False,0,none,none,0,0.0,0,0,,Negative,0.0,,,,,OK,False
mt_exp2_num_45028,MagneticTile,all,test,MagneticTile/ds/img/exp2_num_45028.jpg,MagneticTile/ds/ann/exp2_num_45028.jpg.json,505,327,505,327,1,1.5443,True,1,uneven,uneven,26178,15.8525,1,26178,26178,Large,1210.42,0,230,504,289,OK,True
mt_exp2_num_4748,MagneticTile,all,train,MagneticTile/ds/img/exp2_num_4748.jpg,MagneticTile/ds/ann/exp2_num_4748.jpg.json,121,285,121,285,1,0.4246,True,1,blowhole,blowhole,143,0.4147,1,143,143,Small,46.38,23,261,38,272,OK,True
mt_exp2_num_4964,MagneticTile,all,train,MagneticTile/ds/img/exp2_num_4964.jpg,MagneticTile/ds/ann/exp2_num_4964.jpg.json,114,281,114,281,1,0.4057,True,1,blowhole,blowhole,107,0.334,1,107,107,Small,51.94,54,240,70,253,OK,True
mt_exp2_num_50402,MagneticTile,all,test,MagneticTile/ds/img/exp2_num_50402.jpg,MagneticTile/ds/ann/exp2_num_50402.jpg.json,522,321,522,321,1,1.6262,False,0,none,none,0,0.0,0,0,,Negative,0.0,,,,,OK,False
mt_exp2_num_51097,MagneticTile,all,train,MagneticTile/ds/img/exp2_num_51097.jpg,MagneticTile/ds/ann/exp2_num_51097.jpg.json,530,322,530,322,1,1.646,False,0,none,none,0,0.0,0,0,,Negative,0.0,,,,,OK,False
mt_exp2_num_51697,MagneticTile,all,train,MagneticTile/ds/img/exp2_num_51697.jpg,MagneticTile/ds/ann/exp2_num_51697.jpg.json,119,290,119,290,1,0.4103,True,1,blowhole,blowhole,77,0.2231,1,77,77,Small,34.14,35,30,46,39,OK,True
mt_exp2_num_52677,MagneticTile,all,train,MagneticTile/ds/img/exp2_num_52677.jpg,MagneticTile/ds/ann/exp2_num_52677.jpg.json,119,284,119,284,1,0.419,False,0,none,none,0,0.0,0,0,,Negative,0.0,,,,,OK,False
mt_exp2_num_53025,MagneticTile,all,train,MagneticTile/ds/img/exp2_num_53025.jpg,MagneticTile/ds/ann/exp2_num_53025.jpg.json,523,339,523,339,1,1.5428,False,0,none,none,0,0.0,0,0,,Negative,0.0,,,,,OK,False
mt_exp2_num_54126,MagneticTile,all,test,MagneticTile/ds/img/exp2_num_54126.jpg,MagneticTile/ds/ann/exp2_num_54126.jpg.json,523,321,523,321,1,1.6293,False,0,none,none,0,0.0,0,0,,Negative,0.0,,,,,OK,False
mt_exp2_num_542,MagneticTile,all,val,MagneticTile/ds/img/exp2_num_542.jpg,MagneticTile/ds/ann/exp2_num_542.jpg.json,119,294,119,294,1,0.4048,True,1,uneven,uneven,8263,23.618,1,8263,8263,Large,377.64,0,0,118,70,OK,True
mt_exp2_num_54273,MagneticTile,all,train,MagneticTile/ds/img/exp2_num_54273.jpg,MagneticTile/ds/ann/exp2_num_54273.jpg.json,116,274,116,274,1,0.4234,True,1,blowhole,blowhole,156,0.4908,1,156,156,Small,50.97,29,24,39,43,OK,True
mt_exp2_num_54925,MagneticTile,all,train,MagneticTile/ds/img/exp2_num_54925.jpg,MagneticTile/ds/ann/exp2_num_54925.jpg.json,124,298,124,298,1,0.4161,False,0,none,none,0,0.0,0,0,,Negative,0.0,,,,,OK,False
mt_exp2_num_5924,MagneticTile,all,train,MagneticTile/ds/img/exp2_num_5924.jpg,MagneticTile/ds/ann/exp2_num_5924.jpg.json,520,331,520,331,1,1.571,False,0,none,none,0,0.0,0,0,,Negative,0.0,,,,,OK,False
mt_exp2_num_61324,MagneticTile,all,train,MagneticTile/ds/img/exp2_num_61324.jpg,MagneticTile/ds/ann/exp2_num_61324.jpg.json,128,285,128,285,1,0.4491,False,0,none,none,0,0.0,0,0,,Negative,0.0,,,,,OK,False
mt_exp2_num_62577,MagneticTile,all,test,MagneticTile/ds/img/exp2_num_62577.jpg,MagneticTile/ds/ann/exp2_num_62577.jpg.json,123,284,123,284,1,0.4331,True,1,break,break,2050,5.8685,1,2050,2050,Medium,224.47,76,0,111,72,OK,True
mt_exp2_num_65017,MagneticTile,all,train,MagneticTile/ds/img/exp2_num_65017.jpg,MagneticTile/ds/ann/exp2_num_65017.jpg.json,517,332,517,332,1,1.5572,False,0,none,none,0,0.0,0,0,,Negative,0.0,,,,,OK,False
mt_exp2_num_6528,MagneticTile,all,val,MagneticTile/ds/img/exp2_num_6528.jpg,MagneticTile/ds/ann/exp2_num_6528.jpg.json,508,381,508,381,1,1.3333,False,0,none,none,0,0.0,0,0,,Negative,0.0,,,,,OK,False
mt_exp2_num_6558,MagneticTile,all,train,MagneticTile/ds/img/exp2_num_6558.jpg,MagneticTile/ds/ann/exp2_num_6558.jpg.json,124,286,124,286,1,0.4336,False,0,none,none,0,0.0,0,0,,Negative,0.0,,,,,OK,False
mt_exp2_num_68382,MagneticTile,all,train,MagneticTile/ds/img/exp2_num_68382.jpg,MagneticTile/ds/ann/exp2_num_68382.jpg.json,123,286,123,286,1,0.4301,False,0,none,none,0,0.0,0,0,,Negative,0.0,,,,,OK,False
mt_exp2_num_69830,MagneticTile,all,train,MagneticTile/ds/img/exp2_num_69830.jpg,MagneticTile/ds/ann/exp2_num_69830.jpg.json,130,284,130,284,1,0.4577,False,0,none,none,0,0.0,0,0,,Negative,0.0,,,,,OK,False
mt_exp2_num_7009,MagneticTile,all,train,MagneticTile/ds/img/exp2_num_7009.jpg,MagneticTile/ds/ann/exp2_num_7009.jpg.json,478,360,478,360,1,1.3278,True,1,blowhole,blowhole,167,0.097,1,167,167,Small,50.04,351,266,364,280,OK,True
mt_exp2_num_70514,MagneticTile,all,train,MagneticTile/ds/img/exp2_num_70514.jpg,MagneticTile/ds/ann/exp2_num_70514.jpg.json,127,287,127,287,1,0.4425,False,0,none,none,0,0.0,0,0,,Negative,0.0,,,,,OK,False
mt_exp2_num_71201,MagneticTile,all,train,MagneticTile/ds/img/exp2_num_71201.jpg,MagneticTile/ds/ann/exp2_num_71201.jpg.json,127,280,127,280,1,0.4536,False,0,none,none,0,0.0,0,0,,Negative,0.0,,,,,OK,False
mt_exp2_num_75106,MagneticTile,all,train,MagneticTile/ds/img/exp2_num_75106.jpg,MagneticTile/ds/ann/exp2_num_75106.jpg.json,597,257,597,257,1,2.323,False,0,none,none,0,0.0,0,0,,Negative,0.0,,,,,OK,False
mt_exp2_num_77559,MagneticTile,all,train,MagneticTile/ds/img/exp2_num_77559.jpg,MagneticTile/ds/ann/exp2_num_77559.jpg.json,605,229,605,229,1,2.6419,True,2,fray,fray,11756,8.4853,2,10327,10327;1429,Large,852.1,6,25,604,228,OK,True
mt_exp2_num_7886,MagneticTile,all,train,MagneticTile/ds/img/exp2_num_7886.jpg,MagneticTile/ds/ann/exp2_num_7886.jpg.json,127,287,127,287,1,0.4425,False,0,none,none,0,0.0,0,0,,Negative,0.0,,,,,OK,False
mt_exp2_num_834,MagneticTile,all,train,MagneticTile/ds/img/exp2_num_834.jpg,MagneticTile/ds/ann/exp2_num_834.jpg.json,484,362,484,362,1,1.337,False,0,none,none,0,0.0,0,0,,Negative,0.0,,,,,OK,False
mt_exp2_num_85846,MagneticTile,all,test,MagneticTile/ds/img/exp2_num_85846.jpg,MagneticTile/ds/ann/exp2_num_85846.jpg.json,593,244,593,244,1,2.4303,True,1,crack,crack,736,0.5087,1,736,736,Small,214.91,316,149,327,243,OK,True
mt_exp2_num_86854,MagneticTile,all,train,MagneticTile/ds/img/exp2_num_86854.jpg,MagneticTile/ds/ann/exp2_num_86854.jpg.json,593,244,593,244,1,2.4303,True,1,crack,crack,793,0.5481,1,793,793,Small,218.08,316,146,326,243,OK,True
mt_exp2_num_887,MagneticTile,all,val,MagneticTile/ds/img/exp2_num_887.jpg,MagneticTile/ds/ann/exp2_num_887.jpg.json,252,296,252,296,1,0.8514,False,0,none,none,0,0.0,0,0,,Negative,0.0,,,,,OK,False
mt_exp2_num_90988,MagneticTile,all,train,MagneticTile/ds/img/exp2_num_90988.jpg,MagneticTile/ds/ann/exp2_num_90988.jpg.json,608,247,608,247,1,2.4615,False,0,none,none,0,0.0,0,0,,Negative,0.0,,,,,OK,False
mt_exp2_num_94922,MagneticTile,all,train,MagneticTile/ds/img/exp2_num_94922.jpg,MagneticTile/ds/ann/exp2_num_94922.jpg.json,612,245,612,245,1,2.498,False,0,none,none,0,0.0,0,0,,Negative,0.0,,,,,OK,False
mt_exp2_num_9496,MagneticTile,all,test,MagneticTile/ds/img/exp2_num_9496.jpg,MagneticTile/ds/ann/exp2_num_9496.jpg.json,354,394,354,394,1,0.8985,True,1,blowhole,blowhole,106,0.076,1,106,106,Small,38.14,110,8,122,17,OK,True
mt_exp2_num_98102,MagneticTile,all,train,MagneticTile/ds/img/exp2_num_98102.jpg,MagneticTile/ds/ann/exp2_num_98102.jpg.json,452,290,452,290,1,1.5586,True,5,break,break,3096,2.3619,5,1157,1157;1008;652;177;102,Medium,712.74,167,0,444,289,OK,True
mt_exp3_num_10215,MagneticTile,all,train,MagneticTile/ds/img/exp3_num_10215.jpg,MagneticTile/ds/ann/exp3_num_10215.jpg.json,512,378,512,378,1,1.3545,False,0,none,none,0,0.0,0,0,,Negative,0.0,,,,,OK,False
mt_exp3_num_10448,MagneticTile,all,train,MagneticTile/ds/img/exp3_num_10448.jpg,MagneticTile/ds/ann/exp3_num_10448.jpg.json,525,336,525,336,1,1.5625,False,0,none,none,0,0.0,0,0,,Negative,0.0,,,,,OK,False
mt_exp3_num_105826,MagneticTile,all,train,MagneticTile/ds/img/exp3_num_105826.jpg,MagneticTile/ds/ann/exp3_num_105826.jpg.json,616,252,616,252,1,2.4444,True,1,break,break,1099,0.708,1,1099,1099,Medium,312.37,598,46,610,160,OK,True
mt_exp3_num_106186,MagneticTile,all,val,MagneticTile/ds/img/exp3_num_106186.jpg,MagneticTile/ds/ann/exp3_num_106186.jpg.json,259,361,259,361,1,0.7175,False,0,none,none,0,0.0,0,0,,Negative,0.0,,,,,OK,False
mt_exp3_num_106779,MagneticTile,all,train,MagneticTile/ds/img/exp3_num_106779.jpg,MagneticTile/ds/ann/exp3_num_106779.jpg.json,263,356,263,356,1,0.7388,False,0,none,none,0,0.0,0,0,,Negative,0.0,,,,,OK,False
mt_exp3_num_108757,MagneticTile,all,train,MagneticTile/ds/img/exp3_num_108757.jpg,MagneticTile/ds/ann/exp3_num_108757.jpg.json,259,381,259,381,1,0.6798,True,1,blowhole,blowhole,128,0.1297,1,128,128,Small,62.87,128,211,136,237,OK,True
mt_exp3_num_109271,MagneticTile,all,train,MagneticTile/ds/img/exp3_num_109271.jpg,MagneticTile/ds/ann/exp3_num_109271.jpg.json,611,265,611,265,1,2.3057,True,1,uneven,uneven,72048,44.4974,1,72048,72048,Large,1512.9,0,121,610,264,OK,True
mt_exp3_num_10945,MagneticTile,all,train,MagneticTile/ds/img/exp3_num_10945.jpg,MagneticTile/ds/ann/exp3_num_10945.jpg.json,513,355,513,355,1,1.4451,False,0,none,none,0,0.0,0,0,,Negative,0.0,,,,,OK,False
mt_exp3_num_110136,MagneticTile,all,test,MagneticTile/ds/img/exp3_num_110136.jpg,MagneticTile/ds/ann/exp3_num_110136.jpg.json,602,251,602,251,1,2.3984,False,0,none,none,0,0.0,0,0,,Negative,0.0,,,,,OK,False
mt_exp3_num_11304,MagneticTile,all,test,MagneticTile/ds/img/exp3_num_11304.jpg,MagneticTile/ds/ann/exp3_num_11304.jpg.json,467,369,467,369,1,1.2656,False,0,none,none,0,0.0,0,0,,Negative,0.0,,,,,OK,False
mt_exp3_num_114419,MagneticTile,all,train,MagneticTile/ds/img/exp3_num_114419.jpg,MagneticTile/ds/ann/exp3_num_114419.jpg.json,266,371,266,371,1,0.717,False,0,none,none,0,0.0,0,0,,Negative,0.0,,,,,OK,False
mt_exp3_num_116299,MagneticTile,all,train,MagneticTile/ds/img/exp3_num_116299.jpg,MagneticTile/ds/ann/exp3_num_116299.jpg.json,601,262,601,262,1,2.2939,False,0,none,none,0,0.0,0,0,,Negative,0.0,,,,,OK,False
mt_exp3_num_116541,MagneticTile,all,test,MagneticTile/ds/img/exp3_num_116541.jpg,MagneticTile/ds/ann/exp3_num_116541.jpg.json,299,363,299,363,1,0.8237,True,1,crack,crack,467,0.4303,1,467,467,Small,152.37,74,45,110,90,OK,True
mt_exp3_num_116981,MagneticTile,all,train,MagneticTile/ds/img/exp3_num_116981.jpg,MagneticTile/ds/ann/exp3_num_116981.jpg.json,606,264,606,264,1,2.2955,True,1,break,break,3988,2.4927,1,3988,3988,Medium,373.15,0,46,35,196,OK,True
mt_exp3_num_116991,MagneticTile,all,train,MagneticTile/ds/img/exp3_num_116991.jpg,MagneticTile/ds/ann/exp3_num_116991.jpg.json,308,307,308,307,1,1.0033,False,0,none,none,0,0.0,0,0,,Negative,0.0,,,,,OK,False
mt_exp3_num_118911,MagneticTile,all,train,MagneticTile/ds/img/exp3_num_118911.jpg,MagneticTile/ds/ann/exp3_num_118911.jpg.json,606,257,606,257,1,2.358,False,0,none,none,0,0.0,0,0,,Negative,0.0,,,,,OK,False
mt_exp3_num_124629,MagneticTile,all,val,MagneticTile/ds/img/exp3_num_124629.jpg,MagneticTile/ds/ann/exp3_num_124629.jpg.json,602,259,602,259,1,2.3243,True,1,uneven,uneven,54101,34.6984,1,54101,54101,Large,1447.45,0,0,601,114,OK,True
mt_exp3_num_126339,MagneticTile,all,train,MagneticTile/ds/img/exp3_num_126339.jpg,MagneticTile/ds/ann/exp3_num_126339.jpg.json,310,336,310,336,1,0.9226,False,0,none,none,0,0.0,0,0,,Negative,0.0,,,,,OK,False
mt_exp3_num_126827,MagneticTile,all,train,MagneticTile/ds/img/exp3_num_126827.jpg,MagneticTile/ds/ann/exp3_num_126827.jpg.json,318,347,318,347,1,0.9164,False,0,none,none,0,0.0,0,0,,Negative,0.0,,,,,OK,False
mt_exp3_num_127677,MagneticTile,all,train,MagneticTile/ds/img/exp3_num_127677.jpg,MagneticTile/ds/ann/exp3_num_127677.jpg.json,306,347,306,347,1,0.8818,False,0,none,none,0,0.0,0,0,,Negative,0.0,,,,,OK,False
mt_exp3_num_128108,MagneticTile,all,val,MagneticTile/ds/img/exp3_num_128108.jpg,MagneticTile/ds/ann/exp3_num_128108.jpg.json,315,339,315,339,1,0.9292,False,0,none,none,0,0.0,0,0,,Negative,0.0,,,,,OK,False
mt_exp3_num_129069,MagneticTile,all,train,MagneticTile/ds/img/exp3_num_129069.jpg,MagneticTile/ds/ann/exp3_num_129069.jpg.json,267,377,267,377,1,0.7082,True,1,uneven,uneven,12409,12.3278,1,12409,12409,Large,590.12,0,0,239,56,OK,True
mt_exp3_num_129632,MagneticTile,all,test,MagneticTile/ds/img/exp3_num_129632.jpg,MagneticTile/ds/ann/exp3_num_129632.jpg.json,251,367,251,367,1,0.6839,False,0,none,none,0,0.0,0,0,,Negative,0.0,,,,,OK,False
mt_exp3_num_135593,MagneticTile,all,train,MagneticTile/ds/img/exp3_num_135593.jpg,MagneticTile/ds/ann/exp3_num_135593.jpg.json,600,251,600,251,1,2.3904,True,1,fray,fray,1524,1.012,1,1524,1524,Medium,222.02,53,215,132,250,OK,True
mt_exp3_num_13568,MagneticTile,all,train,MagneticTile/ds/img/exp3_num_13568.jpg,MagneticTile/ds/ann/exp3_num_13568.jpg.json,519,336,519,336,1,1.5446,False,0,none,none,0,0.0,0,0,,Negative,0.0,,,,,OK,False
mt_exp3_num_136351,MagneticTile,all,val,MagneticTile/ds/img/exp3_num_136351.jpg,MagneticTile/ds/ann/exp3_num_136351.jpg.json,601,241,601,241,1,2.4938,True,1,fray,fray,22068,15.236,1,22068,22068,Large,636.68,208,34,399,186,OK,True
mt_exp3_num_138649,MagneticTile,all,train,MagneticTile/ds/img/exp3_num_138649.jpg,MagneticTile/ds/ann/exp3_num_138649.jpg.json,608,254,608,254,1,2.3937,False,0,none,none,0,0.0,0,0,,Negative,0.0,,,,,OK,False
mt_exp3_num_139838,MagneticTile,all,val,MagneticTile/ds/img/exp3_num_139838.jpg,MagneticTile/ds/ann/exp3_num_139838.jpg.json,604,260,604,260,1,2.3231,True,1,uneven,uneven,54741,34.858,1,54741,54741,Large,1470.94,0,149,603,259,OK,True
mt_exp3_num_143234,MagneticTile,all,train,MagneticTile/ds/img/exp3_num_143234.jpg,MagneticTile/ds/ann/exp3_num_143234.jpg.json,600,270,600,270,1,2.2222,False,0,none,none,0,0.0,0,0,,Negative,0.0,,,,,OK,False
mt_exp3_num_144210,MagneticTile,all,train,MagneticTile/ds/img/exp3_num_144210.jpg,MagneticTile/ds/ann/exp3_num_144210.jpg.json,595,250,595,250,1,2.38,False,0,none,none,0,0.0,0,0,,Negative,0.0,,,,,OK,False
mt_exp3_num_147971,MagneticTile,all,train,MagneticTile/ds/img/exp3_num_147971.jpg,MagneticTile/ds/ann/exp3_num_147971.jpg.json,604,253,604,253,1,2.3874,False,0,none,none,0,0.0,0,0,,Negative,0.0,,,,,OK,False
mt_exp3_num_148977,MagneticTile,all,train,MagneticTile/ds/img/exp3_num_148977.jpg,MagneticTile/ds/ann/exp3_num_148977.jpg.json,632,312,632,312,1,2.0256,True,2,break,break,2499,1.2673,2,2483,2483;16,Medium,336.17,85,273,211,303,OK,True
mt_exp3_num_154595,MagneticTile,all,val,MagneticTile/ds/img/exp3_num_154595.jpg,MagneticTile/ds/ann/exp3_num_154595.jpg.json,199,312,199,312,1,0.6378,False,0,none,none,0,0.0,0,0,,Negative,0.0,,,,,OK,False
mt_exp3_num_155360,MagneticTile,all,val,MagneticTile/ds/img/exp3_num_155360.jpg,MagneticTile/ds/ann/exp3_num_155360.jpg.json,190,315,190,315,1,0.6032,True,1,uneven,uneven,25619,42.8053,1,25619,25619,Large,651.25,0,177,189,314,OK,True
mt_exp3_num_157220,MagneticTile,all,train,MagneticTile/ds/img/exp3_num_157220.jpg,MagneticTile/ds/ann/exp3_num_157220.jpg.json,202,315,202,315,1,0.6413,False,0,none,none,0,0.0,0,0,,Negative,0.0,,,,,OK,False
mt_exp3_num_157763,MagneticTile,all,train,MagneticTile/ds/img/exp3_num_157763.jpg,MagneticTile/ds/ann/exp3_num_157763.jpg.json,192,321,192,321,1,0.5981,False,0,none,none,0,0.0,0,0,,Negative,0.0,,,,,OK,False
mt_exp3_num_165409,MagneticTile,all,train,MagneticTile/ds/img/exp3_num_165409.jpg,MagneticTile/ds/ann/exp3_num_165409.jpg.json,205,313,205,313,1,0.655,False,0,none,none,0,0.0,0,0,,Negative,0.0,,,,,OK,False
mt_exp3_num_16556,MagneticTile,all,train,MagneticTile/ds/img/exp3_num_16556.jpg,MagneticTile/ds/ann/exp3_num_16556.jpg.json,526,318,526,318,1,1.6541,False,0,none,none,0,0.0,0,0,,Negative,0.0,,,,,OK,False
mt_exp3_num_166221,MagneticTile,all,train,MagneticTile/ds/img/exp3_num_166221.jpg,MagneticTile/ds/ann/exp3_num_166221.jpg.json,188,322,188,322,1,0.5839,False,0,none,none,0,0.0,0,0,,Negative,0.0,,,,,OK,False
mt_exp3_num_172286,MagneticTile,all,train,MagneticTile/ds/img/exp3_num_172286.jpg,MagneticTile/ds/ann/exp3_num_172286.jpg.json,186,325,186,325,1,0.5723,True,1,uneven,uneven,24212,40.0529,1,24212,24212,Large,642.12,0,0,185,137,OK,True
mt_exp3_num_174699,MagneticTile,all,test,MagneticTile/ds/img/exp3_num_174699.jpg,MagneticTile/ds/ann/exp3_num_174699.jpg.json,194,319,194,319,1,0.6082,False,0,none,none,0,0.0,0,0,,Negative,0.0,,,,,OK,False
mt_exp3_num_177963,MagneticTile,all,train,MagneticTile/ds/img/exp3_num_177963.jpg,MagneticTile/ds/ann/exp3_num_177963.jpg.json,202,313,202,313,1,0.6454,False,0,none,none,0,0.0,0,0,,Negative,0.0,,,,,OK,False
mt_exp3_num_178510,MagneticTile,all,val,MagneticTile/ds/img/exp3_num_178510.jpg,MagneticTile/ds/ann/exp3_num_178510.jpg.json,194,322,194,322,1,0.6025,False,0,none,none,0,0.0,0,0,,Negative,0.0,,,,,OK,False
mt_exp3_num_180350,MagneticTile,all,train,MagneticTile/ds/img/exp3_num_180350.jpg,MagneticTile/ds/ann/exp3_num_180350.jpg.json,192,325,192,325,1,0.5908,False,0,none,none,0,0.0,0,0,,Negative,0.0,,,,,OK,False
mt_exp3_num_180885,MagneticTile,all,test,MagneticTile/ds/img/exp3_num_180885.jpg,MagneticTile/ds/ann/exp3_num_180885.jpg.json,196,321,196,321,1,0.6106,False,0,none,none,0,0.0,0,0,,Negative,0.0,,,,,OK,False
mt_exp3_num_18185,MagneticTile,all,train,MagneticTile/ds/img/exp3_num_18185.jpg,MagneticTile/ds/ann/exp3_num_18185.jpg.json,515,336,515,336,1,1.5327,False,0,none,none,0,0.0,0,0,,Negative,0.0,,,,,OK,False
mt_exp3_num_183198,MagneticTile,all,train,MagneticTile/ds/img/exp3_num_183198.jpg,MagneticTile/ds/ann/exp3_num_183198.jpg.json,199,319,199,319,1,0.6238,False,0,none,none,0,0.0,0,0,,Negative,0.0,,,,,OK,False
mt_exp3_num_183846,MagneticTile,all,train,MagneticTile/ds/img/exp3_num_183846.jpg,MagneticTile/ds/ann/exp3_num_183846.jpg.json,199,321,199,321,1,0.6199,False,0,none,none,0,0.0,0,0,,Negative,0.0,,,,,OK,False
mt_exp3_num_1855,MagneticTile,all,test,MagneticTile/ds/img/exp3_num_1855.jpg,MagneticTile/ds/ann/exp3_num_1855.jpg.json,250,270,250,270,1,0.9259,False,0,none,none,0,0.0,0,0,,Negative,0.0,,,,,OK,False
mt_exp3_num_186885,MagneticTile,all,train,MagneticTile/ds/img/exp3_num_186885.jpg,MagneticTile/ds/ann/exp3_num_186885.jpg.json,195,317,195,317,1,0.6151,True,1,uneven,uneven,28853,46.6764,1,28853,28853,Large,708.7,18,109,194,295,OK,True
mt_exp3_num_187556,MagneticTile,all,train,MagneticTile/ds/img/exp3_num_187556.jpg,MagneticTile/ds/ann/exp3_num_187556.jpg.json,195,323,195,323,1,0.6037,False,0,none,none,0,0.0,0,0,,Negative,0.0,,,,,OK,False
mt_exp3_num_192174,MagneticTile,all,train,MagneticTile/ds/img/exp3_num_192174.jpg,MagneticTile/ds/ann/exp3_num_192174.jpg.json,191,323,191,323,1,0.5913,False,0,none,none,0,0.0,0,0,,Negative,0.0,,,,,OK,False
mt_exp3_num_193139,MagneticTile,all,train,MagneticTile/ds/img/exp3_num_193139.jpg,MagneticTile/ds/ann/exp3_num_193139.jpg.json,194,323,194,323,1,0.6006,False,0,none,none,0,0.0,0,0,,Negative,0.0,,,,,OK,False
mt_exp3_num_194220,MagneticTile,all,test,MagneticTile/ds/img/exp3_num_194220.jpg,MagneticTile/ds/ann/exp3_num_194220.jpg.json,194,326,194,326,1,0.5951,True,2,break,break,1731,2.737,2,1552,1552;179,Medium,299.62,37,0,193,325,OK,True
mt_exp3_num_195685,MagneticTile,all,train,MagneticTile/ds/img/exp3_num_195685.jpg,MagneticTile/ds/ann/exp3_num_195685.jpg.json,192,325,192,325,1,0.5908,False,0,none,none,0,0.0,0,0,,Negative,0.0,,,,,OK,False
mt_exp3_num_19753,MagneticTile,all,train,MagneticTile/ds/img/exp3_num_19753.jpg,MagneticTile/ds/ann/exp3_num_19753.jpg.json,522,325,522,325,1,1.6062,False,0,none,none,0,0.0,0,0,,Negative,0.0,,,,,OK,False
mt_exp3_num_20409,MagneticTile,all,train,MagneticTile/ds/img/exp3_num_20409.jpg,MagneticTile/ds/ann/exp3_num_20409.jpg.json,535,329,535,329,1,1.6261,True,1,fray,fray,56775,32.2558,1,56775,56775,Large,1262.83,145,0,387,328,OK,True
mt_exp3_num_2074,MagneticTile,all,train,MagneticTile/ds/img/exp3_num_2074.jpg,MagneticTile/ds/ann/exp3_num_2074.jpg.json,514,375,514,375,1,1.3707,False,0,none,none,0,0.0,0,0,,Negative,0.0,,,,,OK,False
mt_exp3_num_240077,MagneticTile,all,train,MagneticTile/ds/img/exp3_num_240077.jpg,MagneticTile/ds/ann/exp3_num_240077.jpg.json,266,367,266,367,1,0.7248,False,0,none,none,0,0.0,0,0,,Negative,0.0,,,,,OK,False
mt_exp3_num_241380,MagneticTile,all,train,MagneticTile/ds/img/exp3_num_241380.jpg,MagneticTile/ds/ann/exp3_num_241380.jpg.json,214,274,214,274,1,0.781,False,0,none,none,0,0.0,0,0,,Negative,0.0,,,,,OK,False
mt_exp3_num_241926,MagneticTile,all,val,MagneticTile/ds/img/exp3_num_241926.jpg,MagneticTile/ds/ann/exp3_num_241926.jpg.json,197,280,197,280,1,0.7036,True,1,break,break,162,0.2937,1,162,162,Small,105.88,9,4,28,29,OK,True
mt_exp3_num_245792,MagneticTile,all,train,MagneticTile/ds/img/exp3_num_245792.jpg,MagneticTile/ds/ann/exp3_num_245792.jpg.json,208,257,208,257,1,0.8093,False,0,none,none,0,0.0,0,0,,Negative,0.0,,,,,OK,False
mt_exp3_num_246338,MagneticTile,all,val,MagneticTile/ds/img/exp3_num_246338.jpg,MagneticTile/ds/ann/exp3_num_246338.jpg.json,220,276,220,276,1,0.7971,False,0,none,none,0,0.0,0,0,,Negative,0.0,,,,,OK,False
mt_exp3_num_24829,MagneticTile,all,val,MagneticTile/ds/img/exp3_num_24829.jpg,MagneticTile/ds/ann/exp3_num_24829.jpg.json,524,336,524,336,1,1.5595,True,2,uneven,uneven,26,0.0148,2,13,13;13,Small,31.56,251,263,263,266,OK,True
mt_exp3_num_249637,MagneticTile,all,train,MagneticTile/ds/img/exp3_num_249637.jpg,MagneticTile/ds/ann/exp3_num_249637.jpg.json,233,288,233,288,1,0.809,True,1,crack,crack,2063,3.0743,1,2063,2063,Medium,592.98,96,0,114,267,OK,True
mt_exp3_num_251473,MagneticTile,all,test,MagneticTile/ds/img/exp3_num_251473.jpg,MagneticTile/ds/ann/exp3_num_251473.jpg.json,218,264,218,264,1,0.8258,False,0,none,none,0,0.0,0,0,,Negative,0.0,,,,,OK,False
mt_exp3_num_255696,MagneticTile,all,train,MagneticTile/ds/img/exp3_num_255696.jpg,MagneticTile/ds/ann/exp3_num_255696.jpg.json,265,375,265,375,1,0.7067,False,0,none,none,0,0.0,0,0,,Negative,0.0,,,,,OK,False
mt_exp3_num_256305,MagneticTile,all,train,MagneticTile/ds/img/exp3_num_256305.jpg,MagneticTile/ds/ann/exp3_num_256305.jpg.json,271,386,271,386,1,0.7021,False,0,none,none,0,0.0,0,0,,Negative,0.0,,,,,OK,False
mt_exp3_num_257158,MagneticTile,all,train,MagneticTile/ds/img/exp3_num_257158.jpg,MagneticTile/ds/ann/exp3_num_257158.jpg.json,212,276,212,276,1,0.7681,False,0,none,none,0,0.0,0,0,,Negative,0.0,,,,,OK,False
mt_exp3_num_257678,MagneticTile,all,test,MagneticTile/ds/img/exp3_num_257678.jpg,MagneticTile/ds/ann/exp3_num_257678.jpg.json,252,359,252,359,1,0.7019,False,0,none,none,0,0.0,0,0,,Negative,0.0,,,,,OK,False
mt_exp3_num_258558,MagneticTile,all,train,MagneticTile/ds/img/exp3_num_258558.jpg,MagneticTile/ds/ann/exp3_num_258558.jpg.json,252,360,252,360,1,0.7,True,1,fray,fray,28679,31.6127,1,28679,28679,Large,1216.65,1,34,249,359,OK,True
mt_exp3_num_258867,MagneticTile,all,train,MagneticTile/ds/img/exp3_num_258867.jpg,MagneticTile/ds/ann/exp3_num_258867.jpg.json,215,274,215,274,1,0.7847,False,0,none,none,0,0.0,0,0,,Negative,0.0,,,,,OK,False
mt_exp3_num_260521,MagneticTile,all,train,MagneticTile/ds/img/exp3_num_260521.jpg,MagneticTile/ds/ann/exp3_num_260521.jpg.json,207,280,207,280,1,0.7393,False,0,none,none,0,0.0,0,0,,Negative,0.0,,,,,OK,False
mt_exp3_num_260963,MagneticTile,all,test,MagneticTile/ds/img/exp3_num_260963.jpg,MagneticTile/ds/ann/exp3_num_260963.jpg.json,223,285,223,285,1,0.7825,False,0,none,none,0,0.0,0,0,,Negative,0.0,,,,,OK,False
mt_exp3_num_26146,MagneticTile,all,train,MagneticTile/ds/img/exp3_num_26146.jpg,MagneticTile/ds/ann/exp3_num_26146.jpg.json,532,312,532,312,1,1.7051,True,1,break,break,3625,2.1839,1,3625,3625,Medium,300.51,31,0,136,46,OK,True
mt_exp3_num_261977,MagneticTile,all,val,MagneticTile/ds/img/exp3_num_261977.jpg,MagneticTile/ds/ann/exp3_num_261977.jpg.json,218,280,218,280,1,0.7786,False,0,none,none,0,0.0,0,0,,Negative,0.0,,,,,OK,False
mt_exp3_num_262246,MagneticTile,all,train,MagneticTile/ds/img/exp3_num_262246.jpg,MagneticTile/ds/ann/exp3_num_262246.jpg.json,265,383,265,383,1,0.6919,False,0,none,none,0,0.0,0,0,,Negative,0.0,,,,,OK,False
mt_exp3_num_262601,MagneticTile,all,val,MagneticTile/ds/img/exp3_num_262601.jpg,MagneticTile/ds/ann/exp3_num_262601.jpg.json,211,258,211,258,1,0.8178,True,1,blowhole,blowhole,61,0.1121,1,61,61,Small,28.73,114,166,121,175,OK,True
mt_exp3_num_262674,MagneticTile,all,test,MagneticTile/ds/img/exp3_num_262674.jpg,MagneticTile/ds/ann/exp3_num_262674.jpg.json,267,385,267,385,1,0.6935,False,0,none,none,0,0.0,0,0,,Negative,0.0,,,,,OK,False
mt_exp3_num_263864,MagneticTile,all,train,MagneticTile/ds/img/exp3_num_263864.jpg,MagneticTile/ds/ann/exp3_num_263864.jpg.json,267,387,267,387,1,0.6899,False,0,none,none,0,0.0,0,0,,Negative,0.0,,,,,OK,False
mt_exp3_num_2642,MagneticTile,all,train,MagneticTile/ds/img/exp3_num_2642.jpg,MagneticTile/ds/ann/exp3_num_2642.jpg.json,120,291,120,291,1,0.4124,False,0,none,none,0,0.0,0,0,,Negative,0.0,,,,,OK,False
mt_exp3_num_264225,MagneticTile,all,train,MagneticTile/ds/img/exp3_num_264225.jpg,MagneticTile/ds/ann/exp3_num_264225.jpg.json,268,379,268,379,1,0.7071,False,0,none,none,0,0.0,0,0,,Negative,0.0,,,,,OK,False
mt_exp3_num_265117,MagneticTile,all,test,MagneticTile/ds/img/exp3_num_265117.jpg,MagneticTile/ds/ann/exp3_num_265117.jpg.json,247,382,247,382,1,0.6466,True,1,blowhole,blowhole,123,0.1304,1,123,123,Small,42.14,223,22,233,36,OK,True
mt_exp3_num_265659,MagneticTile,all,train,MagneticTile/ds/img/exp3_num_265659.jpg,MagneticTile/ds/ann/exp3_num_265659.jpg.json,199,399,199,399,1,0.4987,True,2,crack,crack,569,0.7166,2,301,301;268,Small,171.3,63,0,160,397,OK,True
mt_exp3_num_266316,MagneticTile,all,train,MagneticTile/ds/img/exp3_num_266316.jpg,MagneticTile/ds/ann/exp3_num_266316.jpg.json,213,252,213,252,1,0.8452,False,0,none,none,0,0.0,0,0,,Negative,0.0,,,,,OK,False
mt_exp3_num_266831,MagneticTile,all,train,MagneticTile/ds/img/exp3_num_266831.jpg,MagneticTile/ds/ann/exp3_num_266831.jpg.json,215,274,215,274,1,0.7847,False,0,none,none,0,0.0,0,0,,Negative,0.0,,,,,OK,False
mt_exp3_num_269121,MagneticTile,all,test,MagneticTile/ds/img/exp3_num_269121.jpg,MagneticTile/ds/ann/exp3_num_269121.jpg.json,220,282,220,282,1,0.7801,False,0,none,none,0,0.0,0,0,,Negative,0.0,,,,,OK,False
mt_exp3_num_269668,MagneticTile,all,train,MagneticTile/ds/img/exp3_num_269668.jpg,MagneticTile/ds/ann/exp3_num_269668.jpg.json,216,271,216,271,1,0.797,False,0,none,none,0,0.0,0,0,,Negative,0.0,,,,,OK,False
mt_exp3_num_270169,MagneticTile,all,train,MagneticTile/ds/img/exp3_num_270169.jpg,MagneticTile/ds/ann/exp3_num_270169.jpg.json,248,360,248,360,1,0.6889,True,1,uneven,uneven,24524,27.4686,1,24524,24524,Large,689.59,9,185,205,333,OK,True
mt_exp3_num_270593,MagneticTile,all,train,MagneticTile/ds/img/exp3_num_270593.jpg,MagneticTile/ds/ann/exp3_num_270593.jpg.json,265,361,265,361,1,0.7341,False,0,none,none,0,0.0,0,0,,Negative,0.0,,,,,OK,False
mt_exp3_num_270803,MagneticTile,all,val,MagneticTile/ds/img/exp3_num_270803.jpg,MagneticTile/ds/ann/exp3_num_270803.jpg.json,219,277,219,277,1,0.7906,False,0,none,none,0,0.0,0,0,,Negative,0.0,,,,,OK,False
mt_exp3_num_271400,MagneticTile,all,train,MagneticTile/ds/img/exp3_num_271400.jpg,MagneticTile/ds/ann/exp3_num_271400.jpg.json,220,274,220,274,1,0.8029,True,1,break,break,237,0.3932,1,237,237,Small,138.85,9,0,25,43,OK,True
mt_exp3_num_274138,MagneticTile,all,train,MagneticTile/ds/img/exp3_num_274138.jpg,MagneticTile/ds/ann/exp3_num_274138.jpg.json,230,277,230,277,1,0.8303,True,1,uneven,uneven,6931,10.879,1,6931,6931,Large,438.23,0,0,165,81,OK,True
mt_exp3_num_275407,MagneticTile,all,train,MagneticTile/ds/img/exp3_num_275407.jpg,MagneticTile/ds/ann/exp3_num_275407.jpg.json,267,377,267,377,1,0.7082,False,0,none,none,0,0.0,0,0,,Negative,0.0,,,,,OK,False
mt_exp3_num_275697,MagneticTile,all,train,MagneticTile/ds/img/exp3_num_275697.jpg,MagneticTile/ds/ann/exp3_num_275697.jpg.json,274,377,274,377,1,0.7268,False,0,none,none,0,0.0,0,0,,Negative,0.0,,,,,OK,False
mt_exp3_num_276387,MagneticTile,all,val,MagneticTile/ds/img/exp3_num_276387.jpg,MagneticTile/ds/ann/exp3_num_276387.jpg.json,272,386,272,386,1,0.7047,True,2,break,break,256,0.2438,2,165,165;91,Small,104.18,105,0,150,13,OK,True
mt_exp3_num_277027,MagneticTile,all,train,MagneticTile/ds/img/exp3_num_277027.jpg,MagneticTile/ds/ann/exp3_num_277027.jpg.json,275,382,275,382,1,0.7199,False,0,none,none,0,0.0,0,0,,Negative,0.0,,,,,OK,False
mt_exp3_num_278595,MagneticTile,all,train,MagneticTile/ds/img/exp3_num_278595.jpg,MagneticTile/ds/ann/exp3_num_278595.jpg.json,263,365,263,365,1,0.7205,False,0,none,none,0,0.0,0,0,,Negative,0.0,,,,,OK,False
mt_exp3_num_279122,MagneticTile,all,test,MagneticTile/ds/img/exp3_num_279122.jpg,MagneticTile/ds/ann/exp3_num_279122.jpg.json,265,380,265,380,1,0.6974,False,0,none,none,0,0.0,0,0,,Negative,0.0,,,,,OK,False
mt_exp3_num_280246,MagneticTile,all,test,MagneticTile/ds/img/exp3_num_280246.jpg,MagneticTile/ds/ann/exp3_num_280246.jpg.json,254,366,254,366,1,0.694,False,0,none,none,0,0.0,0,0,,Negative,0.0,,,,,OK,False
mt_exp3_num_280977,MagneticTile,all,test,MagneticTile/ds/img/exp3_num_280977.jpg,MagneticTile/ds/ann/exp3_num_280977.jpg.json,240,352,240,352,1,0.6818,False,0,none,none,0,0.0,0,0,,Negative,0.0,,,,,OK,False
mt_exp3_num_282911,MagneticTile,all,val,MagneticTile/ds/img/exp3_num_282911.jpg,MagneticTile/ds/ann/exp3_num_282911.jpg.json,264,354,264,354,1,0.7458,False,0,none,none,0,0.0,0,0,,Negative,0.0,,,,,OK,False
mt_exp3_num_283229,MagneticTile,all,train,MagneticTile/ds/img/exp3_num_283229.jpg,MagneticTile/ds/ann/exp3_num_283229.jpg.json,258,347,258,347,1,0.7435,False,0,none,none,0,0.0,0,0,,Negative,0.0,,,,,OK,False
mt_exp3_num_28373,MagneticTile,all,train,MagneticTile/ds/img/exp3_num_28373.jpg,MagneticTile/ds/ann/exp3_num_28373.jpg.json,518,334,518,334,1,1.5509,True,1,uneven,uneven,6203,3.5853,1,6203,6203,Large,455.12,347,0,517,79,OK,True
mt_exp3_num_284520,MagneticTile,all,train,MagneticTile/ds/img/exp3_num_284520.jpg,MagneticTile/ds/ann/exp3_num_284520.jpg.json,255,368,255,368,1,0.6929,True,1,break,break,20045,21.3608,1,20045,20045,Large,1278.08,0,128,254,367,OK,True
mt_exp3_num_284875,MagneticTile,all,train,MagneticTile/ds/img/exp3_num_284875.jpg,MagneticTile/ds/ann/exp3_num_284875.jpg.json,246,355,246,355,1,0.693,False,0,none,none,0,0.0,0,0,,Negative,0.0,,,,,OK,False
mt_exp3_num_286265,MagneticTile,all,train,MagneticTile/ds/img/exp3_num_286265.jpg,MagneticTile/ds/ann/exp3_num_286265.jpg.json,300,352,300,352,1,0.8523,False,0,none,none,0,0.0,0,0,,Negative,0.0,,,,,OK,False
mt_exp3_num_289625,MagneticTile,all,val,MagneticTile/ds/img/exp3_num_289625.jpg,MagneticTile/ds/ann/exp3_num_289625.jpg.json,310,353,310,353,1,0.8782,False,0,none,none,0,0.0,0,0,,Negative,0.0,,,,,OK,False
mt_exp3_num_290081,MagneticTile,all,train,MagneticTile/ds/img/exp3_num_290081.jpg,MagneticTile/ds/ann/exp3_num_290081.jpg.json,303,355,303,355,1,0.8535,False,0,none,none,0,0.0,0,0,,Negative,0.0,,,,,OK,False
mt_exp3_num_291038,MagneticTile,all,test,MagneticTile/ds/img/exp3_num_291038.jpg,MagneticTile/ds/ann/exp3_num_291038.jpg.json,290,345,290,345,1,0.8406,True,2,blowhole,blowhole,365,0.3648,2,237,237;128,Small,189.92,244,290,274,318,OK,True
mt_exp3_num_292124,MagneticTile,all,train,MagneticTile/ds/img/exp3_num_292124.jpg,MagneticTile/ds/ann/exp3_num_292124.jpg.json,294,336,294,336,1,0.875,False,0,none,none,0,0.0,0,0,,Negative,0.0,,,,,OK,False
mt_exp3_num_293289,MagneticTile,all,train,MagneticTile/ds/img/exp3_num_293289.jpg,MagneticTile/ds/ann/exp3_num_293289.jpg.json,302,338,302,338,1,0.8935,False,0,none,none,0,0.0,0,0,,Negative,0.0,,,,,OK,False
mt_exp3_num_293742,MagneticTile,all,train,MagneticTile/ds/img/exp3_num_293742.jpg,MagneticTile/ds/ann/exp3_num_293742.jpg.json,322,346,322,346,1,0.9306,False,0,none,none,0,0.0,0,0,,Negative,0.0,,,,,OK,False
mt_exp3_num_29508,MagneticTile,all,train,MagneticTile/ds/img/exp3_num_29508.jpg,MagneticTile/ds/ann/exp3_num_29508.jpg.json,536,305,536,305,1,1.7574,False,0,none,none,0,0.0,0,0,,Negative,0.0,,,,,OK,False
mt_exp3_num_296668,MagneticTile,all,train,MagneticTile/ds/img/exp3_num_296668.jpg,MagneticTile/ds/ann/exp3_num_296668.jpg.json,304,347,304,347,1,0.8761,False,0,none,none,0,0.0,0,0,,Negative,0.0,,,,,OK,False
mt_exp3_num_297311,MagneticTile,all,train,MagneticTile/ds/img/exp3_num_297311.jpg,MagneticTile/ds/ann/exp3_num_297311.jpg.json,310,337,310,337,1,0.9199,False,0,none,none,0,0.0,0,0,,Negative,0.0,,,,,OK,False
mt_exp3_num_297506,MagneticTile,all,train,MagneticTile/ds/img/exp3_num_297506.jpg,MagneticTile/ds/ann/exp3_num_297506.jpg.json,221,268,221,268,1,0.8246,True,1,blowhole,blowhole,31,0.0523,1,31,31,Small,19.31,205,122,210,129,OK,True
mt_exp3_num_299758,MagneticTile,all,train,MagneticTile/ds/img/exp3_num_299758.jpg,MagneticTile/ds/ann/exp3_num_299758.jpg.json,221,265,221,265,1,0.834,False,0,none,none,0,0.0,0,0,,Negative,0.0,,,,,OK,False
mt_exp3_num_301511,MagneticTile,all,train,MagneticTile/ds/img/exp3_num_301511.jpg,MagneticTile/ds/ann/exp3_num_301511.jpg.json,368,372,368,372,1,0.9892,False,0,none,none,0,0.0,0,0,,Negative,0.0,,,,,OK,False
mt_exp3_num_304317,MagneticTile,all,test,MagneticTile/ds/img/exp3_num_304317.jpg,MagneticTile/ds/ann/exp3_num_304317.jpg.json,219,252,219,252,1,0.869,True,1,break,break,12719,23.0467,1,12719,12719,Large,684.37,138,0,218,251,OK,True
mt_exp3_num_304319,MagneticTile,all,train,MagneticTile/ds/img/exp3_num_304319.jpg,MagneticTile/ds/ann/exp3_num_304319.jpg.json,315,318,315,318,1,0.9906,False,0,none,none,0,0.0,0,0,,Negative,0.0,,,,,OK,False
mt_exp3_num_304701,MagneticTile,all,test,MagneticTile/ds/img/exp3_num_304701.jpg,MagneticTile/ds/ann/exp3_num_304701.jpg.json,329,287,329,287,1,1.1463,False,0,none,none,0,0.0,0,0,,Negative,0.0,,,,,OK,False
mt_exp3_num_304882,MagneticTile,all,train,MagneticTile/ds/img/exp3_num_304882.jpg,MagneticTile/ds/ann/exp3_num_304882.jpg.json,216,265,216,265,1,0.8151,False,0,none,none,0,0.0,0,0,,Negative,0.0,,,,,OK,False
mt_exp3_num_306457,MagneticTile,all,train,MagneticTile/ds/img/exp3_num_306457.jpg,MagneticTile/ds/ann/exp3_num_306457.jpg.json,217,254,217,254,1,0.8543,False,0,none,none,0,0.0,0,0,,Negative,0.0,,,,,OK,False
mt_exp3_num_306622,MagneticTile,all,val,MagneticTile/ds/img/exp3_num_306622.jpg,MagneticTile/ds/ann/exp3_num_306622.jpg.json,358,360,358,360,1,0.9944,False,0,none,none,0,0.0,0,0,,Negative,0.0,,,,,OK,False
mt_exp3_num_308061,MagneticTile,all,test,MagneticTile/ds/img/exp3_num_308061.jpg,MagneticTile/ds/ann/exp3_num_308061.jpg.json,223,279,223,279,1,0.7993,True,1,blowhole,blowhole,38,0.0611,1,38,38,Small,24.49,215,195,219,204,OK,True
mt_exp3_num_308837,MagneticTile,all,train,MagneticTile/ds/img/exp3_num_308837.jpg,MagneticTile/ds/ann/exp3_num_308837.jpg.json,367,358,367,358,1,1.0251,False,0,none,none,0,0.0,0,0,,Negative,0.0,,,,,OK,False
mt_exp3_num_309379,MagneticTile,all,test,MagneticTile/ds/img/exp3_num_309379.jpg,MagneticTile/ds/ann/exp3_num_309379.jpg.json,358,355,358,355,1,1.0085,False,0,none,none,0,0.0,0,0,,Negative,0.0,,,,,OK,False
mt_exp3_num_309681,MagneticTile,all,train,MagneticTile/ds/img/exp3_num_309681.jpg,MagneticTile/ds/ann/exp3_num_309681.jpg.json,218,266,218,266,1,0.8195,False,0,none,none,0,0.0,0,0,,Negative,0.0,,,,,OK,False
mt_exp3_num_311344,MagneticTile,all,train,MagneticTile/ds/img/exp3_num_311344.jpg,MagneticTile/ds/ann/exp3_num_311344.jpg.json,216,268,216,268,1,0.806,False,0,none,none,0,0.0,0,0,,Negative,0.0,,,,,OK,False
mt_exp3_num_31138,MagneticTile,all,train,MagneticTile/ds/img/exp3_num_31138.jpg,MagneticTile/ds/ann/exp3_num_31138.jpg.json,124,281,124,281,1,0.4413,False,0,none,none,0,0.0,0,0,,Negative,0.0,,,,,OK,False
mt_exp3_num_311847,MagneticTile,all,train,MagneticTile/ds/img/exp3_num_311847.jpg,MagneticTile/ds/ann/exp3_num_311847.jpg.json,225,282,225,282,1,0.7979,True,1,uneven,uneven,5017,7.907,1,5017,5017,Large,433.48,9,251,195,281,OK,True
mt_exp3_num_313507,MagneticTile,all,train,MagneticTile/ds/img/exp3_num_313507.jpg,MagneticTile/ds/ann/exp3_num_313507.jpg.json,249,351,249,351,1,0.7094,True,1,uneven,uneven,25300,28.9477,1,25300,25300,Large,716.89,0,0,248,118,OK,True
mt_exp3_num_313866,MagneticTile,all,train,MagneticTile/ds/img/exp3_num_313866.jpg,MagneticTile/ds/ann/exp3_num_313866.jpg.json,246,359,246,359,1,0.6852,False,0,none,none,0,0.0,0,0,,Negative,0.0,,,,,OK,False
mt_exp3_num_315020,MagneticTile,all,train,MagneticTile/ds/img/exp3_num_315020.jpg,MagneticTile/ds/ann/exp3_num_315020.jpg.json,221,273,221,273,1,0.8095,False,0,none,none,0,0.0,0,0,,Negative,0.0,,,,,OK,False
mt_exp3_num_316354,MagneticTile,all,val,MagneticTile/ds/img/exp3_num_316354.jpg,MagneticTile/ds/ann/exp3_num_316354.jpg.json,379,359,379,359,1,1.0557,False,0,none,none,0,0.0,0,0,,Negative,0.0,,,,,OK,False
mt_exp3_num_316726,MagneticTile,all,train,MagneticTile/ds/img/exp3_num_316726.jpg,MagneticTile/ds/ann/exp3_num_316726.jpg.json,352,363,352,363,1,0.9697,False,0,none,none,0,0.0,0,0,,Negative,0.0,,,,,OK,False
mt_exp3_num_317526,MagneticTile,all,train,MagneticTile/ds/img/exp3_num_317526.jpg,MagneticTile/ds/ann/exp3_num_317526.jpg.json,224,265,224,265,1,0.8453,True,1,blowhole,blowhole,116,0.1954,1,116,116,Small,45.21,97,219,112,229,OK,True
mt_exp3_num_317588,MagneticTile,all,train,MagneticTile/ds/img/exp3_num_317588.jpg,MagneticTile/ds/ann/exp3_num_317588.jpg.json,379,345,379,345,1,1.0986,False,0,none,none,0,0.0,0,0,,Negative,0.0,,,,,OK,False
mt_exp3_num_317925,MagneticTile,all,train,MagneticTile/ds/img/exp3_num_317925.jpg,MagneticTile/ds/ann/exp3_num_317925.jpg.json,351,366,351,366,1,0.959,False,0,none,none,0,0.0,0,0,,Negative,0.0,,,,,OK,False
mt_exp3_num_319346,MagneticTile,all,train,MagneticTile/ds/img/exp3_num_319346.jpg,MagneticTile/ds/ann/exp3_num_319346.jpg.json,369,371,369,371,1,0.9946,False,0,none,none,0,0.0,0,0,,Negative,0.0,,,,,OK,False
mt_exp3_num_319456,MagneticTile,all,train,MagneticTile/ds/img/exp3_num_319456.jpg,MagneticTile/ds/ann/exp3_num_319456.jpg.json,218,273,218,273,1,0.7985,False,0,none,none,0,0.0,0,0,,Negative,0.0,,,,,OK,False
mt_exp3_num_319713,MagneticTile,all,train,MagneticTile/ds/img/exp3_num_319713.jpg,MagneticTile/ds/ann/exp3_num_319713.jpg.json,340,370,340,370,1,0.9189,False,0,none,none,0,0.0,0,0,,Negative,0.0,,,,,OK,False
mt_exp3_num_320486,MagneticTile,all,train,MagneticTile/ds/img/exp3_num_320486.jpg,MagneticTile/ds/ann/exp3_num_320486.jpg.json,361,364,361,364,1,0.9918,False,0,none,none,0,0.0,0,0,,Negative,0.0,,,,,OK,False
mt_exp3_num_320689,MagneticTile,all,test,MagneticTile/ds/img/exp3_num_320689.jpg,MagneticTile/ds/ann/exp3_num_320689.jpg.json,202,265,202,265,1,0.7623,True,1,break,break,141,0.2634,1,141,141,Small,112.61,171,221,191,245,OK,True
mt_exp3_num_320833,MagneticTile,all,train,MagneticTile/ds/img/exp3_num_320833.jpg,MagneticTile/ds/ann/exp3_num_320833.jpg.json,363,359,363,359,1,1.0111,False,0,none,none,0,0.0,0,0,,Negative,0.0,,,,,OK,False
mt_exp3_num_321466,MagneticTile,all,train,MagneticTile/ds/img/exp3_num_321466.jpg,MagneticTile/ds/ann/exp3_num_321466.jpg.json,376,365,376,365,1,1.0301,False,0,none,none,0,0.0,0,0,,Negative,0.0,,,,,OK,False
mt_exp3_num_32171,MagneticTile,all,train,MagneticTile/ds/img/exp3_num_32171.jpg,MagneticTile/ds/ann/exp3_num_32171.jpg.json,120,276,120,276,1,0.4348,True,1,crack,crack,363,1.096,1,363,363,Small,137.44,3,240,41,275,OK,True
mt_exp3_num_3223,MagneticTile,all,val,MagneticTile/ds/img/exp3_num_3223.jpg,MagneticTile/ds/ann/exp3_num_3223.jpg.json,456,377,456,377,1,1.2095,True,1,crack,crack,672,0.3909,1,672,672,Small,258.61,342,0,362,108,OK,True
mt_exp3_num_322643,MagneticTile,all,train,MagneticTile/ds/img/exp3_num_322643.jpg,MagneticTile/ds/ann/exp3_num_322643.jpg.json,213,261,213,261,1,0.8161,True,1,blowhole,blowhole,170,0.3058,1,170,170,Small,59.21,191,192,202,213,OK,True
mt_exp3_num_323352,MagneticTile,all,train,MagneticTile/ds/img/exp3_num_323352.jpg,MagneticTile/ds/ann/exp3_num_323352.jpg.json,220,272,220,272,1,0.8088,False,0,none,none,0,0.0,0,0,,Negative,0.0,,,,,OK,False
mt_exp3_num_326615,MagneticTile,all,train,MagneticTile/ds/img/exp3_num_326615.jpg,MagneticTile/ds/ann/exp3_num_326615.jpg.json,369,369,369,369,1,1.0,False,0,none,none,0,0.0,0,0,,Negative,0.0,,,,,OK,False
mt_exp3_num_326938,MagneticTile,all,train,MagneticTile/ds/img/exp3_num_326938.jpg,MagneticTile/ds/ann/exp3_num_326938.jpg.json,364,367,364,367,1,0.9918,False,0,none,none,0,0.0,0,0,,Negative,0.0,,,,,OK,False
mt_exp3_num_328014,MagneticTile,all,train,MagneticTile/ds/img/exp3_num_328014.jpg,MagneticTile/ds/ann/exp3_num_328014.jpg.json,355,348,355,348,1,1.0201,True,1,blowhole,blowhole,113,0.0915,1,113,113,Small,44.73,48,68,57,83,OK,True
mt_exp3_num_329247,MagneticTile,all,test,MagneticTile/ds/img/exp3_num_329247.jpg,MagneticTile/ds/ann/exp3_num_329247.jpg.json,371,367,371,367,1,1.0109,False,0,none,none,0,0.0,0,0,,Negative,0.0,,,,,OK,False
mt_exp3_num_331190,MagneticTile,all,train,MagneticTile/ds/img/exp3_num_331190.jpg,MagneticTile/ds/ann/exp3_num_331190.jpg.json,354,352,354,352,1,1.0057,False,0,none,none,0,0.0,0,0,,Negative,0.0,,,,,OK,False
mt_exp3_num_331958,MagneticTile,all,train,MagneticTile/ds/img/exp3_num_331958.jpg,MagneticTile/ds/ann/exp3_num_331958.jpg.json,357,347,357,347,1,1.0288,False,0,none,none,0,0.0,0,0,,Negative,0.0,,,,,OK,False
mt_exp3_num_332719,MagneticTile,all,test,MagneticTile/ds/img/exp3_num_332719.jpg,MagneticTile/ds/ann/exp3_num_332719.jpg.json,293,344,293,344,1,0.8517,False,0,none,none,0,0.0,0,0,,Negative,0.0,,,,,OK,False
mt_exp3_num_33395,MagneticTile,all,train,MagneticTile/ds/img/exp3_num_33395.jpg,MagneticTile/ds/ann/exp3_num_33395.jpg.json,524,326,524,326,1,1.6074,True,1,uneven,uneven,19392,11.352,1,19392,19392,Large,716.21,256,0,523,82,OK,True
mt_exp3_num_337688,MagneticTile,all,val,MagneticTile/ds/img/exp3_num_337688.jpg,MagneticTile/ds/ann/exp3_num_337688.jpg.json,479,371,479,371,1,1.2911,False,0,none,none,0,0.0,0,0,,Negative,0.0,,,,,OK,False
mt_exp3_num_338885,MagneticTile,all,train,MagneticTile/ds/img/exp3_num_338885.jpg,MagneticTile/ds/ann/exp3_num_338885.jpg.json,488,361,488,361,1,1.3518,False,0,none,none,0,0.0,0,0,,Negative,0.0,,,,,OK,False
mt_exp3_num_339854,MagneticTile,all,train,MagneticTile/ds/img/exp3_num_339854.jpg,MagneticTile/ds/ann/exp3_num_339854.jpg.json,404,377,404,377,1,1.0716,True,1,crack,crack,256,0.1681,1,256,256,Small,105.7,111,3,118,48,OK,True
mt_exp3_num_34117,MagneticTile,all,train,MagneticTile/ds/img/exp3_num_34117.jpg,MagneticTile/ds/ann/exp3_num_34117.jpg.json,503,317,503,317,1,1.5868,False,0,none,none,0,0.0,0,0,,Negative,0.0,,,,,OK,False
mt_exp3_num_342176,MagneticTile,all,train,MagneticTile/ds/img/exp3_num_342176.jpg,MagneticTile/ds/ann/exp3_num_342176.jpg.json,428,392,428,392,1,1.0918,True,2,crack,crack,728,0.4339,2,379,379;349,Small,308.45,210,1,300,71,OK,True
mt_exp3_num_342889,MagneticTile,all,train,MagneticTile/ds/img/exp3_num_342889.jpg,MagneticTile/ds/ann/exp3_num_342889.jpg.json,498,368,498,368,1,1.3533,False,0,none,none,0,0.0,0,0,,Negative,0.0,,,,,OK,False
mt_exp3_num_344580,MagneticTile,all,train,MagneticTile/ds/img/exp3_num_344580.jpg,MagneticTile/ds/ann/exp3_num_344580.jpg.json,485,357,485,357,1,1.3585,False,0,none,none,0,0.0,0,0,,Negative,0.0,,,,,OK,False
mt_exp3_num_346347,MagneticTile,all,test,MagneticTile/ds/img/exp3_num_346347.jpg,MagneticTile/ds/ann/exp3_num_346347.jpg.json,512,375,512,375,1,1.3653,True,1,blowhole,blowhole,59,0.0307,1,59,59,Small,26.49,289,58,297,65,OK,True
mt_exp3_num_348661,MagneticTile,all,train,MagneticTile/ds/img/exp3_num_348661.jpg,MagneticTile/ds/ann/exp3_num_348661.jpg.json,509,384,509,384,1,1.3255,True,1,break,break,458,0.2343,1,458,458,Small,159.24,25,11,62,38,OK,True
mt_exp3_num_349856,MagneticTile,all,val,MagneticTile/ds/img/exp3_num_349856.jpg,MagneticTile/ds/ann/exp3_num_349856.jpg.json,478,363,478,363,1,1.3168,False,0,none,none,0,0.0,0,0,,Negative,0.0,,,,,OK,False
mt_exp3_num_351078,MagneticTile,all,train,MagneticTile/ds/img/exp3_num_351078.jpg,MagneticTile/ds/ann/exp3_num_351078.jpg.json,482,359,482,359,1,1.3426,False,0,none,none,0,0.0,0,0,,Negative,0.0,,,,,OK,False
mt_exp3_num_351463,MagneticTile,all,train,MagneticTile/ds/img/exp3_num_351463.jpg,MagneticTile/ds/ann/exp3_num_351463.jpg.json,509,364,509,364,1,1.3984,False,0,none,none,0,0.0,0,0,,Negative,0.0,,,,,OK,False
mt_exp3_num_352516,MagneticTile,all,train,MagneticTile/ds/img/exp3_num_352516.jpg,MagneticTile/ds/ann/exp3_num_352516.jpg.json,509,380,509,380,1,1.3395,True,1,uneven,uneven,9176,4.7441,1,9176,9176,Large,379.78,406,280,508,379,OK,True
mt_exp3_num_3539,MagneticTile,all,val,MagneticTile/ds/img/exp3_num_3539.jpg,MagneticTile/ds/ann/exp3_num_3539.jpg.json,131,268,131,268,1,0.4888,False,0,none,none,0,0.0,0,0,,Negative,0.0,,,,,OK,False
mt_exp3_num_354417,MagneticTile,all,train,MagneticTile/ds/img/exp3_num_354417.jpg,MagneticTile/ds/ann/exp3_num_354417.jpg.json,501,359,501,359,1,1.3955,False,0,none,none,0,0.0,0,0,,Negative,0.0,,,,,OK,False
mt_exp3_num_355669,MagneticTile,all,train,MagneticTile/ds/img/exp3_num_355669.jpg,MagneticTile/ds/ann/exp3_num_355669.jpg.json,480,372,480,372,1,1.2903,False,0,none,none,0,0.0,0,0,,Negative,0.0,,,,,OK,False
mt_exp3_num_356756,MagneticTile,all,train,MagneticTile/ds/img/exp3_num_356756.jpg,MagneticTile/ds/ann/exp3_num_356756.jpg.json,503,382,503,382,1,1.3168,True,1,break,break,823,0.4283,1,823,823,Small,181.72,443,350,500,374,OK,True
mt_exp3_num_358127,MagneticTile,all,train,MagneticTile/ds/img/exp3_num_358127.jpg,MagneticTile/ds/ann/exp3_num_358127.jpg.json,468,376,468,376,1,1.2447,False,0,none,none,0,0.0,0,0,,Negative,0.0,,,,,OK,False
mt_exp3_num_358972,MagneticTile,all,val,MagneticTile/ds/img/exp3_num_358972.jpg,MagneticTile/ds/ann/exp3_num_358972.jpg.json,488,357,488,357,1,1.3669,False,0,none,none,0,0.0,0,0,,Negative,0.0,,,,,OK,False
mt_exp3_num_359489,MagneticTile,all,train,MagneticTile/ds/img/exp3_num_359489.jpg,MagneticTile/ds/ann/exp3_num_359489.jpg.json,499,379,499,379,1,1.3166,False,0,none,none,0,0.0,0,0,,Negative,0.0,,,,,OK,False
mt_exp3_num_36246,MagneticTile,all,val,MagneticTile/ds/img/exp3_num_36246.jpg,MagneticTile/ds/ann/exp3_num_36246.jpg.json,117,283,117,283,1,0.4134,True,1,blowhole,blowhole,233,0.7037,1,233,233,Small,65.11,66,85,84,106,OK,True
mt_exp3_num_37056,MagneticTile,all,train,MagneticTile/ds/img/exp3_num_37056.jpg,MagneticTile/ds/ann/exp3_num_37056.jpg.json,123,279,123,279,1,0.4409,False,0,none,none,0,0.0,0,0,,Negative,0.0,,,,,OK,False
mt_exp3_num_3710,MagneticTile,all,train,MagneticTile/ds/img/exp3_num_3710.jpg,MagneticTile/ds/ann/exp3_num_3710.jpg.json,480,367,480,367,1,1.3079,True,1,blowhole,blowhole,117,0.0664,1,117,117,Small,37.56,277,54,288,65,OK,True
mt_exp3_num_37278,MagneticTile,all,val,MagneticTile/ds/img/exp3_num_37278.jpg,MagneticTile/ds/ann/exp3_num_37278.jpg.json,517,327,517,327,1,1.581,False,0,none,none,0,0.0,0,0,,Negative,0.0,,,,,OK,False
mt_exp3_num_37556,MagneticTile,all,train,MagneticTile/ds/img/exp3_num_37556.jpg,MagneticTile/ds/ann/exp3_num_37556.jpg.json,128,283,128,283,1,0.4523,False,0,none,none,0,0.0,0,0,,Negative,0.0,,,,,OK,False
mt_exp3_num_38023,MagneticTile,all,train,MagneticTile/ds/img/exp3_num_38023.jpg,MagneticTile/ds/ann/exp3_num_38023.jpg.json,522,321,522,321,1,1.6262,False,0,none,none,0,0.0,0,0,,Negative,0.0,,,,,OK,False
mt_exp3_num_3828,MagneticTile,all,train,MagneticTile/ds/img/exp3_num_3828.jpg,MagneticTile/ds/ann/exp3_num_3828.jpg.json,114,273,114,273,1,0.4176,False,0,none,none,0,0.0,0,0,,Negative,0.0,,,,,OK,False
mt_exp3_num_39447,MagneticTile,all,train,MagneticTile/ds/img/exp3_num_39447.jpg,MagneticTile/ds/ann/exp3_num_39447.jpg.json,123,286,123,286,1,0.4301,False,0,none,none,0,0.0,0,0,,Negative,0.0,,,,,OK,False
mt_exp3_num_40438,MagneticTile,all,train,MagneticTile/ds/img/exp3_num_40438.jpg,MagneticTile/ds/ann/exp3_num_40438.jpg.json,116,290,116,290,1,0.4,True,1,blowhole,blowhole,132,0.3924,1,132,132,Small,43.31,47,142,62,151,OK,True
mt_exp3_num_43853,MagneticTile,all,train,MagneticTile/ds/img/exp3_num_43853.jpg,MagneticTile/ds/ann/exp3_num_43853.jpg.json,523,327,523,327,1,1.5994,False,0,none,none,0,0.0,0,0,,Negative,0.0,,,,,OK,False
mt_exp3_num_45042,MagneticTile,all,train,MagneticTile/ds/img/exp3_num_45042.jpg,MagneticTile/ds/ann/exp3_num_45042.jpg.json,510,338,510,338,1,1.5089,False,0,none,none,0,0.0,0,0,,Negative,0.0,,,,,OK,False
mt_exp3_num_4764,MagneticTile,all,val,MagneticTile/ds/img/exp3_num_4764.jpg,MagneticTile/ds/ann/exp3_num_4764.jpg.json,121,290,121,290,1,0.4172,True,1,blowhole,blowhole,175,0.4987,1,175,175,Small,56.28,21,262,39,275,OK,True
mt_exp3_num_4978,MagneticTile,all,train,MagneticTile/ds/img/exp3_num_4978.jpg,MagneticTile/ds/ann/exp3_num_4978.jpg.json,114,286,114,286,1,0.3986,True,1,blowhole,blowhole,130,0.3987,1,130,130,Small,57.7,54,240,73,255,OK,True
mt_exp3_num_50415,MagneticTile,all,train,MagneticTile/ds/img/exp3_num_50415.jpg,MagneticTile/ds/ann/exp3_num_50415.jpg.json,523,317,523,317,1,1.6498,False,0,none,none,0,0.0,0,0,,Negative,0.0,,,,,OK,False
mt_exp3_num_51112,MagneticTile,all,train,MagneticTile/ds/img/exp3_num_51112.jpg,MagneticTile/ds/ann/exp3_num_51112.jpg.json,523,325,523,325,1,1.6092,False,0,none,none,0,0.0,0,0,,Negative,0.0,,,,,OK,False
mt_exp3_num_51711,MagneticTile,all,train,MagneticTile/ds/img/exp3_num_51711.jpg,MagneticTile/ds/ann/exp3_num_51711.jpg.json,118,284,118,284,1,0.4155,True,1,blowhole,blowhole,69,0.2059,1,69,69,Small,32.97,36,31,48,39,OK,True
mt_exp3_num_52702,MagneticTile,all,train,MagneticTile/ds/img/exp3_num_52702.jpg,MagneticTile/ds/ann/exp3_num_52702.jpg.json,117,290,117,290,1,0.4034,False,0,none,none,0,0.0,0,0,,Negative,0.0,,,,,OK,False
mt_exp3_num_53038,MagneticTile,all,train,MagneticTile/ds/img/exp3_num_53038.jpg,MagneticTile/ds/ann/exp3_num_53038.jpg.json,520,338,520,338,1,1.5385,False,0,none,none,0,0.0,0,0,,Negative,0.0,,,,,OK,False
mt_exp3_num_54145,MagneticTile,all,test,MagneticTile/ds/img/exp3_num_54145.jpg,MagneticTile/ds/ann/exp3_num_54145.jpg.json,529,332,529,332,1,1.5934,False,0,none,none,0,0.0,0,0,,Negative,0.0,,,,,OK,False
mt_exp3_num_54291,MagneticTile,all,train,MagneticTile/ds/img/exp3_num_54291.jpg,MagneticTile/ds/ann/exp3_num_54291.jpg.json,122,274,122,274,1,0.4453,True,1,blowhole,blowhole,159,0.4756,1,159,159,Small,53.56,31,21,41,41,OK,True
mt_exp3_num_54942,MagneticTile,all,train,MagneticTile/ds/img/exp3_num_54942.jpg,MagneticTile/ds/ann/exp3_num_54942.jpg.json,132,300,132,300,1,0.44,False,0,none,none,0,0.0,0,0,,Negative,0.0,,,,,OK,False
mt_exp3_num_557,MagneticTile,all,train,MagneticTile/ds/img/exp3_num_557.jpg,MagneticTile/ds/ann/exp3_num_557.jpg.json,125,289,125,289,1,0.4325,True,1,uneven,uneven,9141,25.3038,1,9141,9141,Large,402.53,0,0,124,75,OK,True
mt_exp3_num_5941,MagneticTile,all,train,MagneticTile/ds/img/exp3_num_5941.jpg,MagneticTile/ds/ann/exp3_num_5941.jpg.json,519,330,519,330,1,1.5727,False,0,none,none,0,0.0,0,0,,Negative,0.0,,,,,OK,False
mt_exp3_num_61338,MagneticTile,all,val,MagneticTile/ds/img/exp3_num_61338.jpg,MagneticTile/ds/ann/exp3_num_61338.jpg.json,126,281,126,281,1,0.4484,False,0,none,none,0,0.0,0,0,,Negative,0.0,,,,,OK,False
mt_exp3_num_62592,MagneticTile,all,val,MagneticTile/ds/img/exp3_num_62592.jpg,MagneticTile/ds/ann/exp3_num_62592.jpg.json,123,280,123,280,1,0.4393,True,2,break,break,1479,4.2944,2,1467,1467;12,Medium,218.57,81,0,113,66,OK,True
mt_exp3_num_65031,MagneticTile,all,train,MagneticTile/ds/img/exp3_num_65031.jpg,MagneticTile/ds/ann/exp3_num_65031.jpg.json,531,336,531,336,1,1.5804,False,0,none,none,0,0.0,0,0,,Negative,0.0,,,,,OK,False
mt_exp3_num_6541,MagneticTile,all,test,MagneticTile/ds/img/exp3_num_6541.jpg,MagneticTile/ds/ann/exp3_num_6541.jpg.json,516,388,516,388,1,1.3299,False,0,none,none,0,0.0,0,0,,Negative,0.0,,,,,OK,False
mt_exp3_num_6571,MagneticTile,all,train,MagneticTile/ds/img/exp3_num_6571.jpg,MagneticTile/ds/ann/exp3_num_6571.jpg.json,125,286,125,286,1,0.4371,False,0,none,none,0,0.0,0,0,,Negative,0.0,,,,,OK,False
mt_exp3_num_68398,MagneticTile,all,train,MagneticTile/ds/img/exp3_num_68398.jpg,MagneticTile/ds/ann/exp3_num_68398.jpg.json,133,300,133,300,1,0.4433,False,0,none,none,0,0.0,0,0,,Negative,0.0,,,,,OK,False
mt_exp3_num_69845,MagneticTile,all,train,MagneticTile/ds/img/exp3_num_69845.jpg,MagneticTile/ds/ann/exp3_num_69845.jpg.json,126,287,126,287,1,0.439,False,0,none,none,0,0.0,0,0,,Negative,0.0,,,,,OK,False
mt_exp3_num_7023,MagneticTile,all,train,MagneticTile/ds/img/exp3_num_7023.jpg,MagneticTile/ds/ann/exp3_num_7023.jpg.json,477,365,477,365,1,1.3068,True,1,blowhole,blowhole,182,0.1045,1,182,182,Small,51.46,353,267,368,282,OK,True
mt_exp3_num_70527,MagneticTile,all,train,MagneticTile/ds/img/exp3_num_70527.jpg,MagneticTile/ds/ann/exp3_num_70527.jpg.json,116,292,116,292,1,0.3973,False,0,none,none,0,0.0,0,0,,Negative,0.0,,,,,OK,False
mt_exp3_num_71224,MagneticTile,all,test,MagneticTile/ds/img/exp3_num_71224.jpg,MagneticTile/ds/ann/exp3_num_71224.jpg.json,130,286,130,286,1,0.4545,False,0,none,none,0,0.0,0,0,,Negative,0.0,,,,,OK,False
mt_exp3_num_75119,MagneticTile,all,test,MagneticTile/ds/img/exp3_num_75119.jpg,MagneticTile/ds/ann/exp3_num_75119.jpg.json,591,256,591,256,1,2.3086,False,0,none,none,0,0.0,0,0,,Negative,0.0,,,,,OK,False
mt_exp3_num_77583,MagneticTile,all,train,MagneticTile/ds/img/exp3_num_77583.jpg,MagneticTile/ds/ann/exp3_num_77583.jpg.json,602,232,602,232,1,2.5948,True,2,break,break,11991,8.5856,2,10446,10446;1545,Large,906.39,0,11,592,231,OK,True
mt_exp3_num_7899,MagneticTile,all,train,MagneticTile/ds/img/exp3_num_7899.jpg,MagneticTile/ds/ann/exp3_num_7899.jpg.json,119,287,119,287,1,0.4146,False,0,none,none,0,0.0,0,0,,Negative,0.0,,,,,OK,False
mt_exp3_num_853,MagneticTile,all,test,MagneticTile/ds/img/exp3_num_853.jpg,MagneticTile/ds/ann/exp3_num_853.jpg.json,490,360,490,360,1,1.3611,True,1,blowhole,blowhole,399,0.2262,1,399,399,Small,81.11,456,333,473,359,OK,True
mt_exp3_num_85897,MagneticTile,all,test,MagneticTile/ds/img/exp3_num_85897.jpg,MagneticTile/ds/ann/exp3_num_85897.jpg.json,606,245,606,245,1,2.4735,True,1,crack,crack,549,0.3698,1,549,549,Small,213.7,322,145,330,244,OK,True
mt_exp3_num_86892,MagneticTile,all,val,MagneticTile/ds/img/exp3_num_86892.jpg,MagneticTile/ds/ann/exp3_num_86892.jpg.json,606,245,606,245,1,2.4735,True,1,crack,crack,506,0.3408,1,506,506,Small,205.56,324,146,329,244,OK,True
mt_exp3_num_91008,MagneticTile,all,train,MagneticTile/ds/img/exp3_num_91008.jpg,MagneticTile/ds/ann/exp3_num_91008.jpg.json,602,244,602,244,1,2.4672,False,0,none,none,0,0.0,0,0,,Negative,0.0,,,,,OK,False
mt_exp3_num_913,MagneticTile,all,test,MagneticTile/ds/img/exp3_num_913.jpg,MagneticTile/ds/ann/exp3_num_913.jpg.json,242,293,242,293,1,0.8259,False,0,none,none,0,0.0,0,0,,Negative,0.0,,,,,OK,False
mt_exp3_num_94938,MagneticTile,all,train,MagneticTile/ds/img/exp3_num_94938.jpg,MagneticTile/ds/ann/exp3_num_94938.jpg.json,609,262,609,262,1,2.3244,False,0,none,none,0,0.0,0,0,,Negative,0.0,,,,,OK,False
mt_exp3_num_9508,MagneticTile,all,test,MagneticTile/ds/img/exp3_num_9508.jpg,MagneticTile/ds/ann/exp3_num_9508.jpg.json,388,398,388,398,1,0.9749,True,1,blowhole,blowhole,95,0.0615,1,95,95,Small,34.73,120,10,132,18,OK,True
mt_exp3_num_98116,MagneticTile,all,train,MagneticTile/ds/img/exp3_num_98116.jpg,MagneticTile/ds/ann/exp3_num_98116.jpg.json,450,304,450,304,1,1.4803,True,5,break,break,3216,2.3509,5,1615,1615;881;473;169;78,Medium,732.38,155,0,429,301,OK,True
mt_exp4_num_10227,MagneticTile,all,train,MagneticTile/ds/img/exp4_num_10227.jpg,MagneticTile/ds/ann/exp4_num_10227.jpg.json,509,376,509,376,1,1.3537,False,0,none,none,0,0.0,0,0,,Negative,0.0,,,,,OK,False
mt_exp4_num_105851,MagneticTile,all,test,MagneticTile/ds/img/exp4_num_105851.jpg,MagneticTile/ds/ann/exp4_num_105851.jpg.json,618,278,618,278,1,2.223,True,1,break,break,1182,0.688,1,1182,1182,Medium,381.14,591,51,607,175,OK,True
mt_exp4_num_106203,MagneticTile,all,train,MagneticTile/ds/img/exp4_num_106203.jpg,MagneticTile/ds/ann/exp4_num_106203.jpg.json,251,356,251,356,1,0.7051,False,0,none,none,0,0.0,0,0,,Negative,0.0,,,,,OK,False
mt_exp4_num_10642,MagneticTile,all,train,MagneticTile/ds/img/exp4_num_10642.jpg,MagneticTile/ds/ann/exp4_num_10642.jpg.json,524,337,524,337,1,1.5549,False,0,none,none,0,0.0,0,0,,Negative,0.0,,,,,OK,False
mt_exp4_num_106801,MagneticTile,all,train,MagneticTile/ds/img/exp4_num_106801.jpg,MagneticTile/ds/ann/exp4_num_106801.jpg.json,258,355,258,355,1,0.7268,False,0,none,none,0,0.0,0,0,,Negative,0.0,,,,,OK,False
mt_exp4_num_108774,MagneticTile,all,train,MagneticTile/ds/img/exp4_num_108774.jpg,MagneticTile/ds/ann/exp4_num_108774.jpg.json,254,381,254,381,1,0.6667,True,1,blowhole,blowhole,137,0.1416,1,137,137,Small,59.7,125,214,133,237,OK,True
mt_exp4_num_109286,MagneticTile,all,train,MagneticTile/ds/img/exp4_num_109286.jpg,MagneticTile/ds/ann/exp4_num_109286.jpg.json,607,267,607,267,1,2.2734,True,1,uneven,uneven,71554,44.1503,1,71554,71554,Large,1485.26,0,127,606,266,OK,True
mt_exp4_num_10957,MagneticTile,all,val,MagneticTile/ds/img/exp4_num_10957.jpg,MagneticTile/ds/ann/exp4_num_10957.jpg.json,512,355,512,355,1,1.4423,False,0,none,none,0,0.0,0,0,,Negative,0.0,,,,,OK,False
mt_exp4_num_110151,MagneticTile,all,train,MagneticTile/ds/img/exp4_num_110151.jpg,MagneticTile/ds/ann/exp4_num_110151.jpg.json,600,255,600,255,1,2.3529,False,0,none,none,0,0.0,0,0,,Negative,0.0,,,,,OK,False
mt_exp4_num_11314,MagneticTile,all,train,MagneticTile/ds/img/exp4_num_11314.jpg,MagneticTile/ds/ann/exp4_num_11314.jpg.json,479,364,479,364,1,1.3159,False,0,none,none,0,0.0,0,0,,Negative,0.0,,,,,OK,False
mt_exp4_num_114433,MagneticTile,all,train,MagneticTile/ds/img/exp4_num_114433.jpg,MagneticTile/ds/ann/exp4_num_114433.jpg.json,253,372,253,372,1,0.6801,False,0,none,none,0,0.0,0,0,,Negative,0.0,,,,,OK,False
mt_exp4_num_116311,MagneticTile,all,train,MagneticTile/ds/img/exp4_num_116311.jpg,MagneticTile/ds/ann/exp4_num_116311.jpg.json,604,258,604,258,1,2.3411,False,0,none,none,0,0.0,0,0,,Negative,0.0,,,,,OK,False
mt_exp4_num_116553,MagneticTile,all,train,MagneticTile/ds/img/exp4_num_116553.jpg,MagneticTile/ds/ann/exp4_num_116553.jpg.json,298,358,298,358,1,0.8324,True,1,crack,crack,412,0.3862,1,412,412,Small,154.02,68,44,106,88,OK,True
mt_exp4_num_116999,MagneticTile,all,test,MagneticTile/ds/img/exp4_num_116999.jpg,MagneticTile/ds/ann/exp4_num_116999.jpg.json,606,269,606,269,1,2.2528,True,2,break,break,3710,2.2759,2,3698,3698;12,Medium,362.12,0,52,36,192,OK,True
mt_exp4_num_117012,MagneticTile,all,val,MagneticTile/ds/img/exp4_num_117012.jpg,MagneticTile/ds/ann/exp4_num_117012.jpg.json,302,313,302,313,1,0.9649,False,0,none,none,0,0.0,0,0,,Negative,0.0,,,,,OK,False
mt_exp4_num_118925,MagneticTile,all,train,MagneticTile/ds/img/exp4_num_118925.jpg,MagneticTile/ds/ann/exp4_num_118925.jpg.json,598,248,598,248,1,2.4113,False,0,none,none,0,0.0,0,0,,Negative,0.0,,,,,OK,False
mt_exp4_num_124690,MagneticTile,all,val,MagneticTile/ds/img/exp4_num_124690.jpg,MagneticTile/ds/ann/exp4_num_124690.jpg.json,608,259,608,259,1,2.3475,False,0,none,none,0,0.0,0,0,,Negative,0.0,,,,,OK,False
mt_exp4_num_126353,MagneticTile,all,train,MagneticTile/ds/img/exp4_num_126353.jpg,MagneticTile/ds/ann/exp4_num_126353.jpg.json,307,335,307,335,1,0.9164,False,0,none,none,0,0.0,0,0,,Negative,0.0,,,,,OK,False
mt_exp4_num_126840,MagneticTile,all,train,MagneticTile/ds/img/exp4_num_126840.jpg,MagneticTile/ds/ann/exp4_num_126840.jpg.json,307,340,307,340,1,0.9029,False,0,none,none,0,0.0,0,0,,Negative,0.0,,,,,OK,False
mt_exp4_num_127690,MagneticTile,all,train,MagneticTile/ds/img/exp4_num_127690.jpg,MagneticTile/ds/ann/exp4_num_127690.jpg.json,301,343,301,343,1,0.8776,False,0,none,none,0,0.0,0,0,,Negative,0.0,,,,,OK,False
mt_exp4_num_128120,MagneticTile,all,train,MagneticTile/ds/img/exp4_num_128120.jpg,MagneticTile/ds/ann/exp4_num_128120.jpg.json,317,346,317,346,1,0.9162,False,0,none,none,0,0.0,0,0,,Negative,0.0,,,,,OK,False
mt_exp4_num_129083,MagneticTile,all,val,MagneticTile/ds/img/exp4_num_129083.jpg,MagneticTile/ds/ann/exp4_num_129083.jpg.json,264,372,264,372,1,0.7097,True,1,uneven,uneven,12828,13.0621,1,12828,12828,Large,648.74,0,0,263,50,OK,True
mt_exp4_num_129654,MagneticTile,all,train,MagneticTile/ds/img/exp4_num_129654.jpg,MagneticTile/ds/ann/exp4_num_129654.jpg.json,251,377,251,377,1,0.6658,False,0,none,none,0,0.0,0,0,,Negative,0.0,,,,,OK,False
mt_exp4_num_135615,MagneticTile,all,train,MagneticTile/ds/img/exp4_num_135615.jpg,MagneticTile/ds/ann/exp4_num_135615.jpg.json,603,252,603,252,1,2.3929,True,1,fray,fray,1191,0.7838,1,1191,1191,Medium,252.51,49,221,138,251,OK,True
mt_exp4_num_13589,MagneticTile,all,train,MagneticTile/ds/img/exp4_num_13589.jpg,MagneticTile/ds/ann/exp4_num_13589.jpg.json,513,339,513,339,1,1.5133,False,0,none,none,0,0.0,0,0,,Negative,0.0,,,,,OK,False
mt_exp4_num_136676,MagneticTile,all,train,MagneticTile/ds/img/exp4_num_136676.jpg,MagneticTile/ds/ann/exp4_num_136676.jpg.json,616,230,616,230,1,2.6783,True,1,fray,fray,21707,15.3211,1,21707,21707,Large,624.1,210,21,402,172,OK,True
mt_exp4_num_138670,MagneticTile,all,train,MagneticTile/ds/img/exp4_num_138670.jpg,MagneticTile/ds/ann/exp4_num_138670.jpg.json,609,253,609,253,1,2.4071,False,0,none,none,0,0.0,0,0,,Negative,0.0,,,,,OK,False
mt_exp4_num_139856,MagneticTile,all,train,MagneticTile/ds/img/exp4_num_139856.jpg,MagneticTile/ds/ann/exp4_num_139856.jpg.json,602,246,602,246,1,2.4472,True,1,uneven,uneven,16739,11.3031,1,16739,16739,Large,547.48,95,156,298,245,OK,True
mt_exp4_num_143255,MagneticTile,all,train,MagneticTile/ds/img/exp4_num_143255.jpg,MagneticTile/ds/ann/exp4_num_143255.jpg.json,584,250,584,250,1,2.336,False,0,none,none,0,0.0,0,0,,Negative,0.0,,,,,OK,False
mt_exp4_num_144227,MagneticTile,all,train,MagneticTile/ds/img/exp4_num_144227.jpg,MagneticTile/ds/ann/exp4_num_144227.jpg.json,564,257,564,257,1,2.1946,False,0,none,none,0,0.0,0,0,,Negative,0.0,,,,,OK,False
mt_exp4_num_147986,MagneticTile,all,train,MagneticTile/ds/img/exp4_num_147986.jpg,MagneticTile/ds/ann/exp4_num_147986.jpg.json,593,235,593,235,1,2.5234,False,0,none,none,0,0.0,0,0,,Negative,0.0,,,,,OK,False
mt_exp4_num_148998,MagneticTile,all,val,MagneticTile/ds/img/exp4_num_148998.jpg,MagneticTile/ds/ann/exp4_num_148998.jpg.json,580,222,580,222,1,2.6126,False,0,none,none,0,0.0,0,0,,Negative,0.0,,,,,OK,False
mt_exp4_num_154613,MagneticTile,all,train,MagneticTile/ds/img/exp4_num_154613.jpg,MagneticTile/ds/ann/exp4_num_154613.jpg.json,188,319,188,319,1,0.5893,False,0,none,none,0,0.0,0,0,,Negative,0.0,,,,,OK,False
mt_exp4_num_155384,MagneticTile,all,train,MagneticTile/ds/img/exp4_num_155384.jpg,MagneticTile/ds/ann/exp4_num_155384.jpg.json,186,303,186,303,1,0.6139,True,1,uneven,uneven,25483,45.2163,1,25483,25483,Large,656.07,0,164,185,302,OK,True
mt_exp4_num_157245,MagneticTile,all,train,MagneticTile/ds/img/exp4_num_157245.jpg,MagneticTile/ds/ann/exp4_num_157245.jpg.json,197,328,197,328,1,0.6006,False,0,none,none,0,0.0,0,0,,Negative,0.0,,,,,OK,False
mt_exp4_num_157789,MagneticTile,all,val,MagneticTile/ds/img/exp4_num_157789.jpg,MagneticTile/ds/ann/exp4_num_157789.jpg.json,193,322,193,322,1,0.5994,False,0,none,none,0,0.0,0,0,,Negative,0.0,,,,,OK,False
mt_exp4_num_165425,MagneticTile,all,train,MagneticTile/ds/img/exp4_num_165425.jpg,MagneticTile/ds/ann/exp4_num_165425.jpg.json,203,321,203,321,1,0.6324,False,0,none,none,0,0.0,0,0,,Negative,0.0,,,,,OK,False
mt_exp4_num_16575,MagneticTile,all,train,MagneticTile/ds/img/exp4_num_16575.jpg,MagneticTile/ds/ann/exp4_num_16575.jpg.json,533,310,533,310,1,1.7194,False,0,none,none,0,0.0,0,0,,Negative,0.0,,,,,OK,False
mt_exp4_num_166238,MagneticTile,all,train,MagneticTile/ds/img/exp4_num_166238.jpg,MagneticTile/ds/ann/exp4_num_166238.jpg.json,201,321,201,321,1,0.6262,False,0,none,none,0,0.0,0,0,,Negative,0.0,,,,,OK,False
mt_exp4_num_172304,MagneticTile,all,test,MagneticTile/ds/img/exp4_num_172304.jpg,MagneticTile/ds/ann/exp4_num_172304.jpg.json,183,318,183,318,1,0.5755,True,1,uneven,uneven,23183,39.8374,1,23183,23183,Large,628.12,0,0,182,137,OK,True
mt_exp4_num_174720,MagneticTile,all,train,MagneticTile/ds/img/exp4_num_174720.jpg,MagneticTile/ds/ann/exp4_num_174720.jpg.json,196,317,196,317,1,0.6183,False,0,none,none,0,0.0,0,0,,Negative,0.0,,,,,OK,False
mt_exp4_num_177987,MagneticTile,all,val,MagneticTile/ds/img/exp4_num_177987.jpg,MagneticTile/ds/ann/exp4_num_177987.jpg.json,204,311,204,311,1,0.6559,False,0,none,none,0,0.0,0,0,,Negative,0.0,,,,,OK,False
mt_exp4_num_178536,MagneticTile,all,train,MagneticTile/ds/img/exp4_num_178536.jpg,MagneticTile/ds/ann/exp4_num_178536.jpg.json,191,317,191,317,1,0.6025,False,0,none,none,0,0.0,0,0,,Negative,0.0,,,,,OK,False
mt_exp4_num_180371,MagneticTile,all,train,MagneticTile/ds/img/exp4_num_180371.jpg,MagneticTile/ds/ann/exp4_num_180371.jpg.json,196,323,196,323,1,0.6068,False,0,none,none,0,0.0,0,0,,Negative,0.0,,,,,OK,False
mt_exp4_num_180903,MagneticTile,all,train,MagneticTile/ds/img/exp4_num_180903.jpg,MagneticTile/ds/ann/exp4_num_180903.jpg.json,199,317,199,317,1,0.6278,False,0,none,none,0,0.0,0,0,,Negative,0.0,,,,,OK,False
mt_exp4_num_18204,MagneticTile,all,train,MagneticTile/ds/img/exp4_num_18204.jpg,MagneticTile/ds/ann/exp4_num_18204.jpg.json,511,328,511,328,1,1.5579,False,0,none,none,0,0.0,0,0,,Negative,0.0,,,,,OK,False
mt_exp4_num_183223,MagneticTile,all,train,MagneticTile/ds/img/exp4_num_183223.jpg,MagneticTile/ds/ann/exp4_num_183223.jpg.json,199,320,199,320,1,0.6219,False,0,none,none,0,0.0,0,0,,Negative,0.0,,,,,OK,False
mt_exp4_num_183867,MagneticTile,all,test,MagneticTile/ds/img/exp4_num_183867.jpg,MagneticTile/ds/ann/exp4_num_183867.jpg.json,196,316,196,316,1,0.6203,False,0,none,none,0,0.0,0,0,,Negative,0.0,,,,,OK,False
mt_exp4_num_186909,MagneticTile,all,train,MagneticTile/ds/img/exp4_num_186909.jpg,MagneticTile/ds/ann/exp4_num_186909.jpg.json,191,309,191,309,1,0.6181,True,1,uneven,uneven,29396,49.8077,1,29396,29396,Large,731.77,12,100,179,294,OK,True
mt_exp4_num_187582,MagneticTile,all,val,MagneticTile/ds/img/exp4_num_187582.jpg,MagneticTile/ds/ann/exp4_num_187582.jpg.json,192,324,192,324,1,0.5926,False,0,none,none,0,0.0,0,0,,Negative,0.0,,,,,OK,False
mt_exp4_num_1877,MagneticTile,all,train,MagneticTile/ds/img/exp4_num_1877.jpg,MagneticTile/ds/ann/exp4_num_1877.jpg.json,244,273,244,273,1,0.8938,False,0,none,none,0,0.0,0,0,,Negative,0.0,,,,,OK,False
mt_exp4_num_192192,MagneticTile,all,train,MagneticTile/ds/img/exp4_num_192192.jpg,MagneticTile/ds/ann/exp4_num_192192.jpg.json,194,320,194,320,1,0.6062,False,0,none,none,0,0.0,0,0,,Negative,0.0,,,,,OK,False
mt_exp4_num_193151,MagneticTile,all,train,MagneticTile/ds/img/exp4_num_193151.jpg,MagneticTile/ds/ann/exp4_num_193151.jpg.json,194,322,194,322,1,0.6025,False,0,none,none,0,0.0,0,0,,Negative,0.0,,,,,OK,False
mt_exp4_num_194236,MagneticTile,all,train,MagneticTile/ds/img/exp4_num_194236.jpg,MagneticTile/ds/ann/exp4_num_194236.jpg.json,189,321,189,321,1,0.5888,True,2,break,break,1609,2.6521,2,1418,1418;191,Medium,281.24,33,0,188,320,OK,True
mt_exp4_num_195700,MagneticTile,all,train,MagneticTile/ds/img/exp4_num_195700.jpg,MagneticTile/ds/ann/exp4_num_195700.jpg.json,188,319,188,319,1,0.5893,False,0,none,none,0,0.0,0,0,,Negative,0.0,,,,,OK,False
mt_exp4_num_19770,MagneticTile,all,test,MagneticTile/ds/img/exp4_num_19770.jpg,MagneticTile/ds/ann/exp4_num_19770.jpg.json,515,323,515,323,1,1.5944,False,0,none,none,0,0.0,0,0,,Negative,0.0,,,,,OK,False
mt_exp4_num_20426,MagneticTile,all,train,MagneticTile/ds/img/exp4_num_20426.jpg,MagneticTile/ds/ann/exp4_num_20426.jpg.json,523,340,523,340,1,1.5382,True,1,fray,fray,58505,32.9012,1,58505,58505,Large,1393.95,103,0,373,339,OK,True
mt_exp4_num_2086,MagneticTile,all,train,MagneticTile/ds/img/exp4_num_2086.jpg,MagneticTile/ds/ann/exp4_num_2086.jpg.json,520,374,520,374,1,1.3904,False,0,none,none,0,0.0,0,0,,Negative,0.0,,,,,OK,False
mt_exp4_num_240090,MagneticTile,all,val,MagneticTile/ds/img/exp4_num_240090.jpg,MagneticTile/ds/ann/exp4_num_240090.jpg.json,258,361,258,361,1,0.7147,False,0,none,none,0,0.0,0,0,,Negative,0.0,,,,,OK,False
mt_exp4_num_241391,MagneticTile,all,train,MagneticTile/ds/img/exp4_num_241391.jpg,MagneticTile/ds/ann/exp4_num_241391.jpg.json,216,258,216,258,1,0.8372,False,0,none,none,0,0.0,0,0,,Negative,0.0,,,,,OK,False
mt_exp4_num_241939,MagneticTile,all,train,MagneticTile/ds/img/exp4_num_241939.jpg,MagneticTile/ds/ann/exp4_num_241939.jpg.json,203,273,203,273,1,0.7436,True,1,break,break,176,0.3176,1,176,176,Small,88.67,9,0,31,22,OK,True
mt_exp4_num_245804,MagneticTile,all,val,MagneticTile/ds/img/exp4_num_245804.jpg,MagneticTile/ds/ann/exp4_num_245804.jpg.json,210,241,210,241,1,0.8714,False,0,none,none,0,0.0,0,0,,Negative,0.0,,,,,OK,False
mt_exp4_num_246354,MagneticTile,all,train,MagneticTile/ds/img/exp4_num_246354.jpg,MagneticTile/ds/ann/exp4_num_246354.jpg.json,219,272,219,272,1,0.8051,False,0,none,none,0,0.0,0,0,,Negative,0.0,,,,,OK,False
mt_exp4_num_24843,MagneticTile,all,train,MagneticTile/ds/img/exp4_num_24843.jpg,MagneticTile/ds/ann/exp4_num_24843.jpg.json,517,334,517,334,1,1.5479,True,1,uneven,uneven,41,0.0237,1,41,41,Small,28.49,3,277,15,280,OK,True
mt_exp4_num_249762,MagneticTile,all,train,MagneticTile/ds/img/exp4_num_249762.jpg,MagneticTile/ds/ann/exp4_num_249762.jpg.json,219,274,219,274,1,0.7993,True,1,crack,crack,1569,2.6147,1,1569,1569,Medium,562.55,88,0,102,260,OK,True
mt_exp4_num_251495,MagneticTile,all,train,MagneticTile/ds/img/exp4_num_251495.jpg,MagneticTile/ds/ann/exp4_num_251495.jpg.json,223,247,223,247,1,0.9028,False,0,none,none,0,0.0,0,0,,Negative,0.0,,,,,OK,False
mt_exp4_num_255718,MagneticTile,all,train,MagneticTile/ds/img/exp4_num_255718.jpg,MagneticTile/ds/ann/exp4_num_255718.jpg.json,260,353,260,353,1,0.7365,False,0,none,none,0,0.0,0,0,,Negative,0.0,,,,,OK,False
mt_exp4_num_256324,MagneticTile,all,train,MagneticTile/ds/img/exp4_num_256324.jpg,MagneticTile/ds/ann/exp4_num_256324.jpg.json,262,369,262,369,1,0.71,False,0,none,none,0,0.0,0,0,,Negative,0.0,,,,,OK,False
mt_exp4_num_257190,MagneticTile,all,val,MagneticTile/ds/img/exp4_num_257190.jpg,MagneticTile/ds/ann/exp4_num_257190.jpg.json,222,273,222,273,1,0.8132,False,0,none,none,0,0.0,0,0,,Negative,0.0,,,,,OK,False
mt_exp4_num_257938,MagneticTile,all,train,MagneticTile/ds/img/exp4_num_257938.jpg,MagneticTile/ds/ann/exp4_num_257938.jpg.json,248,329,248,329,1,0.7538,False,0,none,none,0,0.0,0,0,,Negative,0.0,,,,,OK,False
mt_exp4_num_258590,MagneticTile,all,train,MagneticTile/ds/img/exp4_num_258590.jpg,MagneticTile/ds/ann/exp4_num_258590.jpg.json,257,359,257,359,1,0.7159,True,1,fray,fray,27875,30.2125,1,27875,27875,Large,1319.44,0,31,256,358,OK,True
mt_exp4_num_258885,MagneticTile,all,train,MagneticTile/ds/img/exp4_num_258885.jpg,MagneticTile/ds/ann/exp4_num_258885.jpg.json,216,249,216,249,1,0.8675,False,0,none,none,0,0.0,0,0,,Negative,0.0,,,,,OK,False
mt_exp4_num_260535,MagneticTile,all,val,MagneticTile/ds/img/exp4_num_260535.jpg,MagneticTile/ds/ann/exp4_num_260535.jpg.json,221,252,221,252,1,0.877,False,0,none,none,0,0.0,0,0,,Negative,0.0,,,,,OK,False
mt_exp4_num_260976,MagneticTile,all,train,MagneticTile/ds/img/exp4_num_260976.jpg,MagneticTile/ds/ann/exp4_num_260976.jpg.json,223,269,223,269,1,0.829,False,0,none,none,0,0.0,0,0,,Negative,0.0,,,,,OK,False
mt_exp4_num_26163,MagneticTile,all,val,MagneticTile/ds/img/exp4_num_26163.jpg,MagneticTile/ds/ann/exp4_num_26163.jpg.json,532,315,532,315,1,1.6889,True,1,break,break,3096,1.8475,1,3096,3096,Medium,301.82,29,0,132,41,OK,True
mt_exp4_num_261992,MagneticTile,all,train,MagneticTile/ds/img/exp4_num_261992.jpg,MagneticTile/ds/ann/exp4_num_261992.jpg.json,223,269,223,269,1,0.829,False,0,none,none,0,0.0,0,0,,Negative,0.0,,,,,OK,False
mt_exp4_num_262258,MagneticTile,all,train,MagneticTile/ds/img/exp4_num_262258.jpg,MagneticTile/ds/ann/exp4_num_262258.jpg.json,278,381,278,381,1,0.7297,False,0,none,none,0,0.0,0,0,,Negative,0.0,,,,,OK,False
mt_exp4_num_262626,MagneticTile,all,val,MagneticTile/ds/img/exp4_num_262626.jpg,MagneticTile/ds/ann/exp4_num_262626.jpg.json,193,250,193,250,1,0.772,True,1,blowhole,blowhole,63,0.1306,1,63,63,Small,29.31,104,162,112,170,OK,True
mt_exp4_num_262687,MagneticTile,all,train,MagneticTile/ds/img/exp4_num_262687.jpg,MagneticTile/ds/ann/exp4_num_262687.jpg.json,271,382,271,382,1,0.7094,False,0,none,none,0,0.0,0,0,,Negative,0.0,,,,,OK,False
mt_exp4_num_263875,MagneticTile,all,train,MagneticTile/ds/img/exp4_num_263875.jpg,MagneticTile/ds/ann/exp4_num_263875.jpg.json,264,373,264,373,1,0.7078,False,0,none,none,0,0.0,0,0,,Negative,0.0,,,,,OK,False
mt_exp4_num_264241,MagneticTile,all,train,MagneticTile/ds/img/exp4_num_264241.jpg,MagneticTile/ds/ann/exp4_num_264241.jpg.json,268,372,268,372,1,0.7204,False,0,none,none,0,0.0,0,0,,Negative,0.0,,,,,OK,False
mt_exp4_num_265131,MagneticTile,all,test,MagneticTile/ds/img/exp4_num_265131.jpg,MagneticTile/ds/ann/exp4_num_265131.jpg.json,264,360,264,360,1,0.7333,True,1,blowhole,blowhole,139,0.1463,1,139,139,Small,46.04,241,13,252,28,OK,True
mt_exp4_num_265677,MagneticTile,all,train,MagneticTile/ds/img/exp4_num_265677.jpg,MagneticTile/ds/ann/exp4_num_265677.jpg.json,256,393,256,393,1,0.6514,True,2,crack,crack,559,0.5556,2,299,299;260,Small,164.23,98,0,192,392,OK,True
mt_exp4_num_2657,MagneticTile,all,train,MagneticTile/ds/img/exp4_num_2657.jpg,MagneticTile/ds/ann/exp4_num_2657.jpg.json,122,285,122,285,1,0.4281,False,0,none,none,0,0.0,0,0,,Negative,0.0,,,,,OK,False
mt_exp4_num_266329,MagneticTile,all,train,MagneticTile/ds/img/exp4_num_266329.jpg,MagneticTile/ds/ann/exp4_num_266329.jpg.json,223,258,223,258,1,0.8643,False,0,none,none,0,0.0,0,0,,Negative,0.0,,,,,OK,False
mt_exp4_num_266844,MagneticTile,all,train,MagneticTile/ds/img/exp4_num_266844.jpg,MagneticTile/ds/ann/exp4_num_266844.jpg.json,217,279,217,279,1,0.7778,False,0,none,none,0,0.0,0,0,,Negative,0.0,,,,,OK,False
mt_exp4_num_269136,MagneticTile,all,train,MagneticTile/ds/img/exp4_num_269136.jpg,MagneticTile/ds/ann/exp4_num_269136.jpg.json,222,283,222,283,1,0.7845,False,0,none,none,0,0.0,0,0,,Negative,0.0,,,,,OK,False
mt_exp4_num_269682,MagneticTile,all,val,MagneticTile/ds/img/exp4_num_269682.jpg,MagneticTile/ds/ann/exp4_num_269682.jpg.json,210,287,210,287,1,0.7317,False,0,none,none,0,0.0,0,0,,Negative,0.0,,,,,OK,False
mt_exp4_num_270184,MagneticTile,all,val,MagneticTile/ds/img/exp4_num_270184.jpg,MagneticTile/ds/ann/exp4_num_270184.jpg.json,249,359,249,359,1,0.6936,True,1,uneven,uneven,31260,34.97,1,31260,31260,Large,759.0,0,182,236,327,OK,True
mt_exp4_num_270607,MagneticTile,all,val,MagneticTile/ds/img/exp4_num_270607.jpg,MagneticTile/ds/ann/exp4_num_270607.jpg.json,260,349,260,349,1,0.745,False,0,none,none,0,0.0,0,0,,Negative,0.0,,,,,OK,False
mt_exp4_num_270824,MagneticTile,all,train,MagneticTile/ds/img/exp4_num_270824.jpg,MagneticTile/ds/ann/exp4_num_270824.jpg.json,210,295,210,295,1,0.7119,False,0,none,none,0,0.0,0,0,,Negative,0.0,,,,,OK,False
mt_exp4_num_271416,MagneticTile,all,test,MagneticTile/ds/img/exp4_num_271416.jpg,MagneticTile/ds/ann/exp4_num_271416.jpg.json,218,280,218,280,1,0.7786,True,1,break,break,224,0.367,1,224,224,Small,116.23,13,0,28,39,OK,True
mt_exp4_num_274154,MagneticTile,all,train,MagneticTile/ds/img/exp4_num_274154.jpg,MagneticTile/ds/ann/exp4_num_274154.jpg.json,220,278,220,278,1,0.7914,True,1,uneven,uneven,7947,12.9938,1,7947,7947,Large,416.99,0,0,145,80,OK,True
mt_exp4_num_275420,MagneticTile,all,val,MagneticTile/ds/img/exp4_num_275420.jpg,MagneticTile/ds/ann/exp4_num_275420.jpg.json,266,379,266,379,1,0.7018,False,0,none,none,0,0.0,0,0,,Negative,0.0,,,,,OK,False
mt_exp4_num_275709,MagneticTile,all,train,MagneticTile/ds/img/exp4_num_275709.jpg,MagneticTile/ds/ann/exp4_num_275709.jpg.json,271,383,271,383,1,0.7076,False,0,none,none,0,0.0,0,0,,Negative,0.0,,,,,OK,False
mt_exp4_num_276401,MagneticTile,all,train,MagneticTile/ds/img/exp4_num_276401.jpg,MagneticTile/ds/ann/exp4_num_276401.jpg.json,224,392,224,392,1,0.5714,True,2,break,break,367,0.418,2,228,228;139,Small,119.25,70,0,115,17,OK,True
mt_exp4_num_277041,MagneticTile,all,val,MagneticTile/ds/img/exp4_num_277041.jpg,MagneticTile/ds/ann/exp4_num_277041.jpg.json,271,379,271,379,1,0.715,False,0,none,none,0,0.0,0,0,,Negative,0.0,,,,,OK,False
mt_exp4_num_278605,MagneticTile,all,test,MagneticTile/ds/img/exp4_num_278605.jpg,MagneticTile/ds/ann/exp4_num_278605.jpg.json,270,381,270,381,1,0.7087,False,0,none,none,0,0.0,0,0,,Negative,0.0,,,,,OK,False
mt_exp4_num_279133,MagneticTile,all,train,MagneticTile/ds/img/exp4_num_279133.jpg,MagneticTile/ds/ann/exp4_num_279133.jpg.json,266,381,266,381,1,0.6982,False,0,none,none,0,0.0,0,0,,Negative,0.0,,,,,OK,False
mt_exp4_num_280258,MagneticTile,all,train,MagneticTile/ds/img/exp4_num_280258.jpg,MagneticTile/ds/ann/exp4_num_280258.jpg.json,243,356,243,356,1,0.6826,False,0,none,none,0,0.0,0,0,,Negative,0.0,,,,,OK,False
mt_exp4_num_280989,MagneticTile,all,test,MagneticTile/ds/img/exp4_num_280989.jpg,MagneticTile/ds/ann/exp4_num_280989.jpg.json,242,363,242,363,1,0.6667,False,0,none,none,0,0.0,0,0,,Negative,0.0,,,,,OK,False
mt_exp4_num_282921,MagneticTile,all,train,MagneticTile/ds/img/exp4_num_282921.jpg,MagneticTile/ds/ann/exp4_num_282921.jpg.json,254,348,254,348,1,0.7299,False,0,none,none,0,0.0,0,0,,Negative,0.0,,,,,OK,False
mt_exp4_num_283240,MagneticTile,all,val,MagneticTile/ds/img/exp4_num_283240.jpg,MagneticTile/ds/ann/exp4_num_283240.jpg.json,256,322,256,322,1,0.795,False,0,none,none,0,0.0,0,0,,Negative,0.0,,,,,OK,False
mt_exp4_num_28388,MagneticTile,all,test,MagneticTile/ds/img/exp4_num_28388.jpg,MagneticTile/ds/ann/exp4_num_28388.jpg.json,512,335,512,335,1,1.5284,True,1,uneven,uneven,8255,4.8128,1,8255,8255,Large,479.48,337,0,511,86,OK,True
mt_exp4_num_284532,MagneticTile,all,train,MagneticTile/ds/img/exp4_num_284532.jpg,MagneticTile/ds/ann/exp4_num_284532.jpg.json,247,362,247,362,1,0.6823,True,1,break,break,21060,23.5534,1,21060,21060,Large,1265.35,0,122,246,361,OK,True
mt_exp4_num_284889,MagneticTile,all,val,MagneticTile/ds/img/exp4_num_284889.jpg,MagneticTile/ds/ann/exp4_num_284889.jpg.json,245,354,245,354,1,0.6921,False,0,none,none,0,0.0,0,0,,Negative,0.0,,,,,OK,False
mt_exp4_num_286277,MagneticTile,all,train,MagneticTile/ds/img/exp4_num_286277.jpg,MagneticTile/ds/ann/exp4_num_286277.jpg.json,291,347,291,347,1,0.8386,False,0,none,none,0,0.0,0,0,,Negative,0.0,,,,,OK,False
mt_exp4_num_289638,MagneticTile,all,train,MagneticTile/ds/img/exp4_num_289638.jpg,MagneticTile/ds/ann/exp4_num_289638.jpg.json,296,343,296,343,1,0.863,False,0,none,none,0,0.0,0,0,,Negative,0.0,,,,,OK,False
mt_exp4_num_290093,MagneticTile,all,train,MagneticTile/ds/img/exp4_num_290093.jpg,MagneticTile/ds/ann/exp4_num_290093.jpg.json,296,343,296,343,1,0.863,False,0,none,none,0,0.0,0,0,,Negative,0.0,,,,,OK,False
mt_exp4_num_291052,MagneticTile,all,test,MagneticTile/ds/img/exp4_num_291052.jpg,MagneticTile/ds/ann/exp4_num_291052.jpg.json,298,348,298,348,1,0.8563,True,1,blowhole,blowhole,483,0.4657,1,483,483,Small,165.34,247,295,277,323,OK,True
mt_exp4_num_292138,MagneticTile,all,train,MagneticTile/ds/img/exp4_num_292138.jpg,MagneticTile/ds/ann/exp4_num_292138.jpg.json,296,343,296,343,1,0.863,False,0,none,none,0,0.0,0,0,,Negative,0.0,,,,,OK,False
mt_exp4_num_293302,MagneticTile,all,train,MagneticTile/ds/img/exp4_num_293302.jpg,MagneticTile/ds/ann/exp4_num_293302.jpg.json,297,334,297,334,1,0.8892,False,0,none,none,0,0.0,0,0,,Negative,0.0,,,,,OK,False
mt_exp4_num_293757,MagneticTile,all,test,MagneticTile/ds/img/exp4_num_293757.jpg,MagneticTile/ds/ann/exp4_num_293757.jpg.json,311,337,311,337,1,0.9228,False,0,none,none,0,0.0,0,0,,Negative,0.0,,,,,OK,False
mt_exp4_num_29521,MagneticTile,all,train,MagneticTile/ds/img/exp4_num_29521.jpg,MagneticTile/ds/ann/exp4_num_29521.jpg.json,496,317,496,317,1,1.5647,False,0,none,none,0,0.0,0,0,,Negative,0.0,,,,,OK,False
mt_exp4_num_296682,MagneticTile,all,train,MagneticTile/ds/img/exp4_num_296682.jpg,MagneticTile/ds/ann/exp4_num_296682.jpg.json,304,349,304,349,1,0.8711,False,0,none,none,0,0.0,0,0,,Negative,0.0,,,,,OK,False
mt_exp4_num_297324,MagneticTile,all,train,MagneticTile/ds/img/exp4_num_297324.jpg,MagneticTile/ds/ann/exp4_num_297324.jpg.json,303,347,303,347,1,0.8732,False,0,none,none,0,0.0,0,0,,Negative,0.0,,,,,OK,False
mt_exp4_num_297524,MagneticTile,all,val,MagneticTile/ds/img/exp4_num_297524.jpg,MagneticTile/ds/ann/exp4_num_297524.jpg.json,219,272,219,272,1,0.8051,True,1,blowhole,blowhole,29,0.0487,1,29,29,Small,17.66,206,123,210,129,OK,True
mt_exp4_num_299772,MagneticTile,all,val,MagneticTile/ds/img/exp4_num_299772.jpg,MagneticTile/ds/ann/exp4_num_299772.jpg.json,207,269,207,269,1,0.7695,False,0,none,none,0,0.0,0,0,,Negative,0.0,,,,,OK,False
mt_exp4_num_301523,MagneticTile,all,train,MagneticTile/ds/img/exp4_num_301523.jpg,MagneticTile/ds/ann/exp4_num_301523.jpg.json,368,365,368,365,1,1.0082,False,0,none,none,0,0.0,0,0,,Negative,0.0,,,,,OK,False
mt_exp4_num_304328,MagneticTile,all,test,MagneticTile/ds/img/exp4_num_304328.jpg,MagneticTile/ds/ann/exp4_num_304328.jpg.json,202,245,202,245,1,0.8245,True,1,break,break,11408,23.0511,1,11408,11408,Large,657.85,130,0,201,244,OK,True
mt_exp4_num_304330,MagneticTile,all,train,MagneticTile/ds/img/exp4_num_304330.jpg,MagneticTile/ds/ann/exp4_num_304330.jpg.json,315,328,315,328,1,0.9604,False,0,none,none,0,0.0,0,0,,Negative,0.0,,,,,OK,False
mt_exp4_num_304714,MagneticTile,all,test,MagneticTile/ds/img/exp4_num_304714.jpg,MagneticTile/ds/ann/exp4_num_304714.jpg.json,321,303,321,303,1,1.0594,False,0,none,none,0,0.0,0,0,,Negative,0.0,,,,,OK,False
mt_exp4_num_304904,MagneticTile,all,val,MagneticTile/ds/img/exp4_num_304904.jpg,MagneticTile/ds/ann/exp4_num_304904.jpg.json,210,271,210,271,1,0.7749,False,0,none,none,0,0.0,0,0,,Negative,0.0,,,,,OK,False
mt_exp4_num_306469,MagneticTile,all,val,MagneticTile/ds/img/exp4_num_306469.jpg,MagneticTile/ds/ann/exp4_num_306469.jpg.json,213,267,213,267,1,0.7978,False,0,none,none,0,0.0,0,0,,Negative,0.0,,,,,OK,False
mt_exp4_num_306634,MagneticTile,all,train,MagneticTile/ds/img/exp4_num_306634.jpg,MagneticTile/ds/ann/exp4_num_306634.jpg.json,360,375,360,375,1,0.96,False,0,none,none,0,0.0,0,0,,Negative,0.0,,,,,OK,False
mt_exp4_num_308078,MagneticTile,all,train,MagneticTile/ds/img/exp4_num_308078.jpg,MagneticTile/ds/ann/exp4_num_308078.jpg.json,219,273,219,273,1,0.8022,True,1,blowhole,blowhole,45,0.0753,1,45,45,Small,23.66,211,189,216,197,OK,True
mt_exp4_num_308849,MagneticTile,all,train,MagneticTile/ds/img/exp4_num_308849.jpg,MagneticTile/ds/ann/exp4_num_308849.jpg.json,357,369,357,369,1,0.9675,False,0,none,none,0,0.0,0,0,,Negative,0.0,,,,,OK,False
mt_exp4_num_309390,MagneticTile,all,test,MagneticTile/ds/img/exp4_num_309390.jpg,MagneticTile/ds/ann/exp4_num_309390.jpg.json,365,358,365,358,1,1.0196,False,0,none,none,0,0.0,0,0,,Negative,0.0,,,,,OK,False
mt_exp4_num_309692,MagneticTile,all,train,MagneticTile/ds/img/exp4_num_309692.jpg,MagneticTile/ds/ann/exp4_num_309692.jpg.json,218,270,218,270,1,0.8074,False,0,none,none,0,0.0,0,0,,Negative,0.0,,,,,OK,False
mt_exp4_num_311355,MagneticTile,all,train,MagneticTile/ds/img/exp4_num_311355.jpg,MagneticTile/ds/ann/exp4_num_311355.jpg.json,207,271,207,271,1,0.7638,False,0,none,none,0,0.0,0,0,,Negative,0.0,,,,,OK,False
mt_exp4_num_31150,MagneticTile,all,train,MagneticTile/ds/img/exp4_num_31150.jpg,MagneticTile/ds/ann/exp4_num_31150.jpg.json,124,280,124,280,1,0.4429,False,0,none,none,0,0.0,0,0,,Negative,0.0,,,,,OK,False
mt_exp4_num_311863,MagneticTile,all,val,MagneticTile/ds/img/exp4_num_311863.jpg,MagneticTile/ds/ann/exp4_num_311863.jpg.json,218,279,218,279,1,0.7814,True,1,uneven,uneven,5446,8.954,1,5446,5446,Large,504.61,0,250,217,278,OK,True
mt_exp4_num_313519,MagneticTile,all,train,MagneticTile/ds/img/exp4_num_313519.jpg,MagneticTile/ds/ann/exp4_num_313519.jpg.json,252,341,252,341,1,0.739,True,1,uneven,uneven,26003,30.26,1,26003,26003,Large,727.44,0,0,251,127,OK,True
mt_exp4_num_313877,MagneticTile,all,test,MagneticTile/ds/img/exp4_num_313877.jpg,MagneticTile/ds/ann/exp4_num_313877.jpg.json,248,351,248,351,1,0.7066,False,0,none,none,0,0.0,0,0,,Negative,0.0,,,,,OK,False
mt_exp4_num_315033,MagneticTile,all,train,MagneticTile/ds/img/exp4_num_315033.jpg,MagneticTile/ds/ann/exp4_num_315033.jpg.json,207,272,207,272,1,0.761,False,0,none,none,0,0.0,0,0,,Negative,0.0,,,,,OK,False
mt_exp4_num_316364,MagneticTile,all,train,MagneticTile/ds/img/exp4_num_316364.jpg,MagneticTile/ds/ann/exp4_num_316364.jpg.json,363,349,363,349,1,1.0401,False,0,none,none,0,0.0,0,0,,Negative,0.0,,,,,OK,False
mt_exp4_num_316737,MagneticTile,all,train,MagneticTile/ds/img/exp4_num_316737.jpg,MagneticTile/ds/ann/exp4_num_316737.jpg.json,349,352,349,352,1,0.9915,False,0,none,none,0,0.0,0,0,,Negative,0.0,,,,,OK,False
mt_exp4_num_317540,MagneticTile,all,train,MagneticTile/ds/img/exp4_num_317540.jpg,MagneticTile/ds/ann/exp4_num_317540.jpg.json,219,266,219,266,1,0.8233,True,1,blowhole,blowhole,112,0.1923,1,112,112,Small,38.73,96,218,109,227,OK,True
mt_exp4_num_317600,MagneticTile,all,train,MagneticTile/ds/img/exp4_num_317600.jpg,MagneticTile/ds/ann/exp4_num_317600.jpg.json,349,352,349,352,1,0.9915,False,0,none,none,0,0.0,0,0,,Negative,0.0,,,,,OK,False
mt_exp4_num_317937,MagneticTile,all,train,MagneticTile/ds/img/exp4_num_317937.jpg,MagneticTile/ds/ann/exp4_num_317937.jpg.json,344,360,344,360,1,0.9556,False,0,none,none,0,0.0,0,0,,Negative,0.0,,,,,OK,False
mt_exp4_num_319357,MagneticTile,all,test,MagneticTile/ds/img/exp4_num_319357.jpg,MagneticTile/ds/ann/exp4_num_319357.jpg.json,366,357,366,357,1,1.0252,False,0,none,none,0,0.0,0,0,,Negative,0.0,,,,,OK,False
mt_exp4_num_319469,MagneticTile,all,train,MagneticTile/ds/img/exp4_num_319469.jpg,MagneticTile/ds/ann/exp4_num_319469.jpg.json,217,281,217,281,1,0.7722,False,0,none,none,0,0.0,0,0,,Negative,0.0,,,,,OK,False
mt_exp4_num_319729,MagneticTile,all,train,MagneticTile/ds/img/exp4_num_319729.jpg,MagneticTile/ds/ann/exp4_num_319729.jpg.json,339,367,339,367,1,0.9237,False,0,none,none,0,0.0,0,0,,Negative,0.0,,,,,OK,False
mt_exp4_num_320501,MagneticTile,all,train,MagneticTile/ds/img/exp4_num_320501.jpg,MagneticTile/ds/ann/exp4_num_320501.jpg.json,362,357,362,357,1,1.014,False,0,none,none,0,0.0,0,0,,Negative,0.0,,,,,OK,False
mt_exp4_num_320705,MagneticTile,all,val,MagneticTile/ds/img/exp4_num_320705.jpg,MagneticTile/ds/ann/exp4_num_320705.jpg.json,198,257,198,257,1,0.7704,True,1,break,break,155,0.3046,1,155,155,Small,98.71,164,214,183,238,OK,True
mt_exp4_num_320843,MagneticTile,all,val,MagneticTile/ds/img/exp4_num_320843.jpg,MagneticTile/ds/ann/exp4_num_320843.jpg.json,357,361,357,361,1,0.9889,False,0,none,none,0,0.0,0,0,,Negative,0.0,,,,,OK,False
mt_exp4_num_321478,MagneticTile,all,train,MagneticTile/ds/img/exp4_num_321478.jpg,MagneticTile/ds/ann/exp4_num_321478.jpg.json,362,366,362,366,1,0.9891,False,0,none,none,0,0.0,0,0,,Negative,0.0,,,,,OK,False
mt_exp4_num_32185,MagneticTile,all,train,MagneticTile/ds/img/exp4_num_32185.jpg,MagneticTile/ds/ann/exp4_num_32185.jpg.json,123,274,123,274,1,0.4489,True,1,crack,crack,325,0.9643,1,325,325,Small,133.78,6,240,43,273,OK,True
mt_exp4_num_322656,MagneticTile,all,train,MagneticTile/ds/img/exp4_num_322656.jpg,MagneticTile/ds/ann/exp4_num_322656.jpg.json,214,253,214,253,1,0.8458,True,1,blowhole,blowhole,157,0.29,1,157,157,Small,52.04,190,187,201,207,OK,True
mt_exp4_num_323366,MagneticTile,all,train,MagneticTile/ds/img/exp4_num_323366.jpg,MagneticTile/ds/ann/exp4_num_323366.jpg.json,216,267,216,267,1,0.809,False,0,none,none,0,0.0,0,0,,Negative,0.0,,,,,OK,False
mt_exp4_num_3234,MagneticTile,all,train,MagneticTile/ds/img/exp4_num_3234.jpg,MagneticTile/ds/ann/exp4_num_3234.jpg.json,321,381,321,381,1,0.8425,True,1,crack,crack,599,0.4898,1,599,599,Small,257.88,208,0,227,114,OK,True
mt_exp4_num_326627,MagneticTile,all,train,MagneticTile/ds/img/exp4_num_326627.jpg,MagneticTile/ds/ann/exp4_num_326627.jpg.json,372,340,372,340,1,1.0941,False,0,none,none,0,0.0,0,0,,Negative,0.0,,,,,OK,False
mt_exp4_num_326953,MagneticTile,all,train,MagneticTile/ds/img/exp4_num_326953.jpg,MagneticTile/ds/ann/exp4_num_326953.jpg.json,354,362,354,362,1,0.9779,False,0,none,none,0,0.0,0,0,,Negative,0.0,,,,,OK,False
mt_exp4_num_328029,MagneticTile,all,train,MagneticTile/ds/img/exp4_num_328029.jpg,MagneticTile/ds/ann/exp4_num_328029.jpg.json,353,353,353,353,1,1.0,True,1,blowhole,blowhole,106,0.0851,1,106,106,Small,39.56,47,74,56,88,OK,True
mt_exp4_num_329260,MagneticTile,all,train,MagneticTile/ds/img/exp4_num_329260.jpg,MagneticTile/ds/ann/exp4_num_329260.jpg.json,367,359,367,359,1,1.0223,False,0,none,none,0,0.0,0,0,,Negative,0.0,,,,,OK,False
mt_exp4_num_331207,MagneticTile,all,val,MagneticTile/ds/img/exp4_num_331207.jpg,MagneticTile/ds/ann/exp4_num_331207.jpg.json,360,358,360,358,1,1.0056,False,0,none,none,0,0.0,0,0,,Negative,0.0,,,,,OK,False
mt_exp4_num_331970,MagneticTile,all,test,MagneticTile/ds/img/exp4_num_331970.jpg,MagneticTile/ds/ann/exp4_num_331970.jpg.json,358,357,358,357,1,1.0028,False,0,none,none,0,0.0,0,0,,Negative,0.0,,,,,OK,False
mt_exp4_num_332730,MagneticTile,all,train,MagneticTile/ds/img/exp4_num_332730.jpg,MagneticTile/ds/ann/exp4_num_332730.jpg.json,311,348,311,348,1,0.8937,False,0,none,none,0,0.0,0,0,,Negative,0.0,,,,,OK,False
mt_exp4_num_33407,MagneticTile,all,train,MagneticTile/ds/img/exp4_num_33407.jpg,MagneticTile/ds/ann/exp4_num_33407.jpg.json,519,306,519,306,1,1.6961,True,1,uneven,uneven,39231,24.7025,1,39231,39231,Large,1214.89,0,0,518,91,OK,True
mt_exp4_num_337703,MagneticTile,all,train,MagneticTile/ds/img/exp4_num_337703.jpg,MagneticTile/ds/ann/exp4_num_337703.jpg.json,490,374,490,374,1,1.3102,False,0,none,none,0,0.0,0,0,,Negative,0.0,,,,,OK,False
mt_exp4_num_338897,MagneticTile,all,train,MagneticTile/ds/img/exp4_num_338897.jpg,MagneticTile/ds/ann/exp4_num_338897.jpg.json,487,372,487,372,1,1.3091,False,0,none,none,0,0.0,0,0,,Negative,0.0,,,,,OK,False
mt_exp4_num_339867,MagneticTile,all,val,MagneticTile/ds/img/exp4_num_339867.jpg,MagneticTile/ds/ann/exp4_num_339867.jpg.json,359,365,359,365,1,0.9836,True,1,crack,crack,271,0.2068,1,271,271,Small,106.53,62,0,70,45,OK,True
mt_exp4_num_34134,MagneticTile,all,train,MagneticTile/ds/img/exp4_num_34134.jpg,MagneticTile/ds/ann/exp4_num_34134.jpg.json,522,324,522,324,1,1.6111,False,0,none,none,0,0.0,0,0,,Negative,0.0,,,,,OK,False
mt_exp4_num_342190,MagneticTile,all,train,MagneticTile/ds/img/exp4_num_342190.jpg,MagneticTile/ds/ann/exp4_num_342190.jpg.json,342,374,342,374,1,0.9144,True,2,crack,crack,830,0.6489,2,458,458;372,Small,291.34,176,0,269,71,OK,True
mt_exp4_num_342904,MagneticTile,all,train,MagneticTile/ds/img/exp4_num_342904.jpg,MagneticTile/ds/ann/exp4_num_342904.jpg.json,498,370,498,370,1,1.3459,False,0,none,none,0,0.0,0,0,,Negative,0.0,,,,,OK,False
mt_exp4_num_344591,MagneticTile,all,val,MagneticTile/ds/img/exp4_num_344591.jpg,MagneticTile/ds/ann/exp4_num_344591.jpg.json,504,363,504,363,1,1.3884,False,0,none,none,0,0.0,0,0,,Negative,0.0,,,,,OK,False
mt_exp4_num_346361,MagneticTile,all,val,MagneticTile/ds/img/exp4_num_346361.jpg,MagneticTile/ds/ann/exp4_num_346361.jpg.json,508,380,508,380,1,1.3368,False,0,none,none,0,0.0,0,0,,Negative,0.0,,,,,OK,False
mt_exp4_num_348673,MagneticTile,all,train,MagneticTile/ds/img/exp4_num_348673.jpg,MagneticTile/ds/ann/exp4_num_348673.jpg.json,516,378,516,378,1,1.3651,True,1,break,break,416,0.2133,1,416,416,Small,131.68,27,9,61,36,OK,True
mt_exp4_num_349868,MagneticTile,all,train,MagneticTile/ds/img/exp4_num_349868.jpg,MagneticTile/ds/ann/exp4_num_349868.jpg.json,489,371,489,371,1,1.3181,False,0,none,none,0,0.0,0,0,,Negative,0.0,,,,,OK,False
mt_exp4_num_351088,MagneticTile,all,train,MagneticTile/ds/img/exp4_num_351088.jpg,MagneticTile/ds/ann/exp4_num_351088.jpg.json,492,359,492,359,1,1.3705,False,0,none,none,0,0.0,0,0,,Negative,0.0,,,,,OK,False
mt_exp4_num_351474,MagneticTile,all,train,MagneticTile/ds/img/exp4_num_351474.jpg,MagneticTile/ds/ann/exp4_num_351474.jpg.json,510,354,510,354,1,1.4407,False,0,none,none,0,0.0,0,0,,Negative,0.0,,,,,OK,False
mt_exp4_num_352527,MagneticTile,all,val,MagneticTile/ds/img/exp4_num_352527.jpg,MagneticTile/ds/ann/exp4_num_352527.jpg.json,502,379,502,379,1,1.3245,False,0,none,none,0,0.0,0,0,,Negative,0.0,,,,,OK,False
mt_exp4_num_354427,MagneticTile,all,test,MagneticTile/ds/img/exp4_num_354427.jpg,MagneticTile/ds/ann/exp4_num_354427.jpg.json,496,365,496,365,1,1.3589,False,0,none,none,0,0.0,0,0,,Negative,0.0,,,,,OK,False
mt_exp4_num_3554,MagneticTile,all,test,MagneticTile/ds/img/exp4_num_3554.jpg,MagneticTile/ds/ann/exp4_num_3554.jpg.json,122,271,122,271,1,0.4502,False,0,none,none,0,0.0,0,0,,Negative,0.0,,,,,OK,False
mt_exp4_num_355680,MagneticTile,all,train,MagneticTile/ds/img/exp4_num_355680.jpg,MagneticTile/ds/ann/exp4_num_355680.jpg.json,481,382,481,382,1,1.2592,False,0,none,none,0,0.0,0,0,,Negative,0.0,,,,,OK,False
mt_exp4_num_356767,MagneticTile,all,val,MagneticTile/ds/img/exp4_num_356767.jpg,MagneticTile/ds/ann/exp4_num_356767.jpg.json,510,384,510,384,1,1.3281,True,1,break,break,624,0.3186,1,624,624,Small,171.1,446,354,506,373,OK,True
mt_exp4_num_358138,MagneticTile,all,train,MagneticTile/ds/img/exp4_num_358138.jpg,MagneticTile/ds/ann/exp4_num_358138.jpg.json,472,377,472,377,1,1.252,False,0,none,none,0,0.0,0,0,,Negative,0.0,,,,,OK,False
mt_exp4_num_358985,MagneticTile,all,train,MagneticTile/ds/img/exp4_num_358985.jpg,MagneticTile/ds/ann/exp4_num_358985.jpg.json,493,366,493,366,1,1.347,False,0,none,none,0,0.0,0,0,,Negative,0.0,,,,,OK,False
mt_exp4_num_359501,MagneticTile,all,train,MagneticTile/ds/img/exp4_num_359501.jpg,MagneticTile/ds/ann/exp4_num_359501.jpg.json,500,369,500,369,1,1.355,False,0,none,none,0,0.0,0,0,,Negative,0.0,,,,,OK,False
mt_exp4_num_36258,MagneticTile,all,test,MagneticTile/ds/img/exp4_num_36258.jpg,MagneticTile/ds/ann/exp4_num_36258.jpg.json,120,287,120,287,1,0.4181,True,1,blowhole,blowhole,206,0.5981,1,206,206,Small,64.18,65,85,82,107,OK,True
mt_exp4_num_37071,MagneticTile,all,train,MagneticTile/ds/img/exp4_num_37071.jpg,MagneticTile/ds/ann/exp4_num_37071.jpg.json,121,278,121,278,1,0.4353,False,0,none,none,0,0.0,0,0,,Negative,0.0,,,,,OK,False
mt_exp4_num_3724,MagneticTile,all,test,MagneticTile/ds/img/exp4_num_3724.jpg,MagneticTile/ds/ann/exp4_num_3724.jpg.json,476,367,476,367,1,1.297,True,1,blowhole,blowhole,138,0.079,1,138,138,Small,45.46,283,56,297,68,OK,True
mt_exp4_num_37293,MagneticTile,all,val,MagneticTile/ds/img/exp4_num_37293.jpg,MagneticTile/ds/ann/exp4_num_37293.jpg.json,525,329,525,329,1,1.5957,False,0,none,none,0,0.0,0,0,,Negative,0.0,,,,,OK,False
mt_exp4_num_37571,MagneticTile,all,train,MagneticTile/ds/img/exp4_num_37571.jpg,MagneticTile/ds/ann/exp4_num_37571.jpg.json,124,280,124,280,1,0.4429,False,0,none,none,0,0.0,0,0,,Negative,0.0,,,,,OK,False
mt_exp4_num_38041,MagneticTile,all,train,MagneticTile/ds/img/exp4_num_38041.jpg,MagneticTile/ds/ann/exp4_num_38041.jpg.json,524,320,524,320,1,1.6375,False,0,none,none,0,0.0,0,0,,Negative,0.0,,,,,OK,False
mt_exp4_num_3846,MagneticTile,all,val,MagneticTile/ds/img/exp4_num_3846.jpg,MagneticTile/ds/ann/exp4_num_3846.jpg.json,126,281,126,281,1,0.4484,False,0,none,none,0,0.0,0,0,,Negative,0.0,,,,,OK,False
mt_exp4_num_39469,MagneticTile,all,train,MagneticTile/ds/img/exp4_num_39469.jpg,MagneticTile/ds/ann/exp4_num_39469.jpg.json,121,284,121,284,1,0.4261,False,0,none,none,0,0.0,0,0,,Negative,0.0,,,,,OK,False
mt_exp4_num_40450,MagneticTile,all,test,MagneticTile/ds/img/exp4_num_40450.jpg,MagneticTile/ds/ann/exp4_num_40450.jpg.json,125,287,125,287,1,0.4355,True,1,blowhole,blowhole,138,0.3847,1,138,138,Small,44.73,50,143,66,152,OK,True
mt_exp4_num_43865,MagneticTile,all,train,MagneticTile/ds/img/exp4_num_43865.jpg,MagneticTile/ds/ann/exp4_num_43865.jpg.json,530,316,530,316,1,1.6772,False,0,none,none,0,0.0,0,0,,Negative,0.0,,,,,OK,False
mt_exp4_num_45057,MagneticTile,all,test,MagneticTile/ds/img/exp4_num_45057.jpg,MagneticTile/ds/ann/exp4_num_45057.jpg.json,508,312,508,312,1,1.6282,False,0,none,none,0,0.0,0,0,,Negative,0.0,,,,,OK,False
mt_exp4_num_4779,MagneticTile,all,train,MagneticTile/ds/img/exp4_num_4779.jpg,MagneticTile/ds/ann/exp4_num_4779.jpg.json,122,288,122,288,1,0.4236,True,1,blowhole,blowhole,169,0.481,1,169,169,Small,48.04,26,263,42,275,OK,True
mt_exp4_num_4995,MagneticTile,all,train,MagneticTile/ds/img/exp4_num_4995.jpg,MagneticTile/ds/ann/exp4_num_4995.jpg.json,120,288,120,288,1,0.4167,True,1,blowhole,blowhole,105,0.3038,1,105,105,Small,48.28,59,244,76,257,OK,True
mt_exp4_num_50428,MagneticTile,all,train,MagneticTile/ds/img/exp4_num_50428.jpg,MagneticTile/ds/ann/exp4_num_50428.jpg.json,521,314,521,314,1,1.6592,False,0,none,none,0,0.0,0,0,,Negative,0.0,,,,,OK,False
mt_exp4_num_51125,MagneticTile,all,test,MagneticTile/ds/img/exp4_num_51125.jpg,MagneticTile/ds/ann/exp4_num_51125.jpg.json,526,315,526,315,1,1.6698,False,0,none,none,0,0.0,0,0,,Negative,0.0,,,,,OK,False
mt_exp4_num_51725,MagneticTile,all,val,MagneticTile/ds/img/exp4_num_51725.jpg,MagneticTile/ds/ann/exp4_num_51725.jpg.json,123,289,123,289,1,0.4256,True,1,blowhole,blowhole,65,0.1829,1,65,65,Small,32.38,38,31,50,39,OK,True
mt_exp4_num_52715,MagneticTile,all,train,MagneticTile/ds/img/exp4_num_52715.jpg,MagneticTile/ds/ann/exp4_num_52715.jpg.json,103,289,103,289,1,0.3564,False,0,none,none,0,0.0,0,0,,Negative,0.0,,,,,OK,False
mt_exp4_num_53049,MagneticTile,all,train,MagneticTile/ds/img/exp4_num_53049.jpg,MagneticTile/ds/ann/exp4_num_53049.jpg.json,516,331,516,331,1,1.5589,False,0,none,none,0,0.0,0,0,,Negative,0.0,,,,,OK,False
mt_exp4_num_54165,MagneticTile,all,val,MagneticTile/ds/img/exp4_num_54165.jpg,MagneticTile/ds/ann/exp4_num_54165.jpg.json,531,312,531,312,1,1.7019,False,0,none,none,0,0.0,0,0,,Negative,0.0,,,,,OK,False
mt_exp4_num_54308,MagneticTile,all,test,MagneticTile/ds/img/exp4_num_54308.jpg,MagneticTile/ds/ann/exp4_num_54308.jpg.json,118,270,118,270,1,0.437,True,1,blowhole,blowhole,175,0.5493,1,175,175,Small,53.56,32,17,42,37,OK,True
mt_exp4_num_54958,MagneticTile,all,train,MagneticTile/ds/img/exp4_num_54958.jpg,MagneticTile/ds/ann/exp4_num_54958.jpg.json,128,281,128,281,1,0.4555,False,0,none,none,0,0.0,0,0,,Negative,0.0,,,,,OK,False
mt_exp4_num_573,MagneticTile,all,train,MagneticTile/ds/img/exp4_num_573.jpg,MagneticTile/ds/ann/exp4_num_573.jpg.json,119,292,119,292,1,0.4075,True,1,uneven,uneven,8638,24.859,1,8638,8638,Large,379.7,0,0,118,74,OK,True
mt_exp4_num_5959,MagneticTile,all,test,MagneticTile/ds/img/exp4_num_5959.jpg,MagneticTile/ds/ann/exp4_num_5959.jpg.json,524,335,524,335,1,1.5642,False,0,none,none,0,0.0,0,0,,Negative,0.0,,,,,OK,False
mt_exp4_num_61351,MagneticTile,all,train,MagneticTile/ds/img/exp4_num_61351.jpg,MagneticTile/ds/ann/exp4_num_61351.jpg.json,123,286,123,286,1,0.4301,False,0,none,none,0,0.0,0,0,,Negative,0.0,,,,,OK,False
mt_exp4_num_62606,MagneticTile,all,train,MagneticTile/ds/img/exp4_num_62606.jpg,MagneticTile/ds/ann/exp4_num_62606.jpg.json,120,282,120,282,1,0.4255,True,1,break,break,1554,4.5922,1,1554,1554,Medium,179.7,82,0,110,64,OK,True
mt_exp4_num_65043,MagneticTile,all,train,MagneticTile/ds/img/exp4_num_65043.jpg,MagneticTile/ds/ann/exp4_num_65043.jpg.json,524,325,524,325,1,1.6123,False,0,none,none,0,0.0,0,0,,Negative,0.0,,,,,OK,False
mt_exp4_num_6552,MagneticTile,all,train,MagneticTile/ds/img/exp4_num_6552.jpg,MagneticTile/ds/ann/exp4_num_6552.jpg.json,506,370,506,370,1,1.3676,False,0,none,none,0,0.0,0,0,,Negative,0.0,,,,,OK,False
mt_exp4_num_6586,MagneticTile,all,train,MagneticTile/ds/img/exp4_num_6586.jpg,MagneticTile/ds/ann/exp4_num_6586.jpg.json,119,282,119,282,1,0.422,False,0,none,none,0,0.0,0,0,,Negative,0.0,,,,,OK,False
mt_exp4_num_68413,MagneticTile,all,train,MagneticTile/ds/img/exp4_num_68413.jpg,MagneticTile/ds/ann/exp4_num_68413.jpg.json,131,286,131,286,1,0.458,False,0,none,none,0,0.0,0,0,,Negative,0.0,,,,,OK,False
mt_exp4_num_69864,MagneticTile,all,train,MagneticTile/ds/img/exp4_num_69864.jpg,MagneticTile/ds/ann/exp4_num_69864.jpg.json,125,281,125,281,1,0.4448,False,0,none,none,0,0.0,0,0,,Negative,0.0,,,,,OK,False
mt_exp4_num_7036,MagneticTile,all,test,MagneticTile/ds/img/exp4_num_7036.jpg,MagneticTile/ds/ann/exp4_num_7036.jpg.json,472,353,472,353,1,1.3371,True,1,blowhole,blowhole,222,0.1332,1,222,222,Small,59.11,348,262,364,279,OK,True
mt_exp4_num_70541,MagneticTile,all,train,MagneticTile/ds/img/exp4_num_70541.jpg,MagneticTile/ds/ann/exp4_num_70541.jpg.json,118,289,118,289,1,0.4083,False,0,none,none,0,0.0,0,0,,Negative,0.0,,,,,OK,False
mt_exp4_num_71245,MagneticTile,all,train,MagneticTile/ds/img/exp4_num_71245.jpg,MagneticTile/ds/ann/exp4_num_71245.jpg.json,129,284,129,284,1,0.4542,False,0,none,none,0,0.0,0,0,,Negative,0.0,,,,,OK,False
mt_exp4_num_75132,MagneticTile,all,train,MagneticTile/ds/img/exp4_num_75132.jpg,MagneticTile/ds/ann/exp4_num_75132.jpg.json,599,260,599,260,1,2.3038,False,0,none,none,0,0.0,0,0,,Negative,0.0,,,,,OK,False
mt_exp4_num_77613,MagneticTile,all,train,MagneticTile/ds/img/exp4_num_77613.jpg,MagneticTile/ds/ann/exp4_num_77613.jpg.json,609,230,609,230,1,2.6478,True,2,fray,fray,12646,9.0283,2,10942,10942;1704,Large,903.01,0,31,604,229,OK,True
mt_exp4_num_7911,MagneticTile,all,test,MagneticTile/ds/img/exp4_num_7911.jpg,MagneticTile/ds/ann/exp4_num_7911.jpg.json,123,289,123,289,1,0.4256,False,0,none,none,0,0.0,0,0,,Negative,0.0,,,,,OK,False
mt_exp4_num_85602,MagneticTile,all,train,MagneticTile/ds/img/exp4_num_85602.jpg,MagneticTile/ds/ann/exp4_num_85602.jpg.json,596,260,596,260,1,2.2923,True,1,crack,crack,700,0.4517,1,700,700,Small,267.58,318,145,328,259,OK,True
mt_exp4_num_85998,MagneticTile,all,train,MagneticTile/ds/img/exp4_num_85998.jpg,MagneticTile/ds/ann/exp4_num_85998.jpg.json,596,260,596,260,1,2.2923,True,1,crack,crack,781,0.504,1,781,781,Small,260.12,317,145,327,259,OK,True
mt_exp4_num_88149,MagneticTile,all,train,MagneticTile/ds/img/exp4_num_88149.jpg,MagneticTile/ds/ann/exp4_num_88149.jpg.json,596,260,596,260,1,2.2923,True,1,crack,crack,740,0.4775,1,740,740,Small,258.71,317,145,327,259,OK,True
mt_exp4_num_889,MagneticTile,all,train,MagneticTile/ds/img/exp4_num_889.jpg,MagneticTile/ds/ann/exp4_num_889.jpg.json,484,361,484,361,1,1.3407,False,0,none,none,0,0.0,0,0,,Negative,0.0,,,,,OK,False
mt_exp4_num_91034,MagneticTile,all,train,MagneticTile/ds/img/exp4_num_91034.jpg,MagneticTile/ds/ann/exp4_num_91034.jpg.json,617,248,617,248,1,2.4879,False,0,none,none,0,0.0,0,0,,Negative,0.0,,,,,OK,False
mt_exp4_num_933,MagneticTile,all,train,MagneticTile/ds/img/exp4_num_933.jpg,MagneticTile/ds/ann/exp4_num_933.jpg.json,245,292,245,292,1,0.839,False,0,none,none,0,0.0,0,0,,Negative,0.0,,,,,OK,False
mt_exp4_num_94954,MagneticTile,all,train,MagneticTile/ds/img/exp4_num_94954.jpg,MagneticTile/ds/ann/exp4_num_94954.jpg.json,611,252,611,252,1,2.4246,False,0,none,none,0,0.0,0,0,,Negative,0.0,,,,,OK,False
mt_exp4_num_9520,MagneticTile,all,train,MagneticTile/ds/img/exp4_num_9520.jpg,MagneticTile/ds/ann/exp4_num_9520.jpg.json,433,386,433,386,1,1.1218,True,1,blowhole,blowhole,110,0.0658,1,110,110,Small,37.56,177,4,190,13,OK,True
mt_exp4_num_98305,MagneticTile,all,val,MagneticTile/ds/img/exp4_num_98305.jpg,MagneticTile/ds/ann/exp4_num_98305.jpg.json,296,277,296,277,1,1.0686,True,6,break,break,2032,2.4783,6,821,821;725;354;108;13;11,Medium,607.49,39,0,284,276,OK,True
mt_exp5_num_10250,MagneticTile,all,train,MagneticTile/ds/img/exp5_num_10250.jpg,MagneticTile/ds/ann/exp5_num_10250.jpg.json,513,373,513,373,1,1.3753,False,0,none,none,0,0.0,0,0,,Negative,0.0,,,,,OK,False
mt_exp5_num_105879,MagneticTile,all,train,MagneticTile/ds/img/exp5_num_105879.jpg,MagneticTile/ds/ann/exp5_num_105879.jpg.json,611,247,611,247,1,2.4737,True,1,break,break,1341,0.8886,1,1341,1341,Medium,276.87,589,32,604,156,OK,True
mt_exp5_num_106221,MagneticTile,all,train,MagneticTile/ds/img/exp5_num_106221.jpg,MagneticTile/ds/ann/exp5_num_106221.jpg.json,241,355,241,355,1,0.6789,False,0,none,none,0,0.0,0,0,,Negative,0.0,,,,,OK,False
mt_exp5_num_106824,MagneticTile,all,val,MagneticTile/ds/img/exp5_num_106824.jpg,MagneticTile/ds/ann/exp5_num_106824.jpg.json,255,349,255,349,1,0.7307,False,0,none,none,0,0.0,0,0,,Negative,0.0,,,,,OK,False
mt_exp5_num_10714,MagneticTile,all,train,MagneticTile/ds/img/exp5_num_10714.jpg,MagneticTile/ds/ann/exp5_num_10714.jpg.json,506,338,506,338,1,1.497,False,0,none,none,0,0.0,0,0,,Negative,0.0,,,,,OK,False
mt_exp5_num_108791,MagneticTile,all,train,MagneticTile/ds/img/exp5_num_108791.jpg,MagneticTile/ds/ann/exp5_num_108791.jpg.json,254,377,254,377,1,0.6737,True,1,blowhole,blowhole,119,0.1243,1,119,119,Small,52.97,124,213,131,236,OK,True
mt_exp5_num_109313,MagneticTile,all,train,MagneticTile/ds/img/exp5_num_109313.jpg,MagneticTile/ds/ann/exp5_num_109313.jpg.json,599,264,599,264,1,2.2689,True,1,uneven,uneven,70806,44.7754,1,70806,70806,Large,1493.16,0,124,598,263,OK,True
mt_exp5_num_10969,MagneticTile,all,val,MagneticTile/ds/img/exp5_num_10969.jpg,MagneticTile/ds/ann/exp5_num_10969.jpg.json,500,352,500,352,1,1.4205,False,0,none,none,0,0.0,0,0,,Negative,0.0,,,,,OK,False
mt_exp5_num_110188,MagneticTile,all,test,MagneticTile/ds/img/exp5_num_110188.jpg,MagneticTile/ds/ann/exp5_num_110188.jpg.json,606,253,606,253,1,2.3953,False,0,none,none,0,0.0,0,0,,Negative,0.0,,,,,OK,False
mt_exp5_num_11325,MagneticTile,all,train,MagneticTile/ds/img/exp5_num_11325.jpg,MagneticTile/ds/ann/exp5_num_11325.jpg.json,495,358,495,358,1,1.3827,False,0,none,none,0,0.0,0,0,,Negative,0.0,,,,,OK,False
mt_exp5_num_114453,MagneticTile,all,train,MagneticTile/ds/img/exp5_num_114453.jpg,MagneticTile/ds/ann/exp5_num_114453.jpg.json,261,366,261,366,1,0.7131,False,0,none,none,0,0.0,0,0,,Negative,0.0,,,,,OK,False
mt_exp5_num_116324,MagneticTile,all,val,MagneticTile/ds/img/exp5_num_116324.jpg,MagneticTile/ds/ann/exp5_num_116324.jpg.json,599,255,599,255,1,2.349,False,0,none,none,0,0.0,0,0,,Negative,0.0,,,,,OK,False
mt_exp5_num_116575,MagneticTile,all,train,MagneticTile/ds/img/exp5_num_116575.jpg,MagneticTile/ds/ann/exp5_num_116575.jpg.json,292,349,292,349,1,0.8367,True,1,crack,crack,365,0.3582,1,365,365,Small,162.85,69,33,105,78,OK,True
mt_exp5_num_117030,MagneticTile,all,train,MagneticTile/ds/img/exp5_num_117030.jpg,MagneticTile/ds/ann/exp5_num_117030.jpg.json,609,275,609,275,1,2.2145,False,0,none,none,0,0.0,0,0,,Negative,0.0,,,,,OK,False
mt_exp5_num_117033,MagneticTile,all,train,MagneticTile/ds/img/exp5_num_117033.jpg,MagneticTile/ds/ann/exp5_num_117033.jpg.json,303,307,303,307,1,0.987,False,0,none,none,0,0.0,0,0,,Negative,0.0,,,,,OK,False
mt_exp5_num_118948,MagneticTile,all,train,MagneticTile/ds/img/exp5_num_118948.jpg,MagneticTile/ds/ann/exp5_num_118948.jpg.json,607,262,607,262,1,2.3168,False,0,none,none,0,0.0,0,0,,Negative,0.0,,,,,OK,False
mt_exp5_num_124744,MagneticTile,all,val,MagneticTile/ds/img/exp5_num_124744.jpg,MagneticTile/ds/ann/exp5_num_124744.jpg.json,615,243,615,243,1,2.5309,True,1,uneven,uneven,55467,37.1153,1,55467,55467,Large,1504.22,0,0,614,107,OK,True
mt_exp5_num_126370,MagneticTile,all,test,MagneticTile/ds/img/exp5_num_126370.jpg,MagneticTile/ds/ann/exp5_num_126370.jpg.json,303,352,303,352,1,0.8608,False,0,none,none,0,0.0,0,0,,Negative,0.0,,,,,OK,False
mt_exp5_num_126855,MagneticTile,all,train,MagneticTile/ds/img/exp5_num_126855.jpg,MagneticTile/ds/ann/exp5_num_126855.jpg.json,313,347,313,347,1,0.902,False,0,none,none,0,0.0,0,0,,Negative,0.0,,,,,OK,False
mt_exp5_num_127703,MagneticTile,all,train,MagneticTile/ds/img/exp5_num_127703.jpg,MagneticTile/ds/ann/exp5_num_127703.jpg.json,306,344,306,344,1,0.8895,False,0,none,none,0,0.0,0,0,,Negative,0.0,,,,,OK,False
mt_exp5_num_128134,MagneticTile,all,train,MagneticTile/ds/img/exp5_num_128134.jpg,MagneticTile/ds/ann/exp5_num_128134.jpg.json,321,337,321,337,1,0.9525,False,0,none,none,0,0.0,0,0,,Negative,0.0,,,,,OK,False
mt_exp5_num_129103,MagneticTile,all,train,MagneticTile/ds/img/exp5_num_129103.jpg,MagneticTile/ds/ann/exp5_num_129103.jpg.json,248,362,248,362,1,0.6851,True,1,uneven,uneven,13649,15.2034,1,13649,13649,Large,618.37,0,0,247,59,OK,True
mt_exp5_num_129678,MagneticTile,all,test,MagneticTile/ds/img/exp5_num_129678.jpg,MagneticTile/ds/ann/exp5_num_129678.jpg.json,260,372,260,372,1,0.6989,False,0,none,none,0,0.0,0,0,,Negative,0.0,,,,,OK,False
mt_exp5_num_135651,MagneticTile,all,test,MagneticTile/ds/img/exp5_num_135651.jpg,MagneticTile/ds/ann/exp5_num_135651.jpg.json,599,247,599,247,1,2.4251,True,1,fray,fray,1079,0.7293,1,1079,1079,Medium,220.95,47,218,129,246,OK,True
mt_exp5_num_13636,MagneticTile,all,test,MagneticTile/ds/img/exp5_num_13636.jpg,MagneticTile/ds/ann/exp5_num_13636.jpg.json,513,340,513,340,1,1.5088,False,0,none,none,0,0.0,0,0,,Negative,0.0,,,,,OK,False
mt_exp5_num_136716,MagneticTile,all,train,MagneticTile/ds/img/exp5_num_136716.jpg,MagneticTile/ds/ann/exp5_num_136716.jpg.json,608,227,608,227,1,2.6784,True,1,fray,fray,22769,16.4974,1,22769,22769,Large,619.37,207,17,404,171,OK,True
mt_exp5_num_138694,MagneticTile,all,val,MagneticTile/ds/img/exp5_num_138694.jpg,MagneticTile/ds/ann/exp5_num_138694.jpg.json,609,251,609,251,1,2.4263,False,0,none,none,0,0.0,0,0,,Negative,0.0,,,,,OK,False
mt_exp5_num_139883,MagneticTile,all,train,MagneticTile/ds/img/exp5_num_139883.jpg,MagneticTile/ds/ann/exp5_num_139883.jpg.json,604,244,604,244,1,2.4754,True,1,uneven,uneven,49693,33.7185,1,49693,49693,Large,1420.43,0,155,603,243,OK,True
mt_exp5_num_143282,MagneticTile,all,train,MagneticTile/ds/img/exp5_num_143282.jpg,MagneticTile/ds/ann/exp5_num_143282.jpg.json,599,254,599,254,1,2.3583,False,0,none,none,0,0.0,0,0,,Negative,0.0,,,,,OK,False
mt_exp5_num_144247,MagneticTile,all,test,MagneticTile/ds/img/exp5_num_144247.jpg,MagneticTile/ds/ann/exp5_num_144247.jpg.json,613,246,613,246,1,2.4919,False,0,none,none,0,0.0,0,0,,Negative,0.0,,,,,OK,False
mt_exp5_num_148007,MagneticTile,all,train,MagneticTile/ds/img/exp5_num_148007.jpg,MagneticTile/ds/ann/exp5_num_148007.jpg.json,599,245,599,245,1,2.4449,False,0,none,none,0,0.0,0,0,,Negative,0.0,,,,,OK,False
mt_exp5_num_149023,MagneticTile,all,train,MagneticTile/ds/img/exp5_num_149023.jpg,MagneticTile/ds/ann/exp5_num_149023.jpg.json,615,267,615,267,1,2.3034,True,1,break,break,2388,1.4543,1,2388,2388,Medium,306.71,77,240,196,266,OK,True
mt_exp5_num_154637,MagneticTile,all,train,MagneticTile/ds/img/exp5_num_154637.jpg,MagneticTile/ds/ann/exp5_num_154637.jpg.json,205,314,205,314,1,0.6529,False,0,none,none,0,0.0,0,0,,Negative,0.0,,,,,OK,False
mt_exp5_num_155415,MagneticTile,all,train,MagneticTile/ds/img/exp5_num_155415.jpg,MagneticTile/ds/ann/exp5_num_155415.jpg.json,195,311,195,311,1,0.627,True,1,uneven,uneven,26990,44.5049,1,26990,26990,Large,673.7,0,165,194,310,OK,True
mt_exp5_num_157271,MagneticTile,all,train,MagneticTile/ds/img/exp5_num_157271.jpg,MagneticTile/ds/ann/exp5_num_157271.jpg.json,193,316,193,316,1,0.6108,False,0,none,none,0,0.0,0,0,,Negative,0.0,,,,,OK,False
mt_exp5_num_157829,MagneticTile,all,train,MagneticTile/ds/img/exp5_num_157829.jpg,MagneticTile/ds/ann/exp5_num_157829.jpg.json,190,320,190,320,1,0.5938,False,0,none,none,0,0.0,0,0,,Negative,0.0,,,,,OK,False
mt_exp5_num_165457,MagneticTile,all,test,MagneticTile/ds/img/exp5_num_165457.jpg,MagneticTile/ds/ann/exp5_num_165457.jpg.json,197,323,197,323,1,0.6099,False,0,none,none,0,0.0,0,0,,Negative,0.0,,,,,OK,False
mt_exp5_num_16596,MagneticTile,all,train,MagneticTile/ds/img/exp5_num_16596.jpg,MagneticTile/ds/ann/exp5_num_16596.jpg.json,535,329,535,329,1,1.6261,False,0,none,none,0,0.0,0,0,,Negative,0.0,,,,,OK,False
mt_exp5_num_166258,MagneticTile,all,test,MagneticTile/ds/img/exp5_num_166258.jpg,MagneticTile/ds/ann/exp5_num_166258.jpg.json,195,316,195,316,1,0.6171,False,0,none,none,0,0.0,0,0,,Negative,0.0,,,,,OK,False
mt_exp5_num_172332,MagneticTile,all,train,MagneticTile/ds/img/exp5_num_172332.jpg,MagneticTile/ds/ann/exp5_num_172332.jpg.json,188,328,188,328,1,0.5732,True,1,uneven,uneven,24559,39.8271,1,24559,24559,Large,649.05,0,0,187,133,OK,True
mt_exp5_num_174768,MagneticTile,all,train,MagneticTile/ds/img/exp5_num_174768.jpg,MagneticTile/ds/ann/exp5_num_174768.jpg.json,196,317,196,317,1,0.6183,False,0,none,none,0,0.0,0,0,,Negative,0.0,,,,,OK,False
mt_exp5_num_178016,MagneticTile,all,train,MagneticTile/ds/img/exp5_num_178016.jpg,MagneticTile/ds/ann/exp5_num_178016.jpg.json,183,303,183,303,1,0.604,False,0,none,none,0,0.0,0,0,,Negative,0.0,,,,,OK,False
mt_exp5_num_178566,MagneticTile,all,train,MagneticTile/ds/img/exp5_num_178566.jpg,MagneticTile/ds/ann/exp5_num_178566.jpg.json,195,313,195,313,1,0.623,False,0,none,none,0,0.0,0,0,,Negative,0.0,,,,,OK,False
mt_exp5_num_180393,MagneticTile,all,train,MagneticTile/ds/img/exp5_num_180393.jpg,MagneticTile/ds/ann/exp5_num_180393.jpg.json,193,327,193,327,1,0.5902,False,0,none,none,0,0.0,0,0,,Negative,0.0,,,,,OK,False
mt_exp5_num_180926,MagneticTile,all,train,MagneticTile/ds/img/exp5_num_180926.jpg,MagneticTile/ds/ann/exp5_num_180926.jpg.json,190,324,190,324,1,0.5864,False,0,none,none,0,0.0,0,0,,Negative,0.0,,,,,OK,False
mt_exp5_num_18227,MagneticTile,all,test,MagneticTile/ds/img/exp5_num_18227.jpg,MagneticTile/ds/ann/exp5_num_18227.jpg.json,518,330,518,330,1,1.5697,False,0,none,none,0,0.0,0,0,,Negative,0.0,,,,,OK,False
mt_exp5_num_183254,MagneticTile,all,train,MagneticTile/ds/img/exp5_num_183254.jpg,MagneticTile/ds/ann/exp5_num_183254.jpg.json,195,323,195,323,1,0.6037,False,0,none,none,0,0.0,0,0,,Negative,0.0,,,,,OK,False
mt_exp5_num_183890,MagneticTile,all,train,MagneticTile/ds/img/exp5_num_183890.jpg,MagneticTile/ds/ann/exp5_num_183890.jpg.json,190,320,190,320,1,0.5938,False,0,none,none,0,0.0,0,0,,Negative,0.0,,,,,OK,False
mt_exp5_num_186953,MagneticTile,all,test,MagneticTile/ds/img/exp5_num_186953.jpg,MagneticTile/ds/ann/exp5_num_186953.jpg.json,188,313,188,313,1,0.6006,True,1,uneven,uneven,28326,48.1374,1,28326,28326,Large,689.69,19,105,187,290,OK,True
mt_exp5_num_187612,MagneticTile,all,train,MagneticTile/ds/img/exp5_num_187612.jpg,MagneticTile/ds/ann/exp5_num_187612.jpg.json,189,334,189,334,1,0.5659,False,0,none,none,0,0.0,0,0,,Negative,0.0,,,,,OK,False
mt_exp5_num_1903,MagneticTile,all,val,MagneticTile/ds/img/exp5_num_1903.jpg,MagneticTile/ds/ann/exp5_num_1903.jpg.json,244,275,244,275,1,0.8873,False,0,none,none,0,0.0,0,0,,Negative,0.0,,,,,OK,False
mt_exp5_num_192233,MagneticTile,all,train,MagneticTile/ds/img/exp5_num_192233.jpg,MagneticTile/ds/ann/exp5_num_192233.jpg.json,198,324,198,324,1,0.6111,False,0,none,none,0,0.0,0,0,,Negative,0.0,,,,,OK,False
mt_exp5_num_193164,MagneticTile,all,test,MagneticTile/ds/img/exp5_num_193164.jpg,MagneticTile/ds/ann/exp5_num_193164.jpg.json,192,319,192,319,1,0.6019,False,0,none,none,0,0.0,0,0,,Negative,0.0,,,,,OK,False
mt_exp5_num_194256,MagneticTile,all,train,MagneticTile/ds/img/exp5_num_194256.jpg,MagneticTile/ds/ann/exp5_num_194256.jpg.json,181,329,181,329,1,0.5502,True,3,break,break,1722,2.8917,3,1389,1389;306;27,Medium,322.45,23,0,180,328,OK,True
mt_exp5_num_195717,MagneticTile,all,val,MagneticTile/ds/img/exp5_num_195717.jpg,MagneticTile/ds/ann/exp5_num_195717.jpg.json,192,327,192,327,1,0.5872,False,0,none,none,0,0.0,0,0,,Negative,0.0,,,,,OK,False
mt_exp5_num_19790,MagneticTile,all,train,MagneticTile/ds/img/exp5_num_19790.jpg,MagneticTile/ds/ann/exp5_num_19790.jpg.json,522,323,522,323,1,1.6161,False,0,none,none,0,0.0,0,0,,Negative,0.0,,,,,OK,False
mt_exp5_num_20449,MagneticTile,all,train,MagneticTile/ds/img/exp5_num_20449.jpg,MagneticTile/ds/ann/exp5_num_20449.jpg.json,459,334,459,334,1,1.3743,True,1,fray,fray,56315,36.7337,1,56315,56315,Large,1251.32,98,0,317,333,OK,True
mt_exp5_num_2089,MagneticTile,all,train,MagneticTile/ds/img/exp5_num_2089.jpg,MagneticTile/ds/ann/exp5_num_2089.jpg.json,499,376,499,376,1,1.3271,False,0,none,none,0,0.0,0,0,,Negative,0.0,,,,,OK,False
mt_exp5_num_240124,MagneticTile,all,train,MagneticTile/ds/img/exp5_num_240124.jpg,MagneticTile/ds/ann/exp5_num_240124.jpg.json,268,370,268,370,1,0.7243,False,0,none,none,0,0.0,0,0,,Negative,0.0,,,,,OK,False
mt_exp5_num_241403,MagneticTile,all,train,MagneticTile/ds/img/exp5_num_241403.jpg,MagneticTile/ds/ann/exp5_num_241403.jpg.json,222,272,222,272,1,0.8162,False,0,none,none,0,0.0,0,0,,Negative,0.0,,,,,OK,False
mt_exp5_num_242089,MagneticTile,all,train,MagneticTile/ds/img/exp5_num_242089.jpg,MagneticTile/ds/ann/exp5_num_242089.jpg.json,200,276,200,276,1,0.7246,True,1,break,break,148,0.2681,1,148,148,Small,89.5,5,0,23,24,OK,True
mt_exp5_num_245817,MagneticTile,all,train,MagneticTile/ds/img/exp5_num_245817.jpg,MagneticTile/ds/ann/exp5_num_245817.jpg.json,220,244,220,244,1,0.9016,False,0,none,none,0,0.0,0,0,,Negative,0.0,,,,,OK,False
mt_exp5_num_246375,MagneticTile,all,train,MagneticTile/ds/img/exp5_num_246375.jpg,MagneticTile/ds/ann/exp5_num_246375.jpg.json,228,271,228,271,1,0.8413,False,0,none,none,0,0.0,0,0,,Negative,0.0,,,,,OK,False
mt_exp5_num_24876,MagneticTile,all,train,MagneticTile/ds/img/exp5_num_24876.jpg,MagneticTile/ds/ann/exp5_num_24876.jpg.json,511,323,511,323,1,1.582,True,1,uneven,uneven,35863,21.7282,1,35863,35863,Large,1231.83,0,197,510,277,OK,True
mt_exp5_num_249786,MagneticTile,all,test,MagneticTile/ds/img/exp5_num_249786.jpg,MagneticTile/ds/ann/exp5_num_249786.jpg.json,220,270,220,270,1,0.8148,True,1,crack,crack,1614,2.7172,1,1614,1614,Medium,569.52,93,0,109,259,OK,True
mt_exp5_num_251519,MagneticTile,all,val,MagneticTile/ds/img/exp5_num_251519.jpg,MagneticTile/ds/ann/exp5_num_251519.jpg.json,222,257,222,257,1,0.8638,False,0,none,none,0,0.0,0,0,,Negative,0.0,,,,,OK,False
mt_exp5_num_255775,MagneticTile,all,test,MagneticTile/ds/img/exp5_num_255775.jpg,MagneticTile/ds/ann/exp5_num_255775.jpg.json,258,363,258,363,1,0.7107,False,0,none,none,0,0.0,0,0,,Negative,0.0,,,,,OK,False
mt_exp5_num_256354,MagneticTile,all,val,MagneticTile/ds/img/exp5_num_256354.jpg,MagneticTile/ds/ann/exp5_num_256354.jpg.json,265,375,265,375,1,0.7067,False,0,none,none,0,0.0,0,0,,Negative,0.0,,,,,OK,False
mt_exp5_num_257273,MagneticTile,all,train,MagneticTile/ds/img/exp5_num_257273.jpg,MagneticTile/ds/ann/exp5_num_257273.jpg.json,210,268,210,268,1,0.7836,False,0,none,none,0,0.0,0,0,,Negative,0.0,,,,,OK,False
mt_exp5_num_257962,MagneticTile,all,train,MagneticTile/ds/img/exp5_num_257962.jpg,MagneticTile/ds/ann/exp5_num_257962.jpg.json,248,344,248,344,1,0.7209,False,0,none,none,0,0.0,0,0,,Negative,0.0,,,,,OK,False
mt_exp5_num_258619,MagneticTile,all,train,MagneticTile/ds/img/exp5_num_258619.jpg,MagneticTile/ds/ann/exp5_num_258619.jpg.json,239,343,239,343,1,0.6968,True,1,fray,fray,27274,33.2703,1,27274,27274,Large,1022.95,39,19,219,342,OK,True
mt_exp5_num_258905,MagneticTile,all,train,MagneticTile/ds/img/exp5_num_258905.jpg,MagneticTile/ds/ann/exp5_num_258905.jpg.json,217,262,217,262,1,0.8282,False,0,none,none,0,0.0,0,0,,Negative,0.0,,,,,OK,False
mt_exp5_num_260550,MagneticTile,all,train,MagneticTile/ds/img/exp5_num_260550.jpg,MagneticTile/ds/ann/exp5_num_260550.jpg.json,222,266,222,266,1,0.8346,False,0,none,none,0,0.0,0,0,,Negative,0.0,,,,,OK,False
mt_exp5_num_260989,MagneticTile,all,test,MagneticTile/ds/img/exp5_num_260989.jpg,MagneticTile/ds/ann/exp5_num_260989.jpg.json,226,270,226,270,1,0.837,False,0,none,none,0,0.0,0,0,,Negative,0.0,,,,,OK,False
mt_exp5_num_262018,MagneticTile,all,train,MagneticTile/ds/img/exp5_num_262018.jpg,MagneticTile/ds/ann/exp5_num_262018.jpg.json,221,270,221,270,1,0.8185,False,0,none,none,0,0.0,0,0,,Negative,0.0,,,,,OK,False
mt_exp5_num_26212,MagneticTile,all,train,MagneticTile/ds/img/exp5_num_26212.jpg,MagneticTile/ds/ann/exp5_num_26212.jpg.json,498,323,498,323,1,1.5418,True,1,break,break,3914,2.4333,1,3914,3914,Medium,327.82,0,0,105,48,OK,True
mt_exp5_num_262271,MagneticTile,all,train,MagneticTile/ds/img/exp5_num_262271.jpg,MagneticTile/ds/ann/exp5_num_262271.jpg.json,270,377,270,377,1,0.7162,False,0,none,none,0,0.0,0,0,,Negative,0.0,,,,,OK,False
mt_exp5_num_262654,MagneticTile,all,train,MagneticTile/ds/img/exp5_num_262654.jpg,MagneticTile/ds/ann/exp5_num_262654.jpg.json,182,254,182,254,1,0.7165,True,1,blowhole,blowhole,43,0.093,1,43,43,Small,22.24,101,168,107,174,OK,True
mt_exp5_num_262702,MagneticTile,all,train,MagneticTile/ds/img/exp5_num_262702.jpg,MagneticTile/ds/ann/exp5_num_262702.jpg.json,271,364,271,364,1,0.7445,False,0,none,none,0,0.0,0,0,,Negative,0.0,,,,,OK,False
mt_exp5_num_263887,MagneticTile,all,val,MagneticTile/ds/img/exp5_num_263887.jpg,MagneticTile/ds/ann/exp5_num_263887.jpg.json,264,373,264,373,1,0.7078,False,0,none,none,0,0.0,0,0,,Negative,0.0,,,,,OK,False
mt_exp5_num_264257,MagneticTile,all,train,MagneticTile/ds/img/exp5_num_264257.jpg,MagneticTile/ds/ann/exp5_num_264257.jpg.json,269,367,269,367,1,0.733,False,0,none,none,0,0.0,0,0,,Negative,0.0,,,,,OK,False
mt_exp5_num_265149,MagneticTile,all,train,MagneticTile/ds/img/exp5_num_265149.jpg,MagneticTile/ds/ann/exp5_num_265149.jpg.json,262,360,262,360,1,0.7278,True,1,blowhole,blowhole,145,0.1537,1,145,145,Small,43.56,243,11,253,26,OK,True
mt_exp5_num_265695,MagneticTile,all,train,MagneticTile/ds/img/exp5_num_265695.jpg,MagneticTile/ds/ann/exp5_num_265695.jpg.json,203,386,203,386,1,0.5259,True,2,crack,crack,444,0.5666,2,242,242;202,Small,152.57,61,0,155,385,OK,True
mt_exp5_num_266347,MagneticTile,all,val,MagneticTile/ds/img/exp5_num_266347.jpg,MagneticTile/ds/ann/exp5_num_266347.jpg.json,213,247,213,247,1,0.8623,False,0,none,none,0,0.0,0,0,,Negative,0.0,,,,,OK,False
mt_exp5_num_266861,MagneticTile,all,test,MagneticTile/ds/img/exp5_num_266861.jpg,MagneticTile/ds/ann/exp5_num_266861.jpg.json,219,276,219,276,1,0.7935,False,0,none,none,0,0.0,0,0,,Negative,0.0,,,,,OK,False
mt_exp5_num_2673,MagneticTile,all,train,MagneticTile/ds/img/exp5_num_2673.jpg,MagneticTile/ds/ann/exp5_num_2673.jpg.json,126,284,126,284,1,0.4437,False,0,none,none,0,0.0,0,0,,Negative,0.0,,,,,OK,False
mt_exp5_num_269152,MagneticTile,all,test,MagneticTile/ds/img/exp5_num_269152.jpg,MagneticTile/ds/ann/exp5_num_269152.jpg.json,226,282,226,282,1,0.8014,False,0,none,none,0,0.0,0,0,,Negative,0.0,,,,,OK,False
mt_exp5_num_269697,MagneticTile,all,val,MagneticTile/ds/img/exp5_num_269697.jpg,MagneticTile/ds/ann/exp5_num_269697.jpg.json,218,264,218,264,1,0.8258,False,0,none,none,0,0.0,0,0,,Negative,0.0,,,,,OK,False
mt_exp5_num_270218,MagneticTile,all,train,MagneticTile/ds/img/exp5_num_270218.jpg,MagneticTile/ds/ann/exp5_num_270218.jpg.json,242,359,242,359,1,0.6741,True,1,uneven,uneven,34565,39.7857,1,34565,34565,Large,873.67,0,167,241,333,OK,True
mt_exp5_num_270623,MagneticTile,all,train,MagneticTile/ds/img/exp5_num_270623.jpg,MagneticTile/ds/ann/exp5_num_270623.jpg.json,245,339,245,339,1,0.7227,False,0,none,none,0,0.0,0,0,,Negative,0.0,,,,,OK,False
mt_exp5_num_270847,MagneticTile,all,test,MagneticTile/ds/img/exp5_num_270847.jpg,MagneticTile/ds/ann/exp5_num_270847.jpg.json,219,275,219,275,1,0.7964,False,0,none,none,0,0.0,0,0,,Negative,0.0,,,,,OK,False
mt_exp5_num_271434,MagneticTile,all,train,MagneticTile/ds/img/exp5_num_271434.jpg,MagneticTile/ds/ann/exp5_num_271434.jpg.json,221,278,221,278,1,0.795,True,1,break,break,153,0.249,1,153,153,Small,108.08,12,0,25,40,OK,True
mt_exp5_num_274174,MagneticTile,all,val,MagneticTile/ds/img/exp5_num_274174.jpg,MagneticTile/ds/ann/exp5_num_274174.jpg.json,223,270,223,270,1,0.8259,True,1,uneven,uneven,8239,13.6838,1,8239,8239,Large,507.52,0,0,187,90,OK,True
mt_exp5_num_275434,MagneticTile,all,train,MagneticTile/ds/img/exp5_num_275434.jpg,MagneticTile/ds/ann/exp5_num_275434.jpg.json,265,375,265,375,1,0.7067,False,0,none,none,0,0.0,0,0,,Negative,0.0,,,,,OK,False
mt_exp5_num_275722,MagneticTile,all,val,MagneticTile/ds/img/exp5_num_275722.jpg,MagneticTile/ds/ann/exp5_num_275722.jpg.json,269,374,269,374,1,0.7193,False,0,none,none,0,0.0,0,0,,Negative,0.0,,,,,OK,False
mt_exp5_num_276416,MagneticTile,all,train,MagneticTile/ds/img/exp5_num_276416.jpg,MagneticTile/ds/ann/exp5_num_276416.jpg.json,253,385,253,385,1,0.6571,True,2,break,break,222,0.2279,2,145,145;77,Small,92.53,90,0,133,13,OK,True
mt_exp5_num_277059,MagneticTile,all,train,MagneticTile/ds/img/exp5_num_277059.jpg,MagneticTile/ds/ann/exp5_num_277059.jpg.json,263,366,263,366,1,0.7186,False,0,none,none,0,0.0,0,0,,Negative,0.0,,,,,OK,False
mt_exp5_num_278628,MagneticTile,all,train,MagneticTile/ds/img/exp5_num_278628.jpg,MagneticTile/ds/ann/exp5_num_278628.jpg.json,264,366,264,366,1,0.7213,False,0,none,none,0,0.0,0,0,,Negative,0.0,,,,,OK,False
mt_exp5_num_279145,MagneticTile,all,train,MagneticTile/ds/img/exp5_num_279145.jpg,MagneticTile/ds/ann/exp5_num_279145.jpg.json,269,376,269,376,1,0.7154,False,0,none,none,0,0.0,0,0,,Negative,0.0,,,,,OK,False
mt_exp5_num_280271,MagneticTile,all,train,MagneticTile/ds/img/exp5_num_280271.jpg,MagneticTile/ds/ann/exp5_num_280271.jpg.json,254,353,254,353,1,0.7195,False,0,none,none,0,0.0,0,0,,Negative,0.0,,,,,OK,False
mt_exp5_num_281007,MagneticTile,all,train,MagneticTile/ds/img/exp5_num_281007.jpg,MagneticTile/ds/ann/exp5_num_281007.jpg.json,247,369,247,369,1,0.6694,False,0,none,none,0,0.0,0,0,,Negative,0.0,,,,,OK,False
mt_exp5_num_282932,MagneticTile,all,train,MagneticTile/ds/img/exp5_num_282932.jpg,MagneticTile/ds/ann/exp5_num_282932.jpg.json,252,355,252,355,1,0.7099,False,0,none,none,0,0.0,0,0,,Negative,0.0,,,,,OK,False
mt_exp5_num_283254,MagneticTile,all,train,MagneticTile/ds/img/exp5_num_283254.jpg,MagneticTile/ds/ann/exp5_num_283254.jpg.json,258,323,258,323,1,0.7988,False,0,none,none,0,0.0,0,0,,Negative,0.0,,,,,OK,False
mt_exp5_num_28404,MagneticTile,all,train,MagneticTile/ds/img/exp5_num_28404.jpg,MagneticTile/ds/ann/exp5_num_28404.jpg.json,519,332,519,332,1,1.5633,True,1,uneven,uneven,8312,4.8239,1,8312,8312,Large,468.07,345,0,518,79,OK,True
mt_exp5_num_284552,MagneticTile,all,train,MagneticTile/ds/img/exp5_num_284552.jpg,MagneticTile/ds/ann/exp5_num_284552.jpg.json,257,368,257,368,1,0.6984,True,1,break,break,21196,22.4116,1,21196,21196,Large,1347.72,0,123,256,367,OK,True
mt_exp5_num_284910,MagneticTile,all,test,MagneticTile/ds/img/exp5_num_284910.jpg,MagneticTile/ds/ann/exp5_num_284910.jpg.json,252,363,252,363,1,0.6942,False,0,none,none,0,0.0,0,0,,Negative,0.0,,,,,OK,False
mt_exp5_num_286294,MagneticTile,all,train,MagneticTile/ds/img/exp5_num_286294.jpg,MagneticTile/ds/ann/exp5_num_286294.jpg.json,296,352,296,352,1,0.8409,False,0,none,none,0,0.0,0,0,,Negative,0.0,,,,,OK,False
mt_exp5_num_289653,MagneticTile,all,train,MagneticTile/ds/img/exp5_num_289653.jpg,MagneticTile/ds/ann/exp5_num_289653.jpg.json,306,344,306,344,1,0.8895,False,0,none,none,0,0.0,0,0,,Negative,0.0,,,,,OK,False
mt_exp5_num_290107,MagneticTile,all,train,MagneticTile/ds/img/exp5_num_290107.jpg,MagneticTile/ds/ann/exp5_num_290107.jpg.json,308,358,308,358,1,0.8603,False,0,none,none,0,0.0,0,0,,Negative,0.0,,,,,OK,False
mt_exp5_num_291077,MagneticTile,all,train,MagneticTile/ds/img/exp5_num_291077.jpg,MagneticTile/ds/ann/exp5_num_291077.jpg.json,295,356,295,356,1,0.8287,True,1,blowhole,blowhole,482,0.459,1,482,482,Small,203.87,245,297,278,329,OK,True
mt_exp5_num_292160,MagneticTile,all,test,MagneticTile/ds/img/exp5_num_292160.jpg,MagneticTile/ds/ann/exp5_num_292160.jpg.json,303,339,303,339,1,0.8938,False,0,none,none,0,0.0,0,0,,Negative,0.0,,,,,OK,False
mt_exp5_num_293317,MagneticTile,all,val,MagneticTile/ds/img/exp5_num_293317.jpg,MagneticTile/ds/ann/exp5_num_293317.jpg.json,306,342,306,342,1,0.8947,False,0,none,none,0,0.0,0,0,,Negative,0.0,,,,,OK,False
mt_exp5_num_293876,MagneticTile,all,train,MagneticTile/ds/img/exp5_num_293876.jpg,MagneticTile/ds/ann/exp5_num_293876.jpg.json,311,341,311,341,1,0.912,False,0,none,none,0,0.0,0,0,,Negative,0.0,,,,,OK,False
mt_exp5_num_29537,MagneticTile,all,test,MagneticTile/ds/img/exp5_num_29537.jpg,MagneticTile/ds/ann/exp5_num_29537.jpg.json,537,323,537,323,1,1.6625,False,0,none,none,0,0.0,0,0,,Negative,0.0,,,,,OK,False
mt_exp5_num_296701,MagneticTile,all,train,MagneticTile/ds/img/exp5_num_296701.jpg,MagneticTile/ds/ann/exp5_num_296701.jpg.json,312,353,312,353,1,0.8839,False,0,none,none,0,0.0,0,0,,Negative,0.0,,,,,OK,False
mt_exp5_num_297341,MagneticTile,all,train,MagneticTile/ds/img/exp5_num_297341.jpg,MagneticTile/ds/ann/exp5_num_297341.jpg.json,317,342,317,342,1,0.9269,False,0,none,none,0,0.0,0,0,,Negative,0.0,,,,,OK,False
mt_exp5_num_297552,MagneticTile,all,train,MagneticTile/ds/img/exp5_num_297552.jpg,MagneticTile/ds/ann/exp5_num_297552.jpg.json,221,272,221,272,1,0.8125,True,1,blowhole,blowhole,33,0.0549,1,33,33,Small,18.83,208,125,212,131,OK,True
mt_exp5_num_299793,MagneticTile,all,train,MagneticTile/ds/img/exp5_num_299793.jpg,MagneticTile/ds/ann/exp5_num_299793.jpg.json,219,264,219,264,1,0.8295,False,0,none,none,0,0.0,0,0,,Negative,0.0,,,,,OK,False
mt_exp5_num_301547,MagneticTile,all,train,MagneticTile/ds/img/exp5_num_301547.jpg,MagneticTile/ds/ann/exp5_num_301547.jpg.json,377,369,377,369,1,1.0217,False,0,none,none,0,0.0,0,0,,Negative,0.0,,,,,OK,False
mt_exp5_num_304340,MagneticTile,all,train,MagneticTile/ds/img/exp5_num_304340.jpg,MagneticTile/ds/ann/exp5_num_304340.jpg.json,323,331,323,331,1,0.9758,False,0,none,none,0,0.0,0,0,,Negative,0.0,,,,,OK,False
mt_exp5_num_304345,MagneticTile,all,val,MagneticTile/ds/img/exp5_num_304345.jpg,MagneticTile/ds/ann/exp5_num_304345.jpg.json,212,263,212,263,1,0.8061,True,2,break,break,12066,21.6407,2,12051,12051;15,Large,744.13,134,0,211,262,OK,True
mt_exp5_num_304772,MagneticTile,all,train,MagneticTile/ds/img/exp5_num_304772.jpg,MagneticTile/ds/ann/exp5_num_304772.jpg.json,326,313,326,313,1,1.0415,False,0,none,none,0,0.0,0,0,,Negative,0.0,,,,,OK,False
mt_exp5_num_304927,MagneticTile,all,train,MagneticTile/ds/img/exp5_num_304927.jpg,MagneticTile/ds/ann/exp5_num_304927.jpg.json,216,271,216,271,1,0.797,False,0,none,none,0,0.0,0,0,,Negative,0.0,,,,,OK,False
mt_exp5_num_306480,MagneticTile,all,train,MagneticTile/ds/img/exp5_num_306480.jpg,MagneticTile/ds/ann/exp5_num_306480.jpg.json,214,268,214,268,1,0.7985,False,0,none,none,0,0.0,0,0,,Negative,0.0,,,,,OK,False
mt_exp5_num_306654,MagneticTile,all,train,MagneticTile/ds/img/exp5_num_306654.jpg,MagneticTile/ds/ann/exp5_num_306654.jpg.json,355,366,355,366,1,0.9699,False,0,none,none,0,0.0,0,0,,Negative,0.0,,,,,OK,False
mt_exp5_num_308098,MagneticTile,all,train,MagneticTile/ds/img/exp5_num_308098.jpg,MagneticTile/ds/ann/exp5_num_308098.jpg.json,220,278,220,278,1,0.7914,True,1,blowhole,blowhole,39,0.0638,1,39,39,Small,24.49,212,191,216,200,OK,True
mt_exp5_num_308863,MagneticTile,all,train,MagneticTile/ds/img/exp5_num_308863.jpg,MagneticTile/ds/ann/exp5_num_308863.jpg.json,363,370,363,370,1,0.9811,False,0,none,none,0,0.0,0,0,,Negative,0.0,,,,,OK,False
mt_exp5_num_309407,MagneticTile,all,train,MagneticTile/ds/img/exp5_num_309407.jpg,MagneticTile/ds/ann/exp5_num_309407.jpg.json,366,356,366,356,1,1.0281,False,0,none,none,0,0.0,0,0,,Negative,0.0,,,,,OK,False
mt_exp5_num_309704,MagneticTile,all,test,MagneticTile/ds/img/exp5_num_309704.jpg,MagneticTile/ds/ann/exp5_num_309704.jpg.json,223,271,223,271,1,0.8229,False,0,none,none,0,0.0,0,0,,Negative,0.0,,,,,OK,False
mt_exp5_num_311371,MagneticTile,all,train,MagneticTile/ds/img/exp5_num_311371.jpg,MagneticTile/ds/ann/exp5_num_311371.jpg.json,202,265,202,265,1,0.7623,False,0,none,none,0,0.0,0,0,,Negative,0.0,,,,,OK,False
mt_exp5_num_31166,MagneticTile,all,test,MagneticTile/ds/img/exp5_num_31166.jpg,MagneticTile/ds/ann/exp5_num_31166.jpg.json,126,284,126,284,1,0.4437,False,0,none,none,0,0.0,0,0,,Negative,0.0,,,,,OK,False
mt_exp5_num_311887,MagneticTile,all,train,MagneticTile/ds/img/exp5_num_311887.jpg,MagneticTile/ds/ann/exp5_num_311887.jpg.json,230,284,230,284,1,0.8099,True,1,uneven,uneven,8074,12.3607,1,8074,8074,Large,560.37,0,246,229,283,OK,True
mt_exp5_num_313536,MagneticTile,all,test,MagneticTile/ds/img/exp5_num_313536.jpg,MagneticTile/ds/ann/exp5_num_313536.jpg.json,247,346,247,346,1,0.7139,True,1,uneven,uneven,25594,29.9478,1,25594,25594,Large,725.34,0,0,246,118,OK,True
mt_exp5_num_313892,MagneticTile,all,val,MagneticTile/ds/img/exp5_num_313892.jpg,MagneticTile/ds/ann/exp5_num_313892.jpg.json,260,355,260,355,1,0.7324,False,0,none,none,0,0.0,0,0,,Negative,0.0,,,,,OK,False
mt_exp5_num_315045,MagneticTile,all,train,MagneticTile/ds/img/exp5_num_315045.jpg,MagneticTile/ds/ann/exp5_num_315045.jpg.json,215,268,215,268,1,0.8022,False,0,none,none,0,0.0,0,0,,Negative,0.0,,,,,OK,False
mt_exp5_num_316375,MagneticTile,all,val,MagneticTile/ds/img/exp5_num_316375.jpg,MagneticTile/ds/ann/exp5_num_316375.jpg.json,377,362,377,362,1,1.0414,False,0,none,none,0,0.0,0,0,,Negative,0.0,,,,,OK,False
mt_exp5_num_316749,MagneticTile,all,val,MagneticTile/ds/img/exp5_num_316749.jpg,MagneticTile/ds/ann/exp5_num_316749.jpg.json,344,372,344,372,1,0.9247,False,0,none,none,0,0.0,0,0,,Negative,0.0,,,,,OK,False
mt_exp5_num_317558,MagneticTile,all,val,MagneticTile/ds/img/exp5_num_317558.jpg,MagneticTile/ds/ann/exp5_num_317558.jpg.json,217,271,217,271,1,0.8007,True,1,blowhole,blowhole,117,0.199,1,117,117,Small,40.73,93,223,107,232,OK,True
mt_exp5_num_317612,MagneticTile,all,train,MagneticTile/ds/img/exp5_num_317612.jpg,MagneticTile/ds/ann/exp5_num_317612.jpg.json,375,352,375,352,1,1.0653,False,0,none,none,0,0.0,0,0,,Negative,0.0,,,,,OK,False
mt_exp5_num_317949,MagneticTile,all,train,MagneticTile/ds/img/exp5_num_317949.jpg,MagneticTile/ds/ann/exp5_num_317949.jpg.json,360,360,360,360,1,1.0,False,0,none,none,0,0.0,0,0,,Negative,0.0,,,,,OK,False
mt_exp5_num_319370,MagneticTile,all,train,MagneticTile/ds/img/exp5_num_319370.jpg,MagneticTile/ds/ann/exp5_num_319370.jpg.json,370,368,370,368,1,1.0054,False,0,none,none,0,0.0,0,0,,Negative,0.0,,,,,OK,False
mt_exp5_num_319483,MagneticTile,all,train,MagneticTile/ds/img/exp5_num_319483.jpg,MagneticTile/ds/ann/exp5_num_319483.jpg.json,229,284,229,284,1,0.8063,False,0,none,none,0,0.0,0,0,,Negative,0.0,,,,,OK,False
mt_exp5_num_319758,MagneticTile,all,train,MagneticTile/ds/img/exp5_num_319758.jpg,MagneticTile/ds/ann/exp5_num_319758.jpg.json,347,367,347,367,1,0.9455,False,0,none,none,0,0.0,0,0,,Negative,0.0,,,,,OK,False
mt_exp5_num_320520,MagneticTile,all,train,MagneticTile/ds/img/exp5_num_320520.jpg,MagneticTile/ds/ann/exp5_num_320520.jpg.json,363,369,363,369,1,0.9837,False,0,none,none,0,0.0,0,0,,Negative,0.0,,,,,OK,False
mt_exp5_num_320724,MagneticTile,all,train,MagneticTile/ds/img/exp5_num_320724.jpg,MagneticTile/ds/ann/exp5_num_320724.jpg.json,201,270,201,270,1,0.7444,True,1,break,break,325,0.5989,1,325,325,Small,114.81,170,221,194,252,OK,True
mt_exp5_num_320853,MagneticTile,all,test,MagneticTile/ds/img/exp5_num_320853.jpg,MagneticTile/ds/ann/exp5_num_320853.jpg.json,359,354,359,354,1,1.0141,False,0,none,none,0,0.0,0,0,,Negative,0.0,,,,,OK,False
mt_exp5_num_321489,MagneticTile,all,test,MagneticTile/ds/img/exp5_num_321489.jpg,MagneticTile/ds/ann/exp5_num_321489.jpg.json,370,367,370,367,1,1.0082,False,0,none,none,0,0.0,0,0,,Negative,0.0,,,,,OK,False
mt_exp5_num_32201,MagneticTile,all,train,MagneticTile/ds/img/exp5_num_32201.jpg,MagneticTile/ds/ann/exp5_num_32201.jpg.json,121,287,121,287,1,0.4216,True,1,crack,crack,297,0.8552,1,297,297,Small,129.3,3,253,41,286,OK,True
mt_exp5_num_322672,MagneticTile,all,test,MagneticTile/ds/img/exp5_num_322672.jpg,MagneticTile/ds/ann/exp5_num_322672.jpg.json,216,254,216,254,1,0.8504,True,1,blowhole,blowhole,147,0.2679,1,147,147,Small,50.63,193,192,203,211,OK,True
mt_exp5_num_323381,MagneticTile,all,train,MagneticTile/ds/img/exp5_num_323381.jpg,MagneticTile/ds/ann/exp5_num_323381.jpg.json,226,270,226,270,1,0.837,False,0,none,none,0,0.0,0,0,,Negative,0.0,,,,,OK,False
mt_exp5_num_3247,MagneticTile,all,train,MagneticTile/ds/img/exp5_num_3247.jpg,MagneticTile/ds/ann/exp5_num_3247.jpg.json,375,376,375,376,1,0.9973,True,1,crack,crack,710,0.5035,1,710,710,Small,251.54,249,0,270,108,OK,True
mt_exp5_num_326642,MagneticTile,all,val,MagneticTile/ds/img/exp5_num_326642.jpg,MagneticTile/ds/ann/exp5_num_326642.jpg.json,370,348,370,348,1,1.0632,False,0,none,none,0,0.0,0,0,,Negative,0.0,,,,,OK,False
mt_exp5_num_326973,MagneticTile,all,train,MagneticTile/ds/img/exp5_num_326973.jpg,MagneticTile/ds/ann/exp5_num_326973.jpg.json,352,370,352,370,1,0.9514,False,0,none,none,0,0.0,0,0,,Negative,0.0,,,,,OK,False
mt_exp5_num_328057,MagneticTile,all,train,MagneticTile/ds/img/exp5_num_328057.jpg,MagneticTile/ds/ann/exp5_num_328057.jpg.json,354,360,354,360,1,0.9833,True,1,blowhole,blowhole,121,0.0949,1,121,121,Small,45.46,50,81,61,97,OK,True
mt_exp5_num_329283,MagneticTile,all,val,MagneticTile/ds/img/exp5_num_329283.jpg,MagneticTile/ds/ann/exp5_num_329283.jpg.json,372,362,372,362,1,1.0276,False,0,none,none,0,0.0,0,0,,Negative,0.0,,,,,OK,False
mt_exp5_num_331230,MagneticTile,all,train,MagneticTile/ds/img/exp5_num_331230.jpg,MagneticTile/ds/ann/exp5_num_331230.jpg.json,360,368,360,368,1,0.9783,False,0,none,none,0,0.0,0,0,,Negative,0.0,,,,,OK,False
mt_exp5_num_331983,MagneticTile,all,train,MagneticTile/ds/img/exp5_num_331983.jpg,MagneticTile/ds/ann/exp5_num_331983.jpg.json,370,358,370,358,1,1.0335,False,0,none,none,0,0.0,0,0,,Negative,0.0,,,,,OK,False
mt_exp5_num_332745,MagneticTile,all,test,MagneticTile/ds/img/exp5_num_332745.jpg,MagneticTile/ds/ann/exp5_num_332745.jpg.json,291,348,291,348,1,0.8362,False,0,none,none,0,0.0,0,0,,Negative,0.0,,,,,OK,False
mt_exp5_num_33487,MagneticTile,all,train,MagneticTile/ds/img/exp5_num_33487.jpg,MagneticTile/ds/ann/exp5_num_33487.jpg.json,516,313,516,313,1,1.6486,True,1,uneven,uneven,40643,25.1647,1,40643,40643,Large,1229.81,0,0,515,97,OK,True
mt_exp5_num_337720,MagneticTile,all,train,MagneticTile/ds/img/exp5_num_337720.jpg,MagneticTile/ds/ann/exp5_num_337720.jpg.json,481,376,481,376,1,1.2793,False,0,none,none,0,0.0,0,0,,Negative,0.0,,,,,OK,False
mt_exp5_num_338911,MagneticTile,all,train,MagneticTile/ds/img/exp5_num_338911.jpg,MagneticTile/ds/ann/exp5_num_338911.jpg.json,487,376,487,376,1,1.2952,False,0,none,none,0,0.0,0,0,,Negative,0.0,,,,,OK,False
mt_exp5_num_339932,MagneticTile,all,train,MagneticTile/ds/img/exp5_num_339932.jpg,MagneticTile/ds/ann/exp5_num_339932.jpg.json,447,369,447,369,1,1.2114,True,1,crack,crack,235,0.1425,1,235,235,Small,86.38,151,0,158,36,OK,True
mt_exp5_num_34157,MagneticTile,all,train,MagneticTile/ds/img/exp5_num_34157.jpg,MagneticTile/ds/ann/exp5_num_34157.jpg.json,519,324,519,324,1,1.6019,False,0,none,none,0,0.0,0,0,,Negative,0.0,,,,,OK,False
mt_exp5_num_342212,MagneticTile,all,train,MagneticTile/ds/img/exp5_num_342212.jpg,MagneticTile/ds/ann/exp5_num_342212.jpg.json,392,377,392,377,1,1.0398,True,2,crack,crack,524,0.3546,2,273,273;251,Small,288.55,174,0,266,67,OK,True
mt_exp5_num_342943,MagneticTile,all,test,MagneticTile/ds/img/exp5_num_342943.jpg,MagneticTile/ds/ann/exp5_num_342943.jpg.json,503,373,503,373,1,1.3485,False,0,none,none,0,0.0,0,0,,Negative,0.0,,,,,OK,False
mt_exp5_num_344604,MagneticTile,all,test,MagneticTile/ds/img/exp5_num_344604.jpg,MagneticTile/ds/ann/exp5_num_344604.jpg.json,490,383,490,383,1,1.2794,False,0,none,none,0,0.0,0,0,,Negative,0.0,,,,,OK,False
mt_exp5_num_346381,MagneticTile,all,train,MagneticTile/ds/img/exp5_num_346381.jpg,MagneticTile/ds/ann/exp5_num_346381.jpg.json,510,364,510,364,1,1.4011,True,1,blowhole,blowhole,95,0.0512,1,95,95,Small,40.38,283,52,293,61,OK,True
mt_exp5_num_348696,MagneticTile,all,train,MagneticTile/ds/img/exp5_num_348696.jpg,MagneticTile/ds/ann/exp5_num_348696.jpg.json,509,381,509,381,1,1.336,True,1,break,break,421,0.2171,1,421,421,Small,126.12,21,8,57,36,OK,True
mt_exp5_num_349891,MagneticTile,all,val,MagneticTile/ds/img/exp5_num_349891.jpg,MagneticTile/ds/ann/exp5_num_349891.jpg.json,488,373,488,373,1,1.3083,False,0,none,none,0,0.0,0,0,,Negative,0.0,,,,,OK,False
mt_exp5_num_351099,MagneticTile,all,train,MagneticTile/ds/img/exp5_num_351099.jpg,MagneticTile/ds/ann/exp5_num_351099.jpg.json,490,355,490,355,1,1.3803,False,0,none,none,0,0.0,0,0,,Negative,0.0,,,,,OK,False
mt_exp5_num_351488,MagneticTile,all,test,MagneticTile/ds/img/exp5_num_351488.jpg,MagneticTile/ds/ann/exp5_num_351488.jpg.json,518,363,518,363,1,1.427,False,0,none,none,0,0.0,0,0,,Negative,0.0,,,,,OK,False
mt_exp5_num_352540,MagneticTile,all,train,MagneticTile/ds/img/exp5_num_352540.jpg,MagneticTile/ds/ann/exp5_num_352540.jpg.json,503,385,503,385,1,1.3065,True,1,uneven,uneven,40494,20.9104,1,40494,40494,Large,1193.69,0,300,502,384,OK,True
mt_exp5_num_354439,MagneticTile,all,train,MagneticTile/ds/img/exp5_num_354439.jpg,MagneticTile/ds/ann/exp5_num_354439.jpg.json,502,350,502,350,1,1.4343,False,0,none,none,0,0.0,0,0,,Negative,0.0,,,,,OK,False
mt_exp5_num_355692,MagneticTile,all,val,MagneticTile/ds/img/exp5_num_355692.jpg,MagneticTile/ds/ann/exp5_num_355692.jpg.json,485,380,485,380,1,1.2763,False,0,none,none,0,0.0,0,0,,Negative,0.0,,,,,OK,False
mt_exp5_num_356780,MagneticTile,all,train,MagneticTile/ds/img/exp5_num_356780.jpg,MagneticTile/ds/ann/exp5_num_356780.jpg.json,512,383,512,383,1,1.3368,True,2,break,break,676,0.3447,2,654,654;22,Small,178.37,449,355,506,377,OK,True
mt_exp5_num_3572,MagneticTile,all,train,MagneticTile/ds/img/exp5_num_3572.jpg,MagneticTile/ds/ann/exp5_num_3572.jpg.json,130,269,130,269,1,0.4833,False,0,none,none,0,0.0,0,0,,Negative,0.0,,,,,OK,False
mt_exp5_num_358149,MagneticTile,all,train,MagneticTile/ds/img/exp5_num_358149.jpg,MagneticTile/ds/ann/exp5_num_358149.jpg.json,484,386,484,386,1,1.2539,False,0,none,none,0,0.0,0,0,,Negative,0.0,,,,,OK,False
mt_exp5_num_358999,MagneticTile,all,train,MagneticTile/ds/img/exp5_num_358999.jpg,MagneticTile/ds/ann/exp5_num_358999.jpg.json,480,370,480,370,1,1.2973,False,0,none,none,0,0.0,0,0,,Negative,0.0,,,,,OK,False
mt_exp5_num_359512,MagneticTile,all,val,MagneticTile/ds/img/exp5_num_359512.jpg,MagneticTile/ds/ann/exp5_num_359512.jpg.json,512,377,512,377,1,1.3581,False,0,none,none,0,0.0,0,0,,Negative,0.0,,,,,OK,False
mt_exp5_num_36269,MagneticTile,all,train,MagneticTile/ds/img/exp5_num_36269.jpg,MagneticTile/ds/ann/exp5_num_36269.jpg.json,119,291,119,291,1,0.4089,True,1,blowhole,blowhole,227,0.6555,1,227,227,Small,65.7,66,86,82,109,OK,True
mt_exp5_num_37084,MagneticTile,all,train,MagneticTile/ds/img/exp5_num_37084.jpg,MagneticTile/ds/ann/exp5_num_37084.jpg.json,123,275,123,275,1,0.4473,False,0,none,none,0,0.0,0,0,,Negative,0.0,,,,,OK,False
mt_exp5_num_37319,MagneticTile,all,train,MagneticTile/ds/img/exp5_num_37319.jpg,MagneticTile/ds/ann/exp5_num_37319.jpg.json,520,328,520,328,1,1.5854,False,0,none,none,0,0.0,0,0,,Negative,0.0,,,,,OK,False
mt_exp5_num_3746,MagneticTile,all,train,MagneticTile/ds/img/exp5_num_3746.jpg,MagneticTile/ds/ann/exp5_num_3746.jpg.json,478,361,478,361,1,1.3241,True,1,blowhole,blowhole,103,0.0597,1,103,103,Small,36.38,284,58,295,69,OK,True
mt_exp5_num_37636,MagneticTile,all,val,MagneticTile/ds/img/exp5_num_37636.jpg,MagneticTile/ds/ann/exp5_num_37636.jpg.json,131,286,131,286,1,0.458,False,0,none,none,0,0.0,0,0,,Negative,0.0,,,,,OK,False
mt_exp5_num_38064,MagneticTile,all,train,MagneticTile/ds/img/exp5_num_38064.jpg,MagneticTile/ds/ann/exp5_num_38064.jpg.json,523,333,523,333,1,1.5706,False,0,none,none,0,0.0,0,0,,Negative,0.0,,,,,OK,False
mt_exp5_num_3899,MagneticTile,all,val,MagneticTile/ds/img/exp5_num_3899.jpg,MagneticTile/ds/ann/exp5_num_3899.jpg.json,121,282,121,282,1,0.4291,False,0,none,none,0,0.0,0,0,,Negative,0.0,,,,,OK,False
mt_exp5_num_39497,MagneticTile,all,train,MagneticTile/ds/img/exp5_num_39497.jpg,MagneticTile/ds/ann/exp5_num_39497.jpg.json,135,291,135,291,1,0.4639,False,0,none,none,0,0.0,0,0,,Negative,0.0,,,,,OK,False
mt_exp5_num_40480,MagneticTile,all,val,MagneticTile/ds/img/exp5_num_40480.jpg,MagneticTile/ds/ann/exp5_num_40480.jpg.json,116,280,116,280,1,0.4143,True,1,blowhole,blowhole,119,0.3664,1,119,119,Small,40.97,47,137,61,146,OK,True
mt_exp5_num_43878,MagneticTile,all,train,MagneticTile/ds/img/exp5_num_43878.jpg,MagneticTile/ds/ann/exp5_num_43878.jpg.json,520,341,520,341,1,1.5249,False,0,none,none,0,0.0,0,0,,Negative,0.0,,,,,OK,False
mt_exp5_num_45084,MagneticTile,all,train,MagneticTile/ds/img/exp5_num_45084.jpg,MagneticTile/ds/ann/exp5_num_45084.jpg.json,502,327,502,327,1,1.5352,True,1,uneven,uneven,52043,31.7038,1,52043,52043,Large,1252.59,0,221,501,326,OK,True
mt_exp5_num_4801,MagneticTile,all,train,MagneticTile/ds/img/exp5_num_4801.jpg,MagneticTile/ds/ann/exp5_num_4801.jpg.json,126,288,126,288,1,0.4375,True,1,blowhole,blowhole,138,0.3803,1,138,138,Small,44.63,24,261,39,272,OK,True
mt_exp5_num_5022,MagneticTile,all,train,MagneticTile/ds/img/exp5_num_5022.jpg,MagneticTile/ds/ann/exp5_num_5022.jpg.json,120,288,120,288,1,0.4167,True,1,blowhole,blowhole,119,0.3443,1,119,119,Small,50.04,58,242,74,255,OK,True
mt_exp5_num_50443,MagneticTile,all,train,MagneticTile/ds/img/exp5_num_50443.jpg,MagneticTile/ds/ann/exp5_num_50443.jpg.json,530,318,530,318,1,1.6667,False,0,none,none,0,0.0,0,0,,Negative,0.0,,,,,OK,False
mt_exp5_num_51139,MagneticTile,all,test,MagneticTile/ds/img/exp5_num_51139.jpg,MagneticTile/ds/ann/exp5_num_51139.jpg.json,528,314,528,314,1,1.6815,False,0,none,none,0,0.0,0,0,,Negative,0.0,,,,,OK,False
mt_exp5_num_51739,MagneticTile,all,val,MagneticTile/ds/img/exp5_num_51739.jpg,MagneticTile/ds/ann/exp5_num_51739.jpg.json,121,286,121,286,1,0.4231,True,1,blowhole,blowhole,66,0.1907,1,66,66,Small,34.14,35,30,46,38,OK,True
mt_exp5_num_52740,MagneticTile,all,train,MagneticTile/ds/img/exp5_num_52740.jpg,MagneticTile/ds/ann/exp5_num_52740.jpg.json,124,287,124,287,1,0.4321,False,0,none,none,0,0.0,0,0,,Negative,0.0,,,,,OK,False
mt_exp5_num_53060,MagneticTile,all,train,MagneticTile/ds/img/exp5_num_53060.jpg,MagneticTile/ds/ann/exp5_num_53060.jpg.json,517,334,517,334,1,1.5479,False,0,none,none,0,0.0,0,0,,Negative,0.0,,,,,OK,False
mt_exp5_num_54191,MagneticTile,all,val,MagneticTile/ds/img/exp5_num_54191.jpg,MagneticTile/ds/ann/exp5_num_54191.jpg.json,532,327,532,327,1,1.6269,False,0,none,none,0,0.0,0,0,,Negative,0.0,,,,,OK,False
mt_exp5_num_54331,MagneticTile,all,train,MagneticTile/ds/img/exp5_num_54331.jpg,MagneticTile/ds/ann/exp5_num_54331.jpg.json,122,285,122,285,1,0.4281,True,1,blowhole,blowhole,182,0.5234,1,182,182,Small,55.56,31,28,42,48,OK,True
mt_exp5_num_54978,MagneticTile,all,test,MagneticTile/ds/img/exp5_num_54978.jpg,MagneticTile/ds/ann/exp5_num_54978.jpg.json,129,290,129,290,1,0.4448,False,0,none,none,0,0.0,0,0,,Negative,0.0,,,,,OK,False
mt_exp5_num_5874,MagneticTile,all,train,MagneticTile/ds/img/exp5_num_5874.jpg,MagneticTile/ds/ann/exp5_num_5874.jpg.json,525,331,525,331,1,1.5861,False,0,none,none,0,0.0,0,0,,Negative,0.0,,,,,OK,False
mt_exp5_num_592,MagneticTile,all,train,MagneticTile/ds/img/exp5_num_592.jpg,MagneticTile/ds/ann/exp5_num_592.jpg.json,124,292,124,292,1,0.4247,True,1,uneven,uneven,8716,24.072,1,8716,8716,Large,385.46,0,0,123,72,OK,True
mt_exp5_num_61380,MagneticTile,all,train,MagneticTile/ds/img/exp5_num_61380.jpg,MagneticTile/ds/ann/exp5_num_61380.jpg.json,131,290,131,290,1,0.4517,False,0,none,none,0,0.0,0,0,,Negative,0.0,,,,,OK,False
mt_exp5_num_62619,MagneticTile,all,train,MagneticTile/ds/img/exp5_num_62619.jpg,MagneticTile/ds/ann/exp5_num_62619.jpg.json,122,285,122,285,1,0.4281,True,1,break,break,1514,4.3543,1,1514,1514,Medium,207.05,81,0,110,63,OK,True
mt_exp5_num_65054,MagneticTile,all,train,MagneticTile/ds/img/exp5_num_65054.jpg,MagneticTile/ds/ann/exp5_num_65054.jpg.json,523,334,523,334,1,1.5659,False,0,none,none,0,0.0,0,0,,Negative,0.0,,,,,OK,False
mt_exp5_num_6566,MagneticTile,all,train,MagneticTile/ds/img/exp5_num_6566.jpg,MagneticTile/ds/ann/exp5_num_6566.jpg.json,507,377,507,377,1,1.3448,False,0,none,none,0,0.0,0,0,,Negative,0.0,,,,,OK,False
mt_exp5_num_6605,MagneticTile,all,test,MagneticTile/ds/img/exp5_num_6605.jpg,MagneticTile/ds/ann/exp5_num_6605.jpg.json,128,289,128,289,1,0.4429,False,0,none,none,0,0.0,0,0,,Negative,0.0,,,,,OK,False
mt_exp5_num_68428,MagneticTile,all,train,MagneticTile/ds/img/exp5_num_68428.jpg,MagneticTile/ds/ann/exp5_num_68428.jpg.json,128,294,128,294,1,0.4354,False,0,none,none,0,0.0,0,0,,Negative,0.0,,,,,OK,False
mt_exp5_num_69885,MagneticTile,all,train,MagneticTile/ds/img/exp5_num_69885.jpg,MagneticTile/ds/ann/exp5_num_69885.jpg.json,129,277,129,277,1,0.4657,False,0,none,none,0,0.0,0,0,,Negative,0.0,,,,,OK,False
mt_exp5_num_7054,MagneticTile,all,train,MagneticTile/ds/img/exp5_num_7054.jpg,MagneticTile/ds/ann/exp5_num_7054.jpg.json,482,364,482,364,1,1.3242,True,1,blowhole,blowhole,191,0.1089,1,191,191,Small,52.87,351,269,367,284,OK,True
mt_exp5_num_70558,MagneticTile,all,val,MagneticTile/ds/img/exp5_num_70558.jpg,MagneticTile/ds/ann/exp5_num_70558.jpg.json,124,279,124,279,1,0.4444,False,0,none,none,0,0.0,0,0,,Negative,0.0,,,,,OK,False
mt_exp5_num_71267,MagneticTile,all,val,MagneticTile/ds/img/exp5_num_71267.jpg,MagneticTile/ds/ann/exp5_num_71267.jpg.json,124,282,124,282,1,0.4397,False,0,none,none,0,0.0,0,0,,Negative,0.0,,,,,OK,False
mt_exp5_num_75157,MagneticTile,all,test,MagneticTile/ds/img/exp5_num_75157.jpg,MagneticTile/ds/ann/exp5_num_75157.jpg.json,602,260,602,260,1,2.3154,False,0,none,none,0,0.0,0,0,,Negative,0.0,,,,,OK,False
mt_exp5_num_77692,MagneticTile,all,train,MagneticTile/ds/img/exp5_num_77692.jpg,MagneticTile/ds/ann/exp5_num_77692.jpg.json,606,242,606,242,1,2.5041,True,2,fray,fray,12510,8.5304,2,11199,11199;1311,Large,883.54,6,41,603,241,OK,True
mt_exp5_num_7935,MagneticTile,all,val,MagneticTile/ds/img/exp5_num_7935.jpg,MagneticTile/ds/ann/exp5_num_7935.jpg.json,124,287,124,287,1,0.4321,False,0,none,none,0,0.0,0,0,,Negative,0.0,,,,,OK,False
mt_exp5_num_85642,MagneticTile,all,test,MagneticTile/ds/img/exp5_num_85642.jpg,MagneticTile/ds/ann/exp5_num_85642.jpg.json,599,244,599,244,1,2.4549,True,1,crack,crack,597,0.4085,1,597,597,Small,226.81,318,145,327,243,OK,True
mt_exp5_num_86031,MagneticTile,all,test,MagneticTile/ds/img/exp5_num_86031.jpg,MagneticTile/ds/ann/exp5_num_86031.jpg.json,599,244,599,244,1,2.4549,True,1,crack,crack,577,0.3948,1,577,577,Small,225.64,318,145,326,243,OK,True
mt_exp5_num_8676,MagneticTile,all,train,MagneticTile/ds/img/exp5_num_8676.jpg,MagneticTile/ds/ann/exp5_num_8676.jpg.json,527,342,527,342,1,1.5409,False,0,none,none,0,0.0,0,0,,Negative,0.0,,,,,OK,False
mt_exp5_num_88170,MagneticTile,all,train,MagneticTile/ds/img/exp5_num_88170.jpg,MagneticTile/ds/ann/exp5_num_88170.jpg.json,599,244,599,244,1,2.4549,True,1,crack,crack,554,0.379,1,554,554,Small,227.54,319,147,326,243,OK,True
mt_exp5_num_91072,MagneticTile,all,test,MagneticTile/ds/img/exp5_num_91072.jpg,MagneticTile/ds/ann/exp5_num_91072.jpg.json,602,258,602,258,1,2.3333,False,0,none,none,0,0.0,0,0,,Negative,0.0,,,,,OK,False
mt_exp5_num_937,MagneticTile,all,val,MagneticTile/ds/img/exp5_num_937.jpg,MagneticTile/ds/ann/exp5_num_937.jpg.json,486,364,486,364,1,1.3352,False,0,none,none,0,0.0,0,0,,Negative,0.0,,,,,OK,False
mt_exp5_num_94986,MagneticTile,all,train,MagneticTile/ds/img/exp5_num_94986.jpg,MagneticTile/ds/ann/exp5_num_94986.jpg.json,614,252,614,252,1,2.4365,False,0,none,none,0,0.0,0,0,,Negative,0.0,,,,,OK,False
mt_exp5_num_9549,MagneticTile,all,train,MagneticTile/ds/img/exp5_num_9549.jpg,MagneticTile/ds/ann/exp5_num_9549.jpg.json,451,390,451,390,1,1.1564,True,1,blowhole,blowhole,134,0.0762,1,134,134,Small,43.21,197,4,210,15,OK,True
mt_exp5_num_964,MagneticTile,all,train,MagneticTile/ds/img/exp5_num_964.jpg,MagneticTile/ds/ann/exp5_num_964.jpg.json,250,291,250,291,1,0.8591,False,0,none,none,0,0.0,0,0,,Negative,0.0,,,,,OK,False
mt_exp5_num_98336,MagneticTile,all,test,MagneticTile/ds/img/exp5_num_98336.jpg,MagneticTile/ds/ann/exp5_num_98336.jpg.json,421,296,421,296,1,1.4223,True,5,break,break,3409,2.7356,5,1604,1604;1013;490;214;88,Medium,730.74,115,0,389,295,OK,True
mt_exp6_num_1012,MagneticTile,all,train,MagneticTile/ds/img/exp6_num_1012.jpg,MagneticTile/ds/ann/exp6_num_1012.jpg.json,250,291,250,291,1,0.8591,False,0,none,none,0,0.0,0,0,,Negative,0.0,,,,,OK,False
mt_exp6_num_10280,MagneticTile,all,train,MagneticTile/ds/img/exp6_num_10280.jpg,MagneticTile/ds/ann/exp6_num_10280.jpg.json,508,374,508,374,1,1.3583,False,0,none,none,0,0.0,0,0,,Negative,0.0,,,,,OK,False
mt_exp6_num_105927,MagneticTile,all,train,MagneticTile/ds/img/exp6_num_105927.jpg,MagneticTile/ds/ann/exp6_num_105927.jpg.json,611,252,611,252,1,2.4246,True,2,break,break,1134,0.7365,2,1104,1104;30,Medium,293.7,590,36,606,154,OK,True
mt_exp6_num_106244,MagneticTile,all,train,MagneticTile/ds/img/exp6_num_106244.jpg,MagneticTile/ds/ann/exp6_num_106244.jpg.json,251,362,251,362,1,0.6934,False,0,none,none,0,0.0,0,0,,Negative,0.0,,,,,OK,False
mt_exp6_num_106873,MagneticTile,all,train,MagneticTile/ds/img/exp6_num_106873.jpg,MagneticTile/ds/ann/exp6_num_106873.jpg.json,256,352,256,352,1,0.7273,False,0,none,none,0,0.0,0,0,,Negative,0.0,,,,,OK,False
mt_exp6_num_10790,MagneticTile,all,train,MagneticTile/ds/img/exp6_num_10790.jpg,MagneticTile/ds/ann/exp6_num_10790.jpg.json,523,347,523,347,1,1.5072,False,0,none,none,0,0.0,0,0,,Negative,0.0,,,,,OK,False
mt_exp6_num_108812,MagneticTile,all,train,MagneticTile/ds/img/exp6_num_108812.jpg,MagneticTile/ds/ann/exp6_num_108812.jpg.json,256,372,256,372,1,0.6882,True,1,blowhole,blowhole,131,0.1376,1,131,131,Small,57.46,125,213,133,235,OK,True
mt_exp6_num_109350,MagneticTile,all,test,MagneticTile/ds/img/exp6_num_109350.jpg,MagneticTile/ds/ann/exp6_num_109350.jpg.json,600,260,600,260,1,2.3077,True,1,uneven,uneven,71815,46.0353,1,71815,71815,Large,1514.46,0,132,599,259,OK,True
mt_exp6_num_11001,MagneticTile,all,train,MagneticTile/ds/img/exp6_num_11001.jpg,MagneticTile/ds/ann/exp6_num_11001.jpg.json,512,361,512,361,1,1.4183,False,0,none,none,0,0.0,0,0,,Negative,0.0,,,,,OK,False
mt_exp6_num_110224,MagneticTile,all,train,MagneticTile/ds/img/exp6_num_110224.jpg,MagneticTile/ds/ann/exp6_num_110224.jpg.json,618,261,618,261,1,2.3678,False,0,none,none,0,0.0,0,0,,Negative,0.0,,,,,OK,False
mt_exp6_num_11357,MagneticTile,all,val,MagneticTile/ds/img/exp6_num_11357.jpg,MagneticTile/ds/ann/exp6_num_11357.jpg.json,486,377,486,377,1,1.2891,False,0,none,none,0,0.0,0,0,,Negative,0.0,,,,,OK,False
mt_exp6_num_114490,MagneticTile,all,train,MagneticTile/ds/img/exp6_num_114490.jpg,MagneticTile/ds/ann/exp6_num_114490.jpg.json,258,371,258,371,1,0.6954,False,0,none,none,0,0.0,0,0,,Negative,0.0,,,,,OK,False
mt_exp6_num_116352,MagneticTile,all,train,MagneticTile/ds/img/exp6_num_116352.jpg,MagneticTile/ds/ann/exp6_num_116352.jpg.json,604,261,604,261,1,2.3142,False,0,none,none,0,0.0,0,0,,Negative,0.0,,,,,OK,False
mt_exp6_num_116623,MagneticTile,all,test,MagneticTile/ds/img/exp6_num_116623.jpg,MagneticTile/ds/ann/exp6_num_116623.jpg.json,286,345,286,345,1,0.829,True,1,crack,crack,352,0.3567,1,352,352,Small,142.47,62,34,99,78,OK,True
mt_exp6_num_117060,MagneticTile,all,train,MagneticTile/ds/img/exp6_num_117060.jpg,MagneticTile/ds/ann/exp6_num_117060.jpg.json,610,270,610,270,1,2.2593,True,1,break,break,3910,2.374,1,3910,3910,Medium,361.98,0,54,34,199,OK,True
mt_exp6_num_117068,MagneticTile,all,train,MagneticTile/ds/img/exp6_num_117068.jpg,MagneticTile/ds/ann/exp6_num_117068.jpg.json,302,330,302,330,1,0.9152,False,0,none,none,0,0.0,0,0,,Negative,0.0,,,,,OK,False
mt_exp6_num_118981,MagneticTile,all,train,MagneticTile/ds/img/exp6_num_118981.jpg,MagneticTile/ds/ann/exp6_num_118981.jpg.json,606,260,606,260,1,2.3308,False,0,none,none,0,0.0,0,0,,Negative,0.0,,,,,OK,False
mt_exp6_num_124787,MagneticTile,all,val,MagneticTile/ds/img/exp6_num_124787.jpg,MagneticTile/ds/ann/exp6_num_124787.jpg.json,620,241,620,241,1,2.5726,True,1,uneven,uneven,53189,35.597,1,53189,53189,Large,1455.76,0,0,619,93,OK,True
mt_exp6_num_126419,MagneticTile,all,val,MagneticTile/ds/img/exp6_num_126419.jpg,MagneticTile/ds/ann/exp6_num_126419.jpg.json,310,340,310,340,1,0.9118,False,0,none,none,0,0.0,0,0,,Negative,0.0,,,,,OK,False
mt_exp6_num_126888,MagneticTile,all,train,MagneticTile/ds/img/exp6_num_126888.jpg,MagneticTile/ds/ann/exp6_num_126888.jpg.json,313,336,313,336,1,0.9315,False,0,none,none,0,0.0,0,0,,Negative,0.0,,,,,OK,False
mt_exp6_num_127730,MagneticTile,all,train,MagneticTile/ds/img/exp6_num_127730.jpg,MagneticTile/ds/ann/exp6_num_127730.jpg.json,310,352,310,352,1,0.8807,False,0,none,none,0,0.0,0,0,,Negative,0.0,,,,,OK,False
mt_exp6_num_128176,MagneticTile,all,train,MagneticTile/ds/img/exp6_num_128176.jpg,MagneticTile/ds/ann/exp6_num_128176.jpg.json,313,339,313,339,1,0.9233,False,0,none,none,0,0.0,0,0,,Negative,0.0,,,,,OK,False
mt_exp6_num_129148,MagneticTile,all,test,MagneticTile/ds/img/exp6_num_129148.jpg,MagneticTile/ds/ann/exp6_num_129148.jpg.json,256,366,256,366,1,0.6995,True,1,uneven,uneven,14137,15.0882,1,14137,14137,Large,658.99,0,0,255,60,OK,True
mt_exp6_num_129718,MagneticTile,all,train,MagneticTile/ds/img/exp6_num_129718.jpg,MagneticTile/ds/ann/exp6_num_129718.jpg.json,266,362,266,362,1,0.7348,False,0,none,none,0,0.0,0,0,,Negative,0.0,,,,,OK,False
mt_exp6_num_135686,MagneticTile,all,train,MagneticTile/ds/img/exp6_num_135686.jpg,MagneticTile/ds/ann/exp6_num_135686.jpg.json,607,251,607,251,1,2.4183,True,1,fray,fray,1114,0.7312,1,1114,1114,Medium,210.27,51,222,124,250,OK,True
mt_exp6_num_136770,MagneticTile,all,train,MagneticTile/ds/img/exp6_num_136770.jpg,MagneticTile/ds/ann/exp6_num_136770.jpg.json,540,238,540,238,1,2.2689,True,1,fray,fray,23316,18.1419,1,23316,23316,Large,631.07,152,32,349,191,OK,True
mt_exp6_num_13689,MagneticTile,all,train,MagneticTile/ds/img/exp6_num_13689.jpg,MagneticTile/ds/ann/exp6_num_13689.jpg.json,520,342,520,342,1,1.5205,False,0,none,none,0,0.0,0,0,,Negative,0.0,,,,,OK,False
mt_exp6_num_138723,MagneticTile,all,val,MagneticTile/ds/img/exp6_num_138723.jpg,MagneticTile/ds/ann/exp6_num_138723.jpg.json,610,254,610,254,1,2.4016,False,0,none,none,0,0.0,0,0,,Negative,0.0,,,,,OK,False
mt_exp6_num_139916,MagneticTile,all,train,MagneticTile/ds/img/exp6_num_139916.jpg,MagneticTile/ds/ann/exp6_num_139916.jpg.json,608,244,608,244,1,2.4918,True,1,uneven,uneven,51663,34.8246,1,51663,51663,Large,1449.65,0,151,607,243,OK,True
mt_exp6_num_143316,MagneticTile,all,train,MagneticTile/ds/img/exp6_num_143316.jpg,MagneticTile/ds/ann/exp6_num_143316.jpg.json,596,253,596,253,1,2.3557,False,0,none,none,0,0.0,0,0,,Negative,0.0,,,,,OK,False
mt_exp6_num_144276,MagneticTile,all,train,MagneticTile/ds/img/exp6_num_144276.jpg,MagneticTile/ds/ann/exp6_num_144276.jpg.json,605,245,605,245,1,2.4694,False,0,none,none,0,0.0,0,0,,Negative,0.0,,,,,OK,False
mt_exp6_num_148035,MagneticTile,all,train,MagneticTile/ds/img/exp6_num_148035.jpg,MagneticTile/ds/ann/exp6_num_148035.jpg.json,597,240,597,240,1,2.4875,False,0,none,none,0,0.0,0,0,,Negative,0.0,,,,,OK,False
mt_exp6_num_149097,MagneticTile,all,val,MagneticTile/ds/img/exp6_num_149097.jpg,MagneticTile/ds/ann/exp6_num_149097.jpg.json,582,265,582,265,1,2.1962,True,1,break,break,2123,1.3765,1,2123,2123,Medium,301.64,65,240,191,264,OK,True
mt_exp6_num_154721,MagneticTile,all,train,MagneticTile/ds/img/exp6_num_154721.jpg,MagneticTile/ds/ann/exp6_num_154721.jpg.json,190,314,190,314,1,0.6051,False,0,none,none,0,0.0,0,0,,Negative,0.0,,,,,OK,False
mt_exp6_num_155478,MagneticTile,all,test,MagneticTile/ds/img/exp6_num_155478.jpg,MagneticTile/ds/ann/exp6_num_155478.jpg.json,195,314,195,314,1,0.621,True,1,uneven,uneven,26734,43.6616,1,26734,26734,Large,681.15,0,168,194,313,OK,True
mt_exp6_num_157298,MagneticTile,all,train,MagneticTile/ds/img/exp6_num_157298.jpg,MagneticTile/ds/ann/exp6_num_157298.jpg.json,191,319,191,319,1,0.5987,False,0,none,none,0,0.0,0,0,,Negative,0.0,,,,,OK,False
mt_exp6_num_157877,MagneticTile,all,train,MagneticTile/ds/img/exp6_num_157877.jpg,MagneticTile/ds/ann/exp6_num_157877.jpg.json,195,326,195,326,1,0.5982,False,0,none,none,0,0.0,0,0,,Negative,0.0,,,,,OK,False
mt_exp6_num_165523,MagneticTile,all,train,MagneticTile/ds/img/exp6_num_165523.jpg,MagneticTile/ds/ann/exp6_num_165523.jpg.json,201,322,201,322,1,0.6242,False,0,none,none,0,0.0,0,0,,Negative,0.0,,,,,OK,False
mt_exp6_num_16624,MagneticTile,all,test,MagneticTile/ds/img/exp6_num_16624.jpg,MagneticTile/ds/ann/exp6_num_16624.jpg.json,524,330,524,330,1,1.5879,False,0,none,none,0,0.0,0,0,,Negative,0.0,,,,,OK,False
mt_exp6_num_166278,MagneticTile,all,test,MagneticTile/ds/img/exp6_num_166278.jpg,MagneticTile/ds/ann/exp6_num_166278.jpg.json,183,330,183,330,1,0.5545,False,0,none,none,0,0.0,0,0,,Negative,0.0,,,,,OK,False
mt_exp6_num_172365,MagneticTile,all,train,MagneticTile/ds/img/exp6_num_172365.jpg,MagneticTile/ds/ann/exp6_num_172365.jpg.json,190,322,190,322,1,0.5901,True,1,uneven,uneven,24270,39.6698,1,24270,24270,Large,655.54,0,0,189,130,OK,True
mt_exp6_num_174804,MagneticTile,all,test,MagneticTile/ds/img/exp6_num_174804.jpg,MagneticTile/ds/ann/exp6_num_174804.jpg.json,193,318,193,318,1,0.6069,False,0,none,none,0,0.0,0,0,,Negative,0.0,,,,,OK,False
mt_exp6_num_178058,MagneticTile,all,val,MagneticTile/ds/img/exp6_num_178058.jpg,MagneticTile/ds/ann/exp6_num_178058.jpg.json,194,316,194,316,1,0.6139,False,0,none,none,0,0.0,0,0,,Negative,0.0,,,,,OK,False
mt_exp6_num_178602,MagneticTile,all,test,MagneticTile/ds/img/exp6_num_178602.jpg,MagneticTile/ds/ann/exp6_num_178602.jpg.json,195,322,195,322,1,0.6056,False,0,none,none,0,0.0,0,0,,Negative,0.0,,,,,OK,False
mt_exp6_num_180428,MagneticTile,all,train,MagneticTile/ds/img/exp6_num_180428.jpg,MagneticTile/ds/ann/exp6_num_180428.jpg.json,194,334,194,334,1,0.5808,False,0,none,none,0,0.0,0,0,,Negative,0.0,,,,,OK,False
mt_exp6_num_180965,MagneticTile,all,train,MagneticTile/ds/img/exp6_num_180965.jpg,MagneticTile/ds/ann/exp6_num_180965.jpg.json,190,328,190,328,1,0.5793,False,0,none,none,0,0.0,0,0,,Negative,0.0,,,,,OK,False
mt_exp6_num_18258,MagneticTile,all,train,MagneticTile/ds/img/exp6_num_18258.jpg,MagneticTile/ds/ann/exp6_num_18258.jpg.json,519,334,519,334,1,1.5539,False,0,none,none,0,0.0,0,0,,Negative,0.0,,,,,OK,False
mt_exp6_num_183290,MagneticTile,all,train,MagneticTile/ds/img/exp6_num_183290.jpg,MagneticTile/ds/ann/exp6_num_183290.jpg.json,194,320,194,320,1,0.6062,False,0,none,none,0,0.0,0,0,,Negative,0.0,,,,,OK,False
mt_exp6_num_183930,MagneticTile,all,val,MagneticTile/ds/img/exp6_num_183930.jpg,MagneticTile/ds/ann/exp6_num_183930.jpg.json,209,323,209,323,1,0.6471,False,0,none,none,0,0.0,0,0,,Negative,0.0,,,,,OK,False
mt_exp6_num_187011,MagneticTile,all,train,MagneticTile/ds/img/exp6_num_187011.jpg,MagneticTile/ds/ann/exp6_num_187011.jpg.json,194,319,194,319,1,0.6082,True,1,uneven,uneven,26517,42.8481,1,26517,26517,Large,667.14,17,103,183,297,OK,True
mt_exp6_num_187701,MagneticTile,all,val,MagneticTile/ds/img/exp6_num_187701.jpg,MagneticTile/ds/ann/exp6_num_187701.jpg.json,193,324,193,324,1,0.5957,False,0,none,none,0,0.0,0,0,,Negative,0.0,,,,,OK,False
mt_exp6_num_192263,MagneticTile,all,train,MagneticTile/ds/img/exp6_num_192263.jpg,MagneticTile/ds/ann/exp6_num_192263.jpg.json,198,322,198,322,1,0.6149,False,0,none,none,0,0.0,0,0,,Negative,0.0,,,,,OK,False
mt_exp6_num_193234,MagneticTile,all,train,MagneticTile/ds/img/exp6_num_193234.jpg,MagneticTile/ds/ann/exp6_num_193234.jpg.json,194,318,194,318,1,0.6101,False,0,none,none,0,0.0,0,0,,Negative,0.0,,,,,OK,False
mt_exp6_num_194304,MagneticTile,all,train,MagneticTile/ds/img/exp6_num_194304.jpg,MagneticTile/ds/ann/exp6_num_194304.jpg.json,190,335,190,335,1,0.5672,True,2,break,break,2057,3.2317,2,1699,1699;358,Medium,306.65,26,0,189,334,OK,True
mt_exp6_num_195761,MagneticTile,all,train,MagneticTile/ds/img/exp6_num_195761.jpg,MagneticTile/ds/ann/exp6_num_195761.jpg.json,188,323,188,323,1,0.582,False,0,none,none,0,0.0,0,0,,Negative,0.0,,,,,OK,False
mt_exp6_num_1965,MagneticTile,all,train,MagneticTile/ds/img/exp6_num_1965.jpg,MagneticTile/ds/ann/exp6_num_1965.jpg.json,242,270,242,270,1,0.8963,False,0,none,none,0,0.0,0,0,,Negative,0.0,,,,,OK,False
mt_exp6_num_19822,MagneticTile,all,train,MagneticTile/ds/img/exp6_num_19822.jpg,MagneticTile/ds/ann/exp6_num_19822.jpg.json,521,315,521,315,1,1.654,False,0,none,none,0,0.0,0,0,,Negative,0.0,,,,,OK,False
mt_exp6_num_20496,MagneticTile,all,test,MagneticTile/ds/img/exp6_num_20496.jpg,MagneticTile/ds/ann/exp6_num_20496.jpg.json,423,355,423,355,1,1.1915,True,1,fray,fray,66826,44.5017,1,66826,66826,Large,1926.31,0,0,422,354,OK,True
mt_exp6_num_2121,MagneticTile,all,val,MagneticTile/ds/img/exp6_num_2121.jpg,MagneticTile/ds/ann/exp6_num_2121.jpg.json,513,380,513,380,1,1.35,False,0,none,none,0,0.0,0,0,,Negative,0.0,,,,,OK,False
mt_exp6_num_240188,MagneticTile,all,train,MagneticTile/ds/img/exp6_num_240188.jpg,MagneticTile/ds/ann/exp6_num_240188.jpg.json,264,367,264,367,1,0.7193,False,0,none,none,0,0.0,0,0,,Negative,0.0,,,,,OK,False
mt_exp6_num_241417,MagneticTile,all,train,MagneticTile/ds/img/exp6_num_241417.jpg,MagneticTile/ds/ann/exp6_num_241417.jpg.json,223,274,223,274,1,0.8139,False,0,none,none,0,0.0,0,0,,Negative,0.0,,,,,OK,False
mt_exp6_num_242123,MagneticTile,all,test,MagneticTile/ds/img/exp6_num_242123.jpg,MagneticTile/ds/ann/exp6_num_242123.jpg.json,198,276,198,276,1,0.7174,True,1,break,break,182,0.333,1,182,182,Small,104.23,9,0,27,26,OK,True
mt_exp6_num_245834,MagneticTile,all,train,MagneticTile/ds/img/exp6_num_245834.jpg,MagneticTile/ds/ann/exp6_num_245834.jpg.json,208,271,208,271,1,0.7675,False,0,none,none,0,0.0,0,0,,Negative,0.0,,,,,OK,False
mt_exp6_num_246442,MagneticTile,all,train,MagneticTile/ds/img/exp6_num_246442.jpg,MagneticTile/ds/ann/exp6_num_246442.jpg.json,221,279,221,279,1,0.7921,False,0,none,none,0,0.0,0,0,,Negative,0.0,,,,,OK,False
mt_exp6_num_249821,MagneticTile,all,train,MagneticTile/ds/img/exp6_num_249821.jpg,MagneticTile/ds/ann/exp6_num_249821.jpg.json,201,274,201,274,1,0.7336,True,1,crack,crack,1848,3.3555,1,1848,1848,Medium,575.76,79,0,96,262,OK,True
mt_exp6_num_25007,MagneticTile,all,test,MagneticTile/ds/img/exp6_num_25007.jpg,MagneticTile/ds/ann/exp6_num_25007.jpg.json,514,332,514,332,1,1.5482,True,1,uneven,uneven,25856,15.1517,1,25856,25856,Large,922.6,137,203,513,281,OK,True
mt_exp6_num_251550,MagneticTile,all,train,MagneticTile/ds/img/exp6_num_251550.jpg,MagneticTile/ds/ann/exp6_num_251550.jpg.json,218,265,218,265,1,0.8226,False,0,none,none,0,0.0,0,0,,Negative,0.0,,,,,OK,False
mt_exp6_num_255822,MagneticTile,all,train,MagneticTile/ds/img/exp6_num_255822.jpg,MagneticTile/ds/ann/exp6_num_255822.jpg.json,256,379,256,379,1,0.6755,False,0,none,none,0,0.0,0,0,,Negative,0.0,,,,,OK,False
mt_exp6_num_256392,MagneticTile,all,train,MagneticTile/ds/img/exp6_num_256392.jpg,MagneticTile/ds/ann/exp6_num_256392.jpg.json,269,385,269,385,1,0.6987,False,0,none,none,0,0.0,0,0,,Negative,0.0,,,,,OK,False
mt_exp6_num_257334,MagneticTile,all,train,MagneticTile/ds/img/exp6_num_257334.jpg,MagneticTile/ds/ann/exp6_num_257334.jpg.json,223,276,223,276,1,0.808,False,0,none,none,0,0.0,0,0,,Negative,0.0,,,,,OK,False
mt_exp6_num_258043,MagneticTile,all,test,MagneticTile/ds/img/exp6_num_258043.jpg,MagneticTile/ds/ann/exp6_num_258043.jpg.json,255,351,255,351,1,0.7265,False,0,none,none,0,0.0,0,0,,Negative,0.0,,,,,OK,False
mt_exp6_num_258703,MagneticTile,all,test,MagneticTile/ds/img/exp6_num_258703.jpg,MagneticTile/ds/ann/exp6_num_258703.jpg.json,242,342,242,342,1,0.7076,True,1,fray,fray,28928,34.9524,1,28928,28928,Large,1156.47,0,12,241,341,OK,True
mt_exp6_num_258935,MagneticTile,all,train,MagneticTile/ds/img/exp6_num_258935.jpg,MagneticTile/ds/ann/exp6_num_258935.jpg.json,208,264,208,264,1,0.7879,False,0,none,none,0,0.0,0,0,,Negative,0.0,,,,,OK,False
mt_exp6_num_260572,MagneticTile,all,train,MagneticTile/ds/img/exp6_num_260572.jpg,MagneticTile/ds/ann/exp6_num_260572.jpg.json,213,273,213,273,1,0.7802,False,0,none,none,0,0.0,0,0,,Negative,0.0,,,,,OK,False
mt_exp6_num_261003,MagneticTile,all,train,MagneticTile/ds/img/exp6_num_261003.jpg,MagneticTile/ds/ann/exp6_num_261003.jpg.json,220,274,220,274,1,0.8029,False,0,none,none,0,0.0,0,0,,Negative,0.0,,,,,OK,False
mt_exp6_num_262067,MagneticTile,all,val,MagneticTile/ds/img/exp6_num_262067.jpg,MagneticTile/ds/ann/exp6_num_262067.jpg.json,220,271,220,271,1,0.8118,False,0,none,none,0,0.0,0,0,,Negative,0.0,,,,,OK,False
mt_exp6_num_262294,MagneticTile,all,test,MagneticTile/ds/img/exp6_num_262294.jpg,MagneticTile/ds/ann/exp6_num_262294.jpg.json,267,380,267,380,1,0.7026,False,0,none,none,0,0.0,0,0,,Negative,0.0,,,,,OK,False
mt_exp6_num_26244,MagneticTile,all,train,MagneticTile/ds/img/exp6_num_26244.jpg,MagneticTile/ds/ann/exp6_num_26244.jpg.json,500,315,500,315,1,1.5873,True,1,break,break,3546,2.2514,1,3546,3546,Medium,325.72,0,0,105,43,OK,True
mt_exp6_num_262705,MagneticTile,all,test,MagneticTile/ds/img/exp6_num_262705.jpg,MagneticTile/ds/ann/exp6_num_262705.jpg.json,185,249,185,249,1,0.743,True,1,blowhole,blowhole,56,0.1216,1,56,56,Small,25.07,100,170,107,177,OK,True
mt_exp6_num_262733,MagneticTile,all,train,MagneticTile/ds/img/exp6_num_262733.jpg,MagneticTile/ds/ann/exp6_num_262733.jpg.json,266,375,266,375,1,0.7093,False,0,none,none,0,0.0,0,0,,Negative,0.0,,,,,OK,False
mt_exp6_num_263900,MagneticTile,all,train,MagneticTile/ds/img/exp6_num_263900.jpg,MagneticTile/ds/ann/exp6_num_263900.jpg.json,263,370,263,370,1,0.7108,False,0,none,none,0,0.0,0,0,,Negative,0.0,,,,,OK,False
mt_exp6_num_264283,MagneticTile,all,train,MagneticTile/ds/img/exp6_num_264283.jpg,MagneticTile/ds/ann/exp6_num_264283.jpg.json,260,369,260,369,1,0.7046,False,0,none,none,0,0.0,0,0,,Negative,0.0,,,,,OK,False
mt_exp6_num_265182,MagneticTile,all,train,MagneticTile/ds/img/exp6_num_265182.jpg,MagneticTile/ds/ann/exp6_num_265182.jpg.json,234,364,234,364,1,0.6429,True,1,blowhole,blowhole,153,0.1796,1,153,153,Small,48.63,207,20,219,35,OK,True
mt_exp6_num_265737,MagneticTile,all,test,MagneticTile/ds/img/exp6_num_265737.jpg,MagneticTile/ds/ann/exp6_num_265737.jpg.json,236,386,236,386,1,0.6114,True,2,crack,crack,462,0.5072,2,240,240;222,Small,147.15,77,0,172,385,OK,True
mt_exp6_num_266375,MagneticTile,all,val,MagneticTile/ds/img/exp6_num_266375.jpg,MagneticTile/ds/ann/exp6_num_266375.jpg.json,210,255,210,255,1,0.8235,False,0,none,none,0,0.0,0,0,,Negative,0.0,,,,,OK,False
mt_exp6_num_266888,MagneticTile,all,train,MagneticTile/ds/img/exp6_num_266888.jpg,MagneticTile/ds/ann/exp6_num_266888.jpg.json,212,269,212,269,1,0.7881,False,0,none,none,0,0.0,0,0,,Negative,0.0,,,,,OK,False
mt_exp6_num_269180,MagneticTile,all,train,MagneticTile/ds/img/exp6_num_269180.jpg,MagneticTile/ds/ann/exp6_num_269180.jpg.json,221,275,221,275,1,0.8036,False,0,none,none,0,0.0,0,0,,Negative,0.0,,,,,OK,False
mt_exp6_num_2697,MagneticTile,all,train,MagneticTile/ds/img/exp6_num_2697.jpg,MagneticTile/ds/ann/exp6_num_2697.jpg.json,122,282,122,282,1,0.4326,False,0,none,none,0,0.0,0,0,,Negative,0.0,,,,,OK,False
mt_exp6_num_269733,MagneticTile,all,train,MagneticTile/ds/img/exp6_num_269733.jpg,MagneticTile/ds/ann/exp6_num_269733.jpg.json,210,271,210,271,1,0.7749,False,0,none,none,0,0.0,0,0,,Negative,0.0,,,,,OK,False
mt_exp6_num_270255,MagneticTile,all,train,MagneticTile/ds/img/exp6_num_270255.jpg,MagneticTile/ds/ann/exp6_num_270255.jpg.json,250,357,250,357,1,0.7003,True,1,uneven,uneven,31682,35.498,1,31682,31682,Large,795.93,0,182,230,347,OK,True
mt_exp6_num_270665,MagneticTile,all,train,MagneticTile/ds/img/exp6_num_270665.jpg,MagneticTile/ds/ann/exp6_num_270665.jpg.json,263,336,263,336,1,0.7827,False,0,none,none,0,0.0,0,0,,Negative,0.0,,,,,OK,False
mt_exp6_num_270880,MagneticTile,all,train,MagneticTile/ds/img/exp6_num_270880.jpg,MagneticTile/ds/ann/exp6_num_270880.jpg.json,220,276,220,276,1,0.7971,False,0,none,none,0,0.0,0,0,,Negative,0.0,,,,,OK,False
mt_exp6_num_271512,MagneticTile,all,train,MagneticTile/ds/img/exp6_num_271512.jpg,MagneticTile/ds/ann/exp6_num_271512.jpg.json,211,290,211,290,1,0.7276,True,1,break,break,285,0.4658,1,285,285,Small,144.71,4,0,20,48,OK,True
mt_exp6_num_274218,MagneticTile,all,train,MagneticTile/ds/img/exp6_num_274218.jpg,MagneticTile/ds/ann/exp6_num_274218.jpg.json,226,278,226,278,1,0.8129,True,1,uneven,uneven,7991,12.7189,1,7991,7991,Large,448.65,0,0,158,84,OK,True
mt_exp6_num_275466,MagneticTile,all,train,MagneticTile/ds/img/exp6_num_275466.jpg,MagneticTile/ds/ann/exp6_num_275466.jpg.json,265,380,265,380,1,0.6974,False,0,none,none,0,0.0,0,0,,Negative,0.0,,,,,OK,False
mt_exp6_num_275757,MagneticTile,all,test,MagneticTile/ds/img/exp6_num_275757.jpg,MagneticTile/ds/ann/exp6_num_275757.jpg.json,266,385,266,385,1,0.6909,False,0,none,none,0,0.0,0,0,,Negative,0.0,,,,,OK,False
mt_exp6_num_276451,MagneticTile,all,train,MagneticTile/ds/img/exp6_num_276451.jpg,MagneticTile/ds/ann/exp6_num_276451.jpg.json,260,388,260,388,1,0.6701,True,1,break,break,108,0.1071,1,108,108,Small,41.07,126,0,139,9,OK,True
mt_exp6_num_277095,MagneticTile,all,test,MagneticTile/ds/img/exp6_num_277095.jpg,MagneticTile/ds/ann/exp6_num_277095.jpg.json,267,369,267,369,1,0.7236,False,0,none,none,0,0.0,0,0,,Negative,0.0,,,,,OK,False
mt_exp6_num_278659,MagneticTile,all,train,MagneticTile/ds/img/exp6_num_278659.jpg,MagneticTile/ds/ann/exp6_num_278659.jpg.json,256,362,256,362,1,0.7072,False,0,none,none,0,0.0,0,0,,Negative,0.0,,,,,OK,False
mt_exp6_num_279178,MagneticTile,all,train,MagneticTile/ds/img/exp6_num_279178.jpg,MagneticTile/ds/ann/exp6_num_279178.jpg.json,270,382,270,382,1,0.7068,False,0,none,none,0,0.0,0,0,,Negative,0.0,,,,,OK,False
mt_exp6_num_280303,MagneticTile,all,train,MagneticTile/ds/img/exp6_num_280303.jpg,MagneticTile/ds/ann/exp6_num_280303.jpg.json,249,348,249,348,1,0.7155,False,0,none,none,0,0.0,0,0,,Negative,0.0,,,,,OK,False
mt_exp6_num_281048,MagneticTile,all,train,MagneticTile/ds/img/exp6_num_281048.jpg,MagneticTile/ds/ann/exp6_num_281048.jpg.json,237,364,237,364,1,0.6511,False,0,none,none,0,0.0,0,0,,Negative,0.0,,,,,OK,False
mt_exp6_num_282965,MagneticTile,all,train,MagneticTile/ds/img/exp6_num_282965.jpg,MagneticTile/ds/ann/exp6_num_282965.jpg.json,251,350,251,350,1,0.7171,False,0,none,none,0,0.0,0,0,,Negative,0.0,,,,,OK,False
mt_exp6_num_283465,MagneticTile,all,train,MagneticTile/ds/img/exp6_num_283465.jpg,MagneticTile/ds/ann/exp6_num_283465.jpg.json,272,324,272,324,1,0.8395,False,0,none,none,0,0.0,0,0,,Negative,0.0,,,,,OK,False
mt_exp6_num_28424,MagneticTile,all,train,MagneticTile/ds/img/exp6_num_28424.jpg,MagneticTile/ds/ann/exp6_num_28424.jpg.json,516,333,516,333,1,1.5495,True,1,uneven,uneven,8481,4.9357,1,8481,8481,Large,531.52,323,0,515,97,OK,True
mt_exp6_num_284593,MagneticTile,all,val,MagneticTile/ds/img/exp6_num_284593.jpg,MagneticTile/ds/ann/exp6_num_284593.jpg.json,263,369,263,369,1,0.7127,True,1,break,break,21964,22.6323,1,21964,21964,Large,1380.16,0,122,262,368,OK,True
mt_exp6_num_284942,MagneticTile,all,train,MagneticTile/ds/img/exp6_num_284942.jpg,MagneticTile/ds/ann/exp6_num_284942.jpg.json,248,356,248,356,1,0.6966,False,0,none,none,0,0.0,0,0,,Negative,0.0,,,,,OK,False
mt_exp6_num_286336,MagneticTile,all,train,MagneticTile/ds/img/exp6_num_286336.jpg,MagneticTile/ds/ann/exp6_num_286336.jpg.json,287,353,287,353,1,0.813,False,0,none,none,0,0.0,0,0,,Negative,0.0,,,,,OK,False
mt_exp6_num_289705,MagneticTile,all,train,MagneticTile/ds/img/exp6_num_289705.jpg,MagneticTile/ds/ann/exp6_num_289705.jpg.json,304,319,304,319,1,0.953,False,0,none,none,0,0.0,0,0,,Negative,0.0,,,,,OK,False
mt_exp6_num_290165,MagneticTile,all,train,MagneticTile/ds/img/exp6_num_290165.jpg,MagneticTile/ds/ann/exp6_num_290165.jpg.json,322,332,322,332,1,0.9699,False,0,none,none,0,0.0,0,0,,Negative,0.0,,,,,OK,False
mt_exp6_num_291134,MagneticTile,all,val,MagneticTile/ds/img/exp6_num_291134.jpg,MagneticTile/ds/ann/exp6_num_291134.jpg.json,298,357,298,357,1,0.8347,True,1,blowhole,blowhole,421,0.3957,1,421,421,Small,172.41,246,302,277,330,OK,True
mt_exp6_num_292199,MagneticTile,all,train,MagneticTile/ds/img/exp6_num_292199.jpg,MagneticTile/ds/ann/exp6_num_292199.jpg.json,297,332,297,332,1,0.8946,False,0,none,none,0,0.0,0,0,,Negative,0.0,,,,,OK,False
mt_exp6_num_293354,MagneticTile,all,val,MagneticTile/ds/img/exp6_num_293354.jpg,MagneticTile/ds/ann/exp6_num_293354.jpg.json,303,325,303,325,1,0.9323,False,0,none,none,0,0.0,0,0,,Negative,0.0,,,,,OK,False
mt_exp6_num_293912,MagneticTile,all,train,MagneticTile/ds/img/exp6_num_293912.jpg,MagneticTile/ds/ann/exp6_num_293912.jpg.json,322,336,322,336,1,0.9583,False,0,none,none,0,0.0,0,0,,Negative,0.0,,,,,OK,False
mt_exp6_num_29564,MagneticTile,all,train,MagneticTile/ds/img/exp6_num_29564.jpg,MagneticTile/ds/ann/exp6_num_29564.jpg.json,527,311,527,311,1,1.6945,False,0,none,none,0,0.0,0,0,,Negative,0.0,,,,,OK,False
mt_exp6_num_296754,MagneticTile,all,test,MagneticTile/ds/img/exp6_num_296754.jpg,MagneticTile/ds/ann/exp6_num_296754.jpg.json,297,348,297,348,1,0.8534,False,0,none,none,0,0.0,0,0,,Negative,0.0,,,,,OK,False
mt_exp6_num_297388,MagneticTile,all,val,MagneticTile/ds/img/exp6_num_297388.jpg,MagneticTile/ds/ann/exp6_num_297388.jpg.json,309,343,309,343,1,0.9009,False,0,none,none,0,0.0,0,0,,Negative,0.0,,,,,OK,False
mt_exp6_num_297601,MagneticTile,all,train,MagneticTile/ds/img/exp6_num_297601.jpg,MagneticTile/ds/ann/exp6_num_297601.jpg.json,218,271,218,271,1,0.8044,True,1,blowhole,blowhole,32,0.0542,1,32,32,Small,19.66,204,123,209,129,OK,True
mt_exp6_num_299824,MagneticTile,all,train,MagneticTile/ds/img/exp6_num_299824.jpg,MagneticTile/ds/ann/exp6_num_299824.jpg.json,213,260,213,260,1,0.8192,False,0,none,none,0,0.0,0,0,,Negative,0.0,,,,,OK,False
mt_exp6_num_301599,MagneticTile,all,train,MagneticTile/ds/img/exp6_num_301599.jpg,MagneticTile/ds/ann/exp6_num_301599.jpg.json,366,357,366,357,1,1.0252,False,0,none,none,0,0.0,0,0,,Negative,0.0,,,,,OK,False
mt_exp6_num_304352,MagneticTile,all,train,MagneticTile/ds/img/exp6_num_304352.jpg,MagneticTile/ds/ann/exp6_num_304352.jpg.json,316,327,316,327,1,0.9664,False,0,none,none,0,0.0,0,0,,Negative,0.0,,,,,OK,False
mt_exp6_num_304361,MagneticTile,all,train,MagneticTile/ds/img/exp6_num_304361.jpg,MagneticTile/ds/ann/exp6_num_304361.jpg.json,207,262,207,262,1,0.7901,True,2,break,break,12112,22.3329,2,12100,12100;12,Large,743.14,129,0,206,261,OK,True
mt_exp6_num_304811,MagneticTile,all,val,MagneticTile/ds/img/exp6_num_304811.jpg,MagneticTile/ds/ann/exp6_num_304811.jpg.json,314,300,314,300,1,1.0467,False,0,none,none,0,0.0,0,0,,Negative,0.0,,,,,OK,False
mt_exp6_num_304958,MagneticTile,all,train,MagneticTile/ds/img/exp6_num_304958.jpg,MagneticTile/ds/ann/exp6_num_304958.jpg.json,212,272,212,272,1,0.7794,False,0,none,none,0,0.0,0,0,,Negative,0.0,,,,,OK,False
mt_exp6_num_306496,MagneticTile,all,val,MagneticTile/ds/img/exp6_num_306496.jpg,MagneticTile/ds/ann/exp6_num_306496.jpg.json,217,264,217,264,1,0.822,False,0,none,none,0,0.0,0,0,,Negative,0.0,,,,,OK,False
mt_exp6_num_306696,MagneticTile,all,test,MagneticTile/ds/img/exp6_num_306696.jpg,MagneticTile/ds/ann/exp6_num_306696.jpg.json,360,369,360,369,1,0.9756,False,0,none,none,0,0.0,0,0,,Negative,0.0,,,,,OK,False
mt_exp6_num_308130,MagneticTile,all,train,MagneticTile/ds/img/exp6_num_308130.jpg,MagneticTile/ds/ann/exp6_num_308130.jpg.json,220,275,220,275,1,0.8,True,1,blowhole,blowhole,43,0.0711,1,43,43,Small,24.73,211,189,217,198,OK,True
mt_exp6_num_308897,MagneticTile,all,train,MagneticTile/ds/img/exp6_num_308897.jpg,MagneticTile/ds/ann/exp6_num_308897.jpg.json,367,356,367,356,1,1.0309,False,0,none,none,0,0.0,0,0,,Negative,0.0,,,,,OK,False
mt_exp6_num_309443,MagneticTile,all,val,MagneticTile/ds/img/exp6_num_309443.jpg,MagneticTile/ds/ann/exp6_num_309443.jpg.json,359,360,359,360,1,0.9972,False,0,none,none,0,0.0,0,0,,Negative,0.0,,,,,OK,False
mt_exp6_num_309719,MagneticTile,all,train,MagneticTile/ds/img/exp6_num_309719.jpg,MagneticTile/ds/ann/exp6_num_309719.jpg.json,216,266,216,266,1,0.812,False,0,none,none,0,0.0,0,0,,Negative,0.0,,,,,OK,False
mt_exp6_num_311392,MagneticTile,all,train,MagneticTile/ds/img/exp6_num_311392.jpg,MagneticTile/ds/ann/exp6_num_311392.jpg.json,205,268,205,268,1,0.7649,False,0,none,none,0,0.0,0,0,,Negative,0.0,,,,,OK,False
mt_exp6_num_31184,MagneticTile,all,train,MagneticTile/ds/img/exp6_num_31184.jpg,MagneticTile/ds/ann/exp6_num_31184.jpg.json,124,284,124,284,1,0.4366,False,0,none,none,0,0.0,0,0,,Negative,0.0,,,,,OK,False
mt_exp6_num_311924,MagneticTile,all,train,MagneticTile/ds/img/exp6_num_311924.jpg,MagneticTile/ds/ann/exp6_num_311924.jpg.json,223,282,223,282,1,0.7908,True,1,uneven,uneven,6242,9.9259,1,6242,6242,Large,539.68,0,247,222,281,OK,True
mt_exp6_num_313568,MagneticTile,all,train,MagneticTile/ds/img/exp6_num_313568.jpg,MagneticTile/ds/ann/exp6_num_313568.jpg.json,252,348,252,348,1,0.7241,True,1,uneven,uneven,25002,28.5099,1,25002,25002,Large,718.41,0,0,251,121,OK,True
mt_exp6_num_313921,MagneticTile,all,val,MagneticTile/ds/img/exp6_num_313921.jpg,MagneticTile/ds/ann/exp6_num_313921.jpg.json,252,364,252,364,1,0.6923,False,0,none,none,0,0.0,0,0,,Negative,0.0,,,,,OK,False
mt_exp6_num_315056,MagneticTile,all,train,MagneticTile/ds/img/exp6_num_315056.jpg,MagneticTile/ds/ann/exp6_num_315056.jpg.json,215,268,215,268,1,0.8022,False,0,none,none,0,0.0,0,0,,Negative,0.0,,,,,OK,False
mt_exp6_num_316396,MagneticTile,all,train,MagneticTile/ds/img/exp6_num_316396.jpg,MagneticTile/ds/ann/exp6_num_316396.jpg.json,375,351,375,351,1,1.0684,False,0,none,none,0,0.0,0,0,,Negative,0.0,,,,,OK,False
mt_exp6_num_316778,MagneticTile,all,train,MagneticTile/ds/img/exp6_num_316778.jpg,MagneticTile/ds/ann/exp6_num_316778.jpg.json,345,371,345,371,1,0.9299,False,0,none,none,0,0.0,0,0,,Negative,0.0,,,,,OK,False
mt_exp6_num_317592,MagneticTile,all,train,MagneticTile/ds/img/exp6_num_317592.jpg,MagneticTile/ds/ann/exp6_num_317592.jpg.json,225,267,225,267,1,0.8427,True,1,blowhole,blowhole,119,0.1981,1,119,119,Small,43.21,100,220,114,230,OK,True
mt_exp6_num_317640,MagneticTile,all,val,MagneticTile/ds/img/exp6_num_317640.jpg,MagneticTile/ds/ann/exp6_num_317640.jpg.json,374,347,374,347,1,1.0778,False,0,none,none,0,0.0,0,0,,Negative,0.0,,,,,OK,False
mt_exp6_num_317978,MagneticTile,all,train,MagneticTile/ds/img/exp6_num_317978.jpg,MagneticTile/ds/ann/exp6_num_317978.jpg.json,353,357,353,357,1,0.9888,False,0,none,none,0,0.0,0,0,,Negative,0.0,,,,,OK,False
mt_exp6_num_319398,MagneticTile,all,val,MagneticTile/ds/img/exp6_num_319398.jpg,MagneticTile/ds/ann/exp6_num_319398.jpg.json,363,370,363,370,1,0.9811,False,0,none,none,0,0.0,0,0,,Negative,0.0,,,,,OK,False
mt_exp6_num_319512,MagneticTile,all,test,MagneticTile/ds/img/exp6_num_319512.jpg,MagneticTile/ds/ann/exp6_num_319512.jpg.json,222,280,222,280,1,0.7929,False,0,none,none,0,0.0,0,0,,Negative,0.0,,,,,OK,False
mt_exp6_num_319796,MagneticTile,all,train,MagneticTile/ds/img/exp6_num_319796.jpg,MagneticTile/ds/ann/exp6_num_319796.jpg.json,361,366,361,366,1,0.9863,False,0,none,none,0,0.0,0,0,,Negative,0.0,,,,,OK,False
mt_exp6_num_320546,MagneticTile,all,train,MagneticTile/ds/img/exp6_num_320546.jpg,MagneticTile/ds/ann/exp6_num_320546.jpg.json,361,365,361,365,1,0.989,False,0,none,none,0,0.0,0,0,,Negative,0.0,,,,,OK,False
mt_exp6_num_320759,MagneticTile,all,train,MagneticTile/ds/img/exp6_num_320759.jpg,MagneticTile/ds/ann/exp6_num_320759.jpg.json,185,252,185,252,1,0.7341,True,1,break,break,220,0.4719,1,220,220,Small,90.91,153,205,174,229,OK,True
mt_exp6_num_320864,MagneticTile,all,train,MagneticTile/ds/img/exp6_num_320864.jpg,MagneticTile/ds/ann/exp6_num_320864.jpg.json,366,362,366,362,1,1.011,False,0,none,none,0,0.0,0,0,,Negative,0.0,,,,,OK,False
mt_exp6_num_321501,MagneticTile,all,train,MagneticTile/ds/img/exp6_num_321501.jpg,MagneticTile/ds/ann/exp6_num_321501.jpg.json,375,367,375,367,1,1.0218,False,0,none,none,0,0.0,0,0,,Negative,0.0,,,,,OK,False
mt_exp6_num_32235,MagneticTile,all,train,MagneticTile/ds/img/exp6_num_32235.jpg,MagneticTile/ds/ann/exp6_num_32235.jpg.json,128,288,128,288,1,0.4444,True,1,crack,crack,358,0.9711,1,358,358,Small,120.47,4,252,40,287,OK,True
mt_exp6_num_322697,MagneticTile,all,train,MagneticTile/ds/img/exp6_num_322697.jpg,MagneticTile/ds/ann/exp6_num_322697.jpg.json,204,241,204,241,1,0.8465,True,1,blowhole,blowhole,165,0.3356,1,165,165,Small,58.04,180,179,190,200,OK,True
mt_exp6_num_323405,MagneticTile,all,train,MagneticTile/ds/img/exp6_num_323405.jpg,MagneticTile/ds/ann/exp6_num_323405.jpg.json,218,275,218,275,1,0.7927,False,0,none,none,0,0.0,0,0,,Negative,0.0,,,,,OK,False
mt_exp6_num_326679,MagneticTile,all,train,MagneticTile/ds/img/exp6_num_326679.jpg,MagneticTile/ds/ann/exp6_num_326679.jpg.json,370,361,370,361,1,1.0249,False,0,none,none,0,0.0,0,0,,Negative,0.0,,,,,OK,False
mt_exp6_num_327003,MagneticTile,all,test,MagneticTile/ds/img/exp6_num_327003.jpg,MagneticTile/ds/ann/exp6_num_327003.jpg.json,353,363,353,363,1,0.9725,False,0,none,none,0,0.0,0,0,,Negative,0.0,,,,,OK,False
mt_exp6_num_3279,MagneticTile,all,train,MagneticTile/ds/img/exp6_num_3279.jpg,MagneticTile/ds/ann/exp6_num_3279.jpg.json,428,380,428,380,1,1.1263,True,1,crack,crack,727,0.447,1,727,727,Small,266.85,320,0,339,115,OK,True
mt_exp6_num_328105,MagneticTile,all,train,MagneticTile/ds/img/exp6_num_328105.jpg,MagneticTile/ds/ann/exp6_num_328105.jpg.json,359,348,359,348,1,1.0316,True,1,blowhole,blowhole,137,0.1097,1,137,137,Small,52.87,50,74,61,90,OK,True
mt_exp6_num_329323,MagneticTile,all,val,MagneticTile/ds/img/exp6_num_329323.jpg,MagneticTile/ds/ann/exp6_num_329323.jpg.json,368,363,368,363,1,1.0138,False,0,none,none,0,0.0,0,0,,Negative,0.0,,,,,OK,False
mt_exp6_num_331267,MagneticTile,all,val,MagneticTile/ds/img/exp6_num_331267.jpg,MagneticTile/ds/ann/exp6_num_331267.jpg.json,358,359,358,359,1,0.9972,False,0,none,none,0,0.0,0,0,,Negative,0.0,,,,,OK,False
mt_exp6_num_332013,MagneticTile,all,test,MagneticTile/ds/img/exp6_num_332013.jpg,MagneticTile/ds/ann/exp6_num_332013.jpg.json,358,348,358,348,1,1.0287,False,0,none,none,0,0.0,0,0,,Negative,0.0,,,,,OK,False
mt_exp6_num_332792,MagneticTile,all,val,MagneticTile/ds/img/exp6_num_332792.jpg,MagneticTile/ds/ann/exp6_num_332792.jpg.json,302,341,302,341,1,0.8856,False,0,none,none,0,0.0,0,0,,Negative,0.0,,,,,OK,False
mt_exp6_num_33541,MagneticTile,all,train,MagneticTile/ds/img/exp6_num_33541.jpg,MagneticTile/ds/ann/exp6_num_33541.jpg.json,516,315,516,315,1,1.6381,True,1,uneven,uneven,39771,24.4684,1,39771,39771,Large,1228.25,0,0,515,97,OK,True
mt_exp6_num_337757,MagneticTile,all,train,MagneticTile/ds/img/exp6_num_337757.jpg,MagneticTile/ds/ann/exp6_num_337757.jpg.json,487,380,487,380,1,1.2816,False,0,none,none,0,0.0,0,0,,Negative,0.0,,,,,OK,False
mt_exp6_num_338952,MagneticTile,all,train,MagneticTile/ds/img/exp6_num_338952.jpg,MagneticTile/ds/ann/exp6_num_338952.jpg.json,492,372,492,372,1,1.3226,False,0,none,none,0,0.0,0,0,,Negative,0.0,,,,,OK,False
mt_exp6_num_339965,MagneticTile,all,val,MagneticTile/ds/img/exp6_num_339965.jpg,MagneticTile/ds/ann/exp6_num_339965.jpg.json,358,399,358,399,1,0.8972,True,1,crack,crack,204,0.1428,1,204,204,Small,101.36,71,2,78,46,OK,True
mt_exp6_num_34208,MagneticTile,all,train,MagneticTile/ds/img/exp6_num_34208.jpg,MagneticTile/ds/ann/exp6_num_34208.jpg.json,521,325,521,325,1,1.6031,False,0,none,none,0,0.0,0,0,,Negative,0.0,,,,,OK,False
mt_exp6_num_342249,MagneticTile,all,train,MagneticTile/ds/img/exp6_num_342249.jpg,MagneticTile/ds/ann/exp6_num_342249.jpg.json,355,403,355,403,1,0.8809,True,2,crack,crack,650,0.4543,2,368,368;282,Small,302.27,163,1,253,78,OK,True
mt_exp6_num_342992,MagneticTile,all,train,MagneticTile/ds/img/exp6_num_342992.jpg,MagneticTile/ds/ann/exp6_num_342992.jpg.json,507,368,507,368,1,1.3777,False,0,none,none,0,0.0,0,0,,Negative,0.0,,,,,OK,False
mt_exp6_num_344641,MagneticTile,all,train,MagneticTile/ds/img/exp6_num_344641.jpg,MagneticTile/ds/ann/exp6_num_344641.jpg.json,507,363,507,363,1,1.3967,False,0,none,none,0,0.0,0,0,,Negative,0.0,,,,,OK,False
mt_exp6_num_346414,MagneticTile,all,train,MagneticTile/ds/img/exp6_num_346414.jpg,MagneticTile/ds/ann/exp6_num_346414.jpg.json,494,382,494,382,1,1.2932,True,1,blowhole,blowhole,74,0.0392,1,74,74,Small,34.14,278,59,286,68,OK,True
mt_exp6_num_348888,MagneticTile,all,val,MagneticTile/ds/img/exp6_num_348888.jpg,MagneticTile/ds/ann/exp6_num_348888.jpg.json,488,380,488,380,1,1.2842,True,1,break,break,427,0.2303,1,427,427,Small,139.1,16,8,53,35,OK,True
mt_exp6_num_349930,MagneticTile,all,test,MagneticTile/ds/img/exp6_num_349930.jpg,MagneticTile/ds/ann/exp6_num_349930.jpg.json,491,370,491,370,1,1.327,False,0,none,none,0,0.0,0,0,,Negative,0.0,,,,,OK,False
mt_exp6_num_351127,MagneticTile,all,train,MagneticTile/ds/img/exp6_num_351127.jpg,MagneticTile/ds/ann/exp6_num_351127.jpg.json,487,355,487,355,1,1.3718,False,0,none,none,0,0.0,0,0,,Negative,0.0,,,,,OK,False
mt_exp6_num_351520,MagneticTile,all,train,MagneticTile/ds/img/exp6_num_351520.jpg,MagneticTile/ds/ann/exp6_num_351520.jpg.json,510,361,510,361,1,1.4127,False,0,none,none,0,0.0,0,0,,Negative,0.0,,,,,OK,False
mt_exp6_num_352572,MagneticTile,all,train,MagneticTile/ds/img/exp6_num_352572.jpg,MagneticTile/ds/ann/exp6_num_352572.jpg.json,510,373,510,373,1,1.3673,True,1,uneven,uneven,40685,21.3873,1,40685,40685,Large,1212.23,0,285,509,372,OK,True
mt_exp6_num_354474,MagneticTile,all,val,MagneticTile/ds/img/exp6_num_354474.jpg,MagneticTile/ds/ann/exp6_num_354474.jpg.json,482,362,482,362,1,1.3315,False,0,none,none,0,0.0,0,0,,Negative,0.0,,,,,OK,False
mt_exp6_num_355732,MagneticTile,all,train,MagneticTile/ds/img/exp6_num_355732.jpg,MagneticTile/ds/ann/exp6_num_355732.jpg.json,486,387,486,387,1,1.2558,False,0,none,none,0,0.0,0,0,,Negative,0.0,,,,,OK,False
mt_exp6_num_356817,MagneticTile,all,train,MagneticTile/ds/img/exp6_num_356817.jpg,MagneticTile/ds/ann/exp6_num_356817.jpg.json,513,381,513,381,1,1.3465,True,1,break,break,622,0.3182,1,622,622,Small,172.71,444,352,508,370,OK,True
mt_exp6_num_358179,MagneticTile,all,train,MagneticTile/ds/img/exp6_num_358179.jpg,MagneticTile/ds/ann/exp6_num_358179.jpg.json,484,382,484,382,1,1.267,False,0,none,none,0,0.0,0,0,,Negative,0.0,,,,,OK,False
mt_exp6_num_359029,MagneticTile,all,test,MagneticTile/ds/img/exp6_num_359029.jpg,MagneticTile/ds/ann/exp6_num_359029.jpg.json,488,371,488,371,1,1.3154,False,0,none,none,0,0.0,0,0,,Negative,0.0,,,,,OK,False
mt_exp6_num_359542,MagneticTile,all,val,MagneticTile/ds/img/exp6_num_359542.jpg,MagneticTile/ds/ann/exp6_num_359542.jpg.json,506,373,506,373,1,1.3566,False,0,none,none,0,0.0,0,0,,Negative,0.0,,,,,OK,False
mt_exp6_num_3620,MagneticTile,all,val,MagneticTile/ds/img/exp6_num_3620.jpg,MagneticTile/ds/ann/exp6_num_3620.jpg.json,125,276,125,276,1,0.4529,False,0,none,none,0,0.0,0,0,,Negative,0.0,,,,,OK,False
mt_exp6_num_36280,MagneticTile,all,train,MagneticTile/ds/img/exp6_num_36280.jpg,MagneticTile/ds/ann/exp6_num_36280.jpg.json,113,287,113,287,1,0.3937,True,1,blowhole,blowhole,232,0.7154,1,232,232,Small,67.11,58,87,75,109,OK,True
mt_exp6_num_37098,MagneticTile,all,val,MagneticTile/ds/img/exp6_num_37098.jpg,MagneticTile/ds/ann/exp6_num_37098.jpg.json,127,284,127,284,1,0.4472,False,0,none,none,0,0.0,0,0,,Negative,0.0,,,,,OK,False
mt_exp6_num_37354,MagneticTile,all,val,MagneticTile/ds/img/exp6_num_37354.jpg,MagneticTile/ds/ann/exp6_num_37354.jpg.json,525,327,525,327,1,1.6055,False,0,none,none,0,0.0,0,0,,Negative,0.0,,,,,OK,False
mt_exp6_num_37675,MagneticTile,all,train,MagneticTile/ds/img/exp6_num_37675.jpg,MagneticTile/ds/ann/exp6_num_37675.jpg.json,120,283,120,283,1,0.424,False,0,none,none,0,0.0,0,0,,Negative,0.0,,,,,OK,False
mt_exp6_num_3789,MagneticTile,all,test,MagneticTile/ds/img/exp6_num_3789.jpg,MagneticTile/ds/ann/exp6_num_3789.jpg.json,469,366,469,366,1,1.2814,True,1,blowhole,blowhole,164,0.0955,1,164,164,Small,47.8,279,52,293,65,OK,True
mt_exp6_num_38098,MagneticTile,all,train,MagneticTile/ds/img/exp6_num_38098.jpg,MagneticTile/ds/ann/exp6_num_38098.jpg.json,527,314,527,314,1,1.6783,False,0,none,none,0,0.0,0,0,,Negative,0.0,,,,,OK,False
mt_exp6_num_39559,MagneticTile,all,train,MagneticTile/ds/img/exp6_num_39559.jpg,MagneticTile/ds/ann/exp6_num_39559.jpg.json,124,284,124,284,1,0.4366,False,0,none,none,0,0.0,0,0,,Negative,0.0,,,,,OK,False
mt_exp6_num_3981,MagneticTile,all,test,MagneticTile/ds/img/exp6_num_3981.jpg,MagneticTile/ds/ann/exp6_num_3981.jpg.json,127,274,127,274,1,0.4635,False,0,none,none,0,0.0,0,0,,Negative,0.0,,,,,OK,False
mt_exp6_num_40515,MagneticTile,all,val,MagneticTile/ds/img/exp6_num_40515.jpg,MagneticTile/ds/ann/exp6_num_40515.jpg.json,118,289,118,289,1,0.4083,True,1,blowhole,blowhole,118,0.346,1,118,118,Small,43.21,45,140,60,149,OK,True
mt_exp6_num_43955,MagneticTile,all,train,MagneticTile/ds/img/exp6_num_43955.jpg,MagneticTile/ds/ann/exp6_num_43955.jpg.json,525,336,525,336,1,1.5625,False,0,none,none,0,0.0,0,0,,Negative,0.0,,,,,OK,False
mt_exp6_num_45116,MagneticTile,all,val,MagneticTile/ds/img/exp6_num_45116.jpg,MagneticTile/ds/ann/exp6_num_45116.jpg.json,502,319,502,319,1,1.5737,True,1,uneven,uneven,30349,18.9518,1,30349,30349,Large,868.01,0,221,342,318,OK,True
mt_exp6_num_4841,MagneticTile,all,train,MagneticTile/ds/img/exp6_num_4841.jpg,MagneticTile/ds/ann/exp6_num_4841.jpg.json,122,288,122,288,1,0.4236,True,1,blowhole,blowhole,149,0.4241,1,149,149,Small,50.04,22,261,38,273,OK,True
mt_exp6_num_50468,MagneticTile,all,train,MagneticTile/ds/img/exp6_num_50468.jpg,MagneticTile/ds/ann/exp6_num_50468.jpg.json,525,310,525,310,1,1.6935,False,0,none,none,0,0.0,0,0,,Negative,0.0,,,,,OK,False
mt_exp6_num_5106,MagneticTile,all,val,MagneticTile/ds/img/exp6_num_5106.jpg,MagneticTile/ds/ann/exp6_num_5106.jpg.json,121,283,121,283,1,0.4276,True,1,blowhole,blowhole,102,0.2979,1,102,102,Small,53.11,54,242,73,254,OK,True
mt_exp6_num_51154,MagneticTile,all,train,MagneticTile/ds/img/exp6_num_51154.jpg,MagneticTile/ds/ann/exp6_num_51154.jpg.json,532,320,532,320,1,1.6625,False,0,none,none,0,0.0,0,0,,Negative,0.0,,,,,OK,False
mt_exp6_num_51771,MagneticTile,all,train,MagneticTile/ds/img/exp6_num_51771.jpg,MagneticTile/ds/ann/exp6_num_51771.jpg.json,119,283,119,283,1,0.4205,True,1,blowhole,blowhole,74,0.2197,1,74,74,Small,34.73,37,30,49,38,OK,True
mt_exp6_num_52784,MagneticTile,all,test,MagneticTile/ds/img/exp6_num_52784.jpg,MagneticTile/ds/ann/exp6_num_52784.jpg.json,124,292,124,292,1,0.4247,False,0,none,none,0,0.0,0,0,,Negative,0.0,,,,,OK,False
mt_exp6_num_53080,MagneticTile,all,test,MagneticTile/ds/img/exp6_num_53080.jpg,MagneticTile/ds/ann/exp6_num_53080.jpg.json,526,334,526,334,1,1.5749,False,0,none,none,0,0.0,0,0,,Negative,0.0,,,,,OK,False
mt_exp6_num_54271,MagneticTile,all,train,MagneticTile/ds/img/exp6_num_54271.jpg,MagneticTile/ds/ann/exp6_num_54271.jpg.json,533,322,533,322,1,1.6553,False,0,none,none,0,0.0,0,0,,Negative,0.0,,,,,OK,False
mt_exp6_num_54366,MagneticTile,all,train,MagneticTile/ds/img/exp6_num_54366.jpg,MagneticTile/ds/ann/exp6_num_54366.jpg.json,125,276,125,276,1,0.4529,True,1,blowhole,blowhole,186,0.5391,1,186,186,Small,59.46,31,25,43,45,OK,True
mt_exp6_num_55020,MagneticTile,all,train,MagneticTile/ds/img/exp6_num_55020.jpg,MagneticTile/ds/ann/exp6_num_55020.jpg.json,137,289,137,289,1,0.474,False,0,none,none,0,0.0,0,0,,Negative,0.0,,,,,OK,False
mt_exp6_num_5892,MagneticTile,all,test,MagneticTile/ds/img/exp6_num_5892.jpg,MagneticTile/ds/ann/exp6_num_5892.jpg.json,515,330,515,330,1,1.5606,False,0,none,none,0,0.0,0,0,,Negative,0.0,,,,,OK,False
mt_exp6_num_61501,MagneticTile,all,train,MagneticTile/ds/img/exp6_num_61501.jpg,MagneticTile/ds/ann/exp6_num_61501.jpg.json,131,287,131,287,1,0.4564,False,0,none,none,0,0.0,0,0,,Negative,0.0,,,,,OK,False
mt_exp6_num_62649,MagneticTile,all,train,MagneticTile/ds/img/exp6_num_62649.jpg,MagneticTile/ds/ann/exp6_num_62649.jpg.json,115,291,115,291,1,0.3952,True,1,break,break,1685,5.0351,1,1685,1685,Medium,194.43,73,0,103,69,OK,True
mt_exp6_num_628,MagneticTile,all,train,MagneticTile/ds/img/exp6_num_628.jpg,MagneticTile/ds/ann/exp6_num_628.jpg.json,120,293,120,293,1,0.4096,True,1,uneven,uneven,8886,25.273,1,8886,8886,Large,399.15,0,0,119,78,OK,True
mt_exp6_num_65067,MagneticTile,all,train,MagneticTile/ds/img/exp6_num_65067.jpg,MagneticTile/ds/ann/exp6_num_65067.jpg.json,520,331,520,331,1,1.571,False,0,none,none,0,0.0,0,0,,Negative,0.0,,,,,OK,False
mt_exp6_num_6600,MagneticTile,all,train,MagneticTile/ds/img/exp6_num_6600.jpg,MagneticTile/ds/ann/exp6_num_6600.jpg.json,507,376,507,376,1,1.3484,False,0,none,none,0,0.0,0,0,,Negative,0.0,,,,,OK,False
mt_exp6_num_6634,MagneticTile,all,test,MagneticTile/ds/img/exp6_num_6634.jpg,MagneticTile/ds/ann/exp6_num_6634.jpg.json,128,288,128,288,1,0.4444,False,0,none,none,0,0.0,0,0,,Negative,0.0,,,,,OK,False
mt_exp6_num_68465,MagneticTile,all,train,MagneticTile/ds/img/exp6_num_68465.jpg,MagneticTile/ds/ann/exp6_num_68465.jpg.json,128,285,128,285,1,0.4491,False,0,none,none,0,0.0,0,0,,Negative,0.0,,,,,OK,False
mt_exp6_num_69923,MagneticTile,all,test,MagneticTile/ds/img/exp6_num_69923.jpg,MagneticTile/ds/ann/exp6_num_69923.jpg.json,131,277,131,277,1,0.4729,False,0,none,none,0,0.0,0,0,,Negative,0.0,,,,,OK,False
mt_exp6_num_70585,MagneticTile,all,train,MagneticTile/ds/img/exp6_num_70585.jpg,MagneticTile/ds/ann/exp6_num_70585.jpg.json,126,285,126,285,1,0.4421,False,0,none,none,0,0.0,0,0,,Negative,0.0,,,,,OK,False
mt_exp6_num_7102,MagneticTile,all,train,MagneticTile/ds/img/exp6_num_7102.jpg,MagneticTile/ds/ann/exp6_num_7102.jpg.json,479,372,479,372,1,1.2876,True,1,blowhole,blowhole,215,0.1207,1,215,215,Small,61.94,349,272,365,287,OK,True
mt_exp6_num_71297,MagneticTile,all,test,MagneticTile/ds/img/exp6_num_71297.jpg,MagneticTile/ds/ann/exp6_num_71297.jpg.json,125,284,125,284,1,0.4401,False,0,none,none,0,0.0,0,0,,Negative,0.0,,,,,OK,False
mt_exp6_num_75343,MagneticTile,all,train,MagneticTile/ds/img/exp6_num_75343.jpg,MagneticTile/ds/ann/exp6_num_75343.jpg.json,599,258,599,258,1,2.3217,False,0,none,none,0,0.0,0,0,,Negative,0.0,,,,,OK,False
mt_exp6_num_77744,MagneticTile,all,train,MagneticTile/ds/img/exp6_num_77744.jpg,MagneticTile/ds/ann/exp6_num_77744.jpg.json,606,240,606,240,1,2.525,True,2,fray,fray,13275,9.1275,2,10935,10935;2340,Large,912.62,0,26,604,239,OK,True
mt_exp6_num_8015,MagneticTile,all,train,MagneticTile/ds/img/exp6_num_8015.jpg,MagneticTile/ds/ann/exp6_num_8015.jpg.json,123,286,123,286,1,0.4301,False,0,none,none,0,0.0,0,0,,Negative,0.0,,,,,OK,False
mt_exp6_num_85665,MagneticTile,all,val,MagneticTile/ds/img/exp6_num_85665.jpg,MagneticTile/ds/ann/exp6_num_85665.jpg.json,594,242,594,242,1,2.4545,True,1,crack,crack,812,0.5649,1,812,812,Small,230.57,313,138,323,241,OK,True
mt_exp6_num_86064,MagneticTile,all,train,MagneticTile/ds/img/exp6_num_86064.jpg,MagneticTile/ds/ann/exp6_num_86064.jpg.json,594,242,594,242,1,2.4545,True,1,crack,crack,798,0.5551,1,798,798,Small,237.4,313,138,322,241,OK,True
mt_exp6_num_88201,MagneticTile,all,train,MagneticTile/ds/img/exp6_num_88201.jpg,MagneticTile/ds/ann/exp6_num_88201.jpg.json,594,242,594,242,1,2.4545,True,1,crack,crack,729,0.5071,1,729,729,Small,209.94,313,144,323,241,OK,True
mt_exp6_num_91131,MagneticTile,all,train,MagneticTile/ds/img/exp6_num_91131.jpg,MagneticTile/ds/ann/exp6_num_91131.jpg.json,606,248,606,248,1,2.4435,False,0,none,none,0,0.0,0,0,,Negative,0.0,,,,,OK,False
mt_exp6_num_9196,MagneticTile,all,val,MagneticTile/ds/img/exp6_num_9196.jpg,MagneticTile/ds/ann/exp6_num_9196.jpg.json,514,340,514,340,1,1.5118,False,0,none,none,0,0.0,0,0,,Negative,0.0,,,,,OK,False
mt_exp6_num_95059,MagneticTile,all,val,MagneticTile/ds/img/exp6_num_95059.jpg,MagneticTile/ds/ann/exp6_num_95059.jpg.json,614,248,614,248,1,2.4758,False,0,none,none,0,0.0,0,0,,Negative,0.0,,,,,OK,False
mt_exp6_num_9594,MagneticTile,all,train,MagneticTile/ds/img/exp6_num_9594.jpg,MagneticTile/ds/ann/exp6_num_9594.jpg.json,301,364,301,364,1,0.8269,True,1,blowhole,blowhole,138,0.126,1,138,138,Small,49.46,66,8,80,18,OK,True
mt_exp6_num_972,MagneticTile,all,val,MagneticTile/ds/img/exp6_num_972.jpg,MagneticTile/ds/ann/exp6_num_972.jpg.json,491,363,491,363,1,1.3526,True,1,fray,fray,496,0.2783,1,496,496,Small,105.11,454,340,488,362,OK,True
mt_exp6_num_98402,MagneticTile,all,train,MagneticTile/ds/img/exp6_num_98402.jpg,MagneticTile/ds/ann/exp6_num_98402.jpg.json,278,297,278,297,1,0.936,True,4,break,break,3319,4.0198,4,1492,1492;1144;478;205,Medium,705.75,17,0,264,295,OK,True
